/
/
2016
and
later
:
Unicode
Inc
.
and
others
.
/
/
License
&
terms
of
use
:
http
:
/
/
www
.
unicode
.
org
/
copyright
.
html
#
License
az
{
Version
{
"
36
.
1
"
}
zoneStrings
{
"
Africa
:
Abidjan
"
{
ec
{
"
Abican
"
}
}
"
Africa
:
Accra
"
{
ec
{
"
Akkra
"
}
}
"
Africa
:
Addis_Ababa
"
{
ec
{
"
ddis
b
b
"
}
}
"
Africa
:
Algiers
"
{
ec
{
"
lc
zair
"
}
}
"
Africa
:
Asmera
"
{
ec
{
"
sm
r
"
}
}
"
Africa
:
Bamako
"
{
ec
{
"
Bamako
"
}
}
"
Africa
:
Bangui
"
{
ec
{
"
Banqui
"
}
}
"
Africa
:
Banjul
"
{
ec
{
"
Bancul
"
}
}
"
Africa
:
Bissau
"
{
ec
{
"
Bissau
"
}
}
"
Africa
:
Blantyre
"
{
ec
{
"
Blantir
"
}
}
"
Africa
:
Brazzaville
"
{
ec
{
"
Brazzavil
"
}
}
"
Africa
:
Bujumbura
"
{
ec
{
"
Bujumbura
"
}
}
"
Africa
:
Cairo
"
{
ec
{
"
Qahir
"
}
}
"
Africa
:
Casablanca
"
{
ec
{
"
Kasablanka
"
}
}
"
Africa
:
Ceuta
"
{
ec
{
"
Seuta
"
}
}
"
Africa
:
Conakry
"
{
ec
{
"
Konakri
"
}
}
"
Africa
:
Dakar
"
{
ec
{
"
Dakar
"
}
}
"
Africa
:
Dar_es_Salaam
"
{
ec
{
"
Dar
es
Salam
"
}
}
"
Africa
:
Djibouti
"
{
ec
{
"
Cibuti
"
}
}
"
Africa
:
Douala
"
{
ec
{
"
Duala
"
}
}
"
Africa
:
El_Aaiun
"
{
ec
{
"
l
yun
"
}
}
"
Africa
:
Freetown
"
{
ec
{
"
Fritaun
"
}
}
"
Africa
:
Gaborone
"
{
ec
{
"
Qaboron
"
}
}
"
Africa
:
Harare
"
{
ec
{
"
Harare
"
}
}
"
Africa
:
Johannesburg
"
{
ec
{
"
Yohanesburq
"
}
}
"
Africa
:
Juba
"
{
ec
{
"
Juba
"
}
}
"
Africa
:
Kampala
"
{
ec
{
"
Kampala
"
}
}
"
Africa
:
Khartoum
"
{
ec
{
"
Xartum
"
}
}
"
Africa
:
Kigali
"
{
ec
{
"
Kiqali
"
}
}
"
Africa
:
Kinshasa
"
{
ec
{
"
Kin
asa
"
}
}
"
Africa
:
Lagos
"
{
ec
{
"
Laqos
"
}
}
"
Africa
:
Libreville
"
{
ec
{
"
Librevil
"
}
}
"
Africa
:
Lome
"
{
ec
{
"
Lome
"
}
}
"
Africa
:
Luanda
"
{
ec
{
"
Luanda
"
}
}
"
Africa
:
Lubumbashi
"
{
ec
{
"
Lubumba
i
"
}
}
"
Africa
:
Lusaka
"
{
ec
{
"
Lusaka
"
}
}
"
Africa
:
Malabo
"
{
ec
{
"
Malabo
"
}
}
"
Africa
:
Maputo
"
{
ec
{
"
Maputo
"
}
}
"
Africa
:
Maseru
"
{
ec
{
"
Maseru
"
}
}
"
Africa
:
Mbabane
"
{
ec
{
"
Mbabane
"
}
}
"
Africa
:
Mogadishu
"
{
ec
{
"
Moqadi
u
"
}
}
"
Africa
:
Monrovia
"
{
ec
{
"
Monrovia
"
}
}
"
Africa
:
Nairobi
"
{
ec
{
"
Nairobi
"
}
}
"
Africa
:
Ndjamena
"
{
ec
{
"
Ncamena
"
}
}
"
Africa
:
Niamey
"
{
ec
{
"
Niamey
"
}
}
"
Africa
:
Nouakchott
"
{
ec
{
"
Nouak
ot
"
}
}
"
Africa
:
Ouagadougou
"
{
ec
{
"
Uqaduqu
"
}
}
"
Africa
:
Porto
-
Novo
"
{
ec
{
"
Porto
-
Novo
"
}
}
"
Africa
:
Sao_Tome
"
{
ec
{
"
San
Tom
"
}
}
"
Africa
:
Tripoli
"
{
ec
{
"
Tripoli
"
}
}
"
Africa
:
Tunis
"
{
ec
{
"
Tunis
"
}
}
"
Africa
:
Windhoek
"
{
ec
{
"
Vindhuk
"
}
}
"
America
:
Adak
"
{
ec
{
"
Adak
"
}
}
"
America
:
Anchorage
"
{
ec
{
"
Ankorac
"
}
}
"
America
:
Anguilla
"
{
ec
{
"
Angilya
"
}
}
"
America
:
Antigua
"
{
ec
{
"
Antiqua
"
}
}
"
America
:
Araguaina
"
{
ec
{
"
Araguayna
"
}
}
"
America
:
Argentina
:
La_Rioja
"
{
ec
{
"
Rioxa
"
}
}
"
America
:
Argentina
:
Rio_Gallegos
"
{
ec
{
"
Rio
Qalyeqos
"
}
}
"
America
:
Argentina
:
Salta
"
{
ec
{
"
Salta
"
}
}
"
America
:
Argentina
:
San_Juan
"
{
ec
{
"
San
Xuan
"
}
}
"
America
:
Argentina
:
San_Luis
"
{
ec
{
"
San
Luis
"
}
}
"
America
:
Argentina
:
Tucuman
"
{
ec
{
"
Tukuman
"
}
}
"
America
:
Argentina
:
Ushuaia
"
{
ec
{
"
U
uaya
"
}
}
"
America
:
Aruba
"
{
ec
{
"
Aruba
"
}
}
"
America
:
Asuncion
"
{
ec
{
"
Asunsion
"
}
}
"
America
:
Bahia
"
{
ec
{
"
Bahiya
"
}
}
"
America
:
Bahia_Banderas
"
{
ec
{
"
Bahia
Banderas
"
}
}
"
America
:
Barbados
"
{
ec
{
"
Barbados
"
}
}
"
America
:
Belem
"
{
ec
{
"
Belem
"
}
}
"
America
:
Belize
"
{
ec
{
"
Beliz
"
}
}
"
America
:
Blanc
-
Sablon
"
{
ec
{
"
Blank
-
Sablon
"
}
}
"
America
:
Boa_Vista
"
{
ec
{
"
Boa
Vista
"
}
}
"
America
:
Bogota
"
{
ec
{
"
Boqota
"
}
}
"
America
:
Boise
"
{
ec
{
"
Boyse
"
}
}
"
America
:
Buenos_Aires
"
{
ec
{
"
Buenos
Ayres
"
}
}
"
America
:
Cambridge_Bay
"
{
ec
{
"
Kembric
K
rf
zi
"
}
}
"
America
:
Campo_Grande
"
{
ec
{
"
Kampo
Qrande
"
}
}
"
America
:
Cancun
"
{
ec
{
"
Kankun
"
}
}
"
America
:
Caracas
"
{
ec
{
"
Karakas
"
}
}
"
America
:
Catamarca
"
{
ec
{
"
Katamarka
"
}
}
"
America
:
Cayenne
"
{
ec
{
"
Kayen
"
}
}
"
America
:
Cayman
"
{
ec
{
"
Kayman
"
}
}
"
America
:
Chicago
"
{
ec
{
"
ikaqo
"
}
}
"
America
:
Chihuahua
"
{
ec
{
"
ihuahua
"
}
}
"
America
:
Coral_Harbour
"
{
ec
{
"
Atikokan
"
}
}
"
America
:
Cordoba
"
{
ec
{
"
Kordoba
"
}
}
"
America
:
Costa_Rica
"
{
ec
{
"
Kosta
Rika
"
}
}
"
America
:
Creston
"
{
ec
{
"
Kreston
"
}
}
"
America
:
Cuiaba
"
{
ec
{
"
Kuyaba
"
}
}
"
America
:
Curacao
"
{
ec
{
"
Kurasao
"
}
}
"
America
:
Danmarkshavn
"
{
ec
{
"
Danmark
avn
"
}
}
"
America
:
Dawson
"
{
ec
{
"
Douson
"
}
}
"
America
:
Dawson_Creek
"
{
ec
{
"
Douson
Krik
"
}
}
"
America
:
Denver
"
{
ec
{
"
Denver
"
}
}
"
America
:
Detroit
"
{
ec
{
"
Detroyt
"
}
}
"
America
:
Dominica
"
{
ec
{
"
Dominika
"
}
}
"
America
:
Edmonton
"
{
ec
{
"
Edmondton
"
}
}
"
America
:
Eirunepe
"
{
ec
{
"
runepe
"
}
}
"
America
:
El_Salvador
"
{
ec
{
"
Salvador
"
}
}
"
America
:
Fort_Nelson
"
{
ec
{
"
Fort
Nelson
"
}
}
"
America
:
Fortaleza
"
{
ec
{
"
Fortaleza
"
}
}
"
America
:
Glace_Bay
"
{
ec
{
"
Qleys
K
rf
zi
"
}
}
"
America
:
Godthab
"
{
ec
{
"
Nuuk
"
}
}
"
America
:
Goose_Bay
"
{
ec
{
"
Quz
K
rf
zi
"
}
}
"
America
:
Grand_Turk
"
{
ec
{
"
Qrand
Turk
"
}
}
"
America
:
Grenada
"
{
ec
{
"
Qrenada
"
}
}
"
America
:
Guadeloupe
"
{
ec
{
"
Qvadelupa
"
}
}
"
America
:
Guatemala
"
{
ec
{
"
Qvatemala
"
}
}
"
America
:
Guayaquil
"
{
ec
{
"
Quayakil
"
}
}
"
America
:
Guyana
"
{
ec
{
"
Qayana
"
}
}
"
America
:
Halifax
"
{
ec
{
"
Halifaks
"
}
}
"
America
:
Havana
"
{
ec
{
"
Havana
"
}
}
"
America
:
Hermosillo
"
{
ec
{
"
Hermosilo
"
}
}
"
America
:
Indiana
:
Knox
"
{
ec
{
"
Noks
"
}
}
"
America
:
Indiana
:
Marengo
"
{
ec
{
"
Marenqo
"
}
}
"
America
:
Indiana
:
Petersburg
"
{
ec
{
"
Pitersburq
"
}
}
"
America
:
Indiana
:
Tell_City
"
{
ec
{
"
Tell
"
}
}
"
America
:
Indiana
:
Vevay
"
{
ec
{
"
Vivey
"
}
}
"
America
:
Indiana
:
Vincennes
"
{
ec
{
"
Vinsen
"
}
}
"
America
:
Indiana
:
Winamac
"
{
ec
{
"
Vinamak
"
}
}
"
America
:
Indianapolis
"
{
ec
{
"
ndianapolis
"
}
}
"
America
:
Inuvik
"
{
ec
{
"
nuvik
"
}
}
"
America
:
Iqaluit
"
{
ec
{
"
qaluit
"
}
}
"
America
:
Jamaica
"
{
ec
{
"
Yamayka
"
}
}
"
America
:
Jujuy
"
{
ec
{
"
Jujuy
"
}
}
"
America
:
Juneau
"
{
ec
{
"
Cuno
"
}
}
"
America
:
Kentucky
:
Monticello
"
{
ec
{
"
Monti
ello
"
}
}
"
America
:
Kralendijk
"
{
ec
{
"
Kralendik
"
}
}
"
America
:
La_Paz
"
{
ec
{
"
La
Pas
"
}
}
"
America
:
Lima
"
{
ec
{
"
Lima
"
}
}
"
America
:
Los_Angeles
"
{
ec
{
"
Los
Anceles
"
}
}
"
America
:
Louisville
"
{
ec
{
"
Luisvil
"
}
}
"
America
:
Lower_Princes
"
{
ec
{
"
A
a
Prins
Kvartal
"
}
}
"
America
:
Maceio
"
{
ec
{
"
Maseyo
"
}
}
"
America
:
Managua
"
{
ec
{
"
Manaqua
"
}
}
"
America
:
Manaus
"
{
ec
{
"
Manaus
"
}
}
"
America
:
Marigot
"
{
ec
{
"
Mariqot
"
}
}
"
America
:
Martinique
"
{
ec
{
"
Martinik
"
}
}
"
America
:
Matamoros
"
{
ec
{
"
Matamoros
"
}
}
"
America
:
Mazatlan
"
{
ec
{
"
Mazaltan
"
}
}
"
America
:
Mendoza
"
{
ec
{
"
Mendoza
"
}
}
"
America
:
Menominee
"
{
ec
{
"
Menomini
"
}
}
"
America
:
Merida
"
{
ec
{
"
Merida
"
}
}
"
America
:
Metlakatla
"
{
ec
{
"
Metlakatla
"
}
}
"
America
:
Mexico_City
"
{
ec
{
"
Mexiko
"
}
}
"
America
:
Miquelon
"
{
ec
{
"
Mikelon
"
}
}
"
America
:
Moncton
"
{
ec
{
"
Monkton
"
}
}
"
America
:
Monterrey
"
{
ec
{
"
Monterey
"
}
}
"
America
:
Montevideo
"
{
ec
{
"
Montevideo
"
}
}
"
America
:
Montserrat
"
{
ec
{
"
Monserat
"
}
}
"
America
:
Nassau
"
{
ec
{
"
Nassau
"
}
}
"
America
:
New_York
"
{
ec
{
"
Nyu
York
"
}
}
"
America
:
Nipigon
"
{
ec
{
"
Nipiqon
"
}
}
"
America
:
Nome
"
{
ec
{
"
Nom
"
}
}
"
America
:
Noronha
"
{
ec
{
"
Noronya
"
}
}
"
America
:
North_Dakota
:
Beulah
"
{
ec
{
"
Beulah
imali
Dakota
"
}
}
"
America
:
North_Dakota
:
Center
"
{
ec
{
"
M
rk
z
imal
Dakota
"
}
}
"
America
:
North_Dakota
:
New_Salem
"
{
ec
{
"
Nyu
Salem
"
}
}
"
America
:
Ojinaga
"
{
ec
{
"
Ocinaqa
"
}
}
"
America
:
Panama
"
{
ec
{
"
Panama
"
}
}
"
America
:
Pangnirtung
"
{
ec
{
"
Panqnirtanq
"
}
}
"
America
:
Paramaribo
"
{
ec
{
"
Paramaribo
"
}
}
"
America
:
Phoenix
"
{
ec
{
"
Feniks
"
}
}
"
America
:
Port
-
au
-
Prince
"
{
ec
{
"
Port
-
o
-
Prins
"
}
}
"
America
:
Port_of_Spain
"
{
ec
{
"
span
Liman
"
}
}
"
America
:
Porto_Velho
"
{
ec
{
"
Porto
Velyo
"
}
}
"
America
:
Puerto_Rico
"
{
ec
{
"
Puerto
Riko
"
}
}
"
America
:
Punta_Arenas
"
{
ec
{
"
Punta
Arenas
"
}
}
"
America
:
Rainy_River
"
{
ec
{
"
Reyni
ay
"
}
}
"
America
:
Rankin_Inlet
"
{
ec
{
"
Rankin
Giri
i
"
}
}
"
America
:
Recife
"
{
ec
{
"
Resif
"
}
}
"
America
:
Regina
"
{
ec
{
"
Recina
"
}
}
"
America
:
Resolute
"
{
ec
{
"
Rezolyut
"
}
}
"
America
:
Rio_Branco
"
{
ec
{
"
Rio
Branko
"
}
}
"
America
:
Santa_Isabel
"
{
ec
{
"
Santa
zabel
"
}
}
"
America
:
Santarem
"
{
ec
{
"
Santarem
"
}
}
"
America
:
Santiago
"
{
ec
{
"
Santyaqo
"
}
}
"
America
:
Santo_Domingo
"
{
ec
{
"
Santo
Dominqo
"
}
}
"
America
:
Sao_Paulo
"
{
ec
{
"
San
Paulo
"
}
}
"
America
:
Scoresbysund
"
{
ec
{
"
Skoresbisund
"
}
}
"
America
:
Sitka
"
{
ec
{
"
Sitka
"
}
}
"
America
:
St_Barthelemy
"
{
ec
{
"
Sent
-
Bartelemi
"
}
}
"
America
:
St_Johns
"
{
ec
{
"
Sent
Cons
"
}
}
"
America
:
St_Kitts
"
{
ec
{
"
San
Kits
"
}
}
"
America
:
St_Lucia
"
{
ec
{
"
San
L
siya
"
}
}
"
America
:
St_Thomas
"
{
ec
{
"
San
Tomas
"
}
}
"
America
:
St_Vincent
"
{
ec
{
"
San
Vinsent
"
}
}
"
America
:
Swift_Current
"
{
ec
{
"
Svift
Kurent
"
}
}
"
America
:
Tegucigalpa
"
{
ec
{
"
Tequsiqalpa
"
}
}
"
America
:
Thule
"
{
ec
{
"
Tul
"
}
}
"
America
:
Thunder_Bay
"
{
ec
{
"
ld
r
m
K
rf
zi
"
}
}
"
America
:
Tijuana
"
{
ec
{
"
Tixuana
"
}
}
"
America
:
Toronto
"
{
ec
{
"
Toronto
"
}
}
"
America
:
Tortola
"
{
ec
{
"
Tortola
"
}
}
"
America
:
Vancouver
"
{
ec
{
"
Vankuver
"
}
}
"
America
:
Whitehorse
"
{
ec
{
"
Uaythors
"
}
}
"
America
:
Winnipeg
"
{
ec
{
"
Vinnipeq
"
}
}
"
America
:
Yakutat
"
{
ec
{
"
Yakutat
"
}
}
"
America
:
Yellowknife
"
{
ec
{
"
Yellounayf
"
}
}
"
Antarctica
:
Casey
"
{
ec
{
"
Keysi
"
}
}
"
Antarctica
:
Davis
"
{
ec
{
"
Deyvis
"
}
}
"
Antarctica
:
DumontDUrville
"
{
ec
{
"
Dumont
d
Urvil
"
}
}
"
Antarctica
:
Macquarie
"
{
ec
{
"
Makuari
"
}
}
"
Antarctica
:
Mawson
"
{
ec
{
"
Mouson
"
}
}
"
Antarctica
:
McMurdo
"
{
ec
{
"
Mak
Murdo
"
}
}
"
Antarctica
:
Palmer
"
{
ec
{
"
Palmer
"
}
}
"
Antarctica
:
Rothera
"
{
ec
{
"
Rothera
"
}
}
"
Antarctica
:
Syowa
"
{
ec
{
"
Syova
"
}
}
"
Antarctica
:
Troll
"
{
ec
{
"
Troll
"
}
}
"
Antarctica
:
Vostok
"
{
ec
{
"
Vostok
"
}
}
"
Arctic
:
Longyearbyen
"
{
ec
{
"
Lonqyir
"
}
}
"
Asia
:
Aden
"
{
ec
{
"
Aden
"
}
}
"
Asia
:
Almaty
"
{
ec
{
"
Almat
"
}
}
"
Asia
:
Amman
"
{
ec
{
"
Amman
"
}
}
"
Asia
:
Anadyr
"
{
ec
{
"
Anad
r
"
}
}
"
Asia
:
Aqtau
"
{
ec
{
"
Aktau
"
}
}
"
Asia
:
Aqtobe
"
{
ec
{
"
Aqtobe
"
}
}
"
Asia
:
Ashgabat
"
{
ec
{
"
A
qabat
"
}
}
"
Asia
:
Atyrau
"
{
ec
{
"
At
rau
"
}
}
"
Asia
:
Baghdad
"
{
ec
{
"
Ba
dad
"
}
}
"
Asia
:
Bahrain
"
{
ec
{
"
B
hreyn
"
}
}
"
Asia
:
Baku
"
{
ec
{
"
Bak
"
}
}
"
Asia
:
Bangkok
"
{
ec
{
"
Banqkok
"
}
}
"
Asia
:
Barnaul
"
{
ec
{
"
Barnaul
"
}
}
"
Asia
:
Beirut
"
{
ec
{
"
Beyrut
"
}
}
"
Asia
:
Bishkek
"
{
ec
{
"
Bi
kek
"
}
}
"
Asia
:
Brunei
"
{
ec
{
"
Bruney
"
}
}
"
Asia
:
Calcutta
"
{
ec
{
"
K
lk
t
"
}
}
"
Asia
:
Chita
"
{
ec
{
"
ita
"
}
}
"
Asia
:
Choibalsan
"
{
ec
{
"
oybalsan
"
}
}
"
Asia
:
Colombo
"
{
ec
{
"
Kolombo
"
}
}
"
Asia
:
Damascus
"
{
ec
{
"
D
m
q
"
}
}
"
Asia
:
Dhaka
"
{
ec
{
"
D
kk
"
}
}
"
Asia
:
Dili
"
{
ec
{
"
Dili
"
}
}
"
Asia
:
Dubai
"
{
ec
{
"
Dubay
"
}
}
"
Asia
:
Dushanbe
"
{
ec
{
"
D
nb
"
}
}
"
Asia
:
Famagusta
"
{
ec
{
"
Famaqusta
"
}
}
"
Asia
:
Gaza
"
{
ec
{
"
Q
za
"
}
}
"
Asia
:
Hebron
"
{
ec
{
"
Hebron
"
}
}
"
Asia
:
Hong_Kong
"
{
ec
{
"
Honq
Konq
"
}
}
"
Asia
:
Hovd
"
{
ec
{
"
Hovd
"
}
}
"
Asia
:
Irkutsk
"
{
ec
{
"
rkutsk
"
}
}
"
Asia
:
Jakarta
"
{
ec
{
"
Cakarta
"
}
}
"
Asia
:
Jayapura
"
{
ec
{
"
Cayapura
"
}
}
"
Asia
:
Jerusalem
"
{
ec
{
"
Yerus
lim
"
}
}
"
Asia
:
Kabul
"
{
ec
{
"
Kabil
"
}
}
"
Asia
:
Kamchatka
"
{
ec
{
"
Kam
atka
"
}
}
"
Asia
:
Karachi
"
{
ec
{
"
Kara
i
"
}
}
"
Asia
:
Katmandu
"
{
ec
{
"
Katmandu
"
}
}
"
Asia
:
Khandyga
"
{
ec
{
"
Xand
qa
"
}
}
"
Asia
:
Krasnoyarsk
"
{
ec
{
"
Krasnoyarsk
"
}
}
"
Asia
:
Kuala_Lumpur
"
{
ec
{
"
Kuala
Lumpur
"
}
}
"
Asia
:
Kuching
"
{
ec
{
"
Ku
inq
"
}
}
"
Asia
:
Kuwait
"
{
ec
{
"
K
veyt
"
}
}
"
Asia
:
Macau
"
{
ec
{
"
Makao
"
}
}
"
Asia
:
Magadan
"
{
ec
{
"
Maqadan
"
}
}
"
Asia
:
Makassar
"
{
ec
{
"
Makasar
"
}
}
"
Asia
:
Manila
"
{
ec
{
"
Manila
"
}
}
"
Asia
:
Muscat
"
{
ec
{
"
Muskat
"
}
}
"
Asia
:
Nicosia
"
{
ec
{
"
Nikosiya
"
}
}
"
Asia
:
Novokuznetsk
"
{
ec
{
"
Novokuznetsk
"
}
}
"
Asia
:
Novosibirsk
"
{
ec
{
"
Novosibirsk
"
}
}
"
Asia
:
Omsk
"
{
ec
{
"
Omsk
"
}
}
"
Asia
:
Oral
"
{
ec
{
"
Oral
"
}
}
"
Asia
:
Phnom_Penh
"
{
ec
{
"
Pnom
Pen
"
}
}
"
Asia
:
Pontianak
"
{
ec
{
"
Pontianak
"
}
}
"
Asia
:
Pyongyang
"
{
ec
{
"
Pxenyan
"
}
}
"
Asia
:
Qatar
"
{
ec
{
"
Qatar
"
}
}
"
Asia
:
Qyzylorda
"
{
ec
{
"
Q
z
lorda
"
}
}
"
Asia
:
Rangoon
"
{
ec
{
"
Ranqun
"
}
}
"
Asia
:
Riyadh
"
{
ec
{
"
Riyad
"
}
}
"
Asia
:
Saigon
"
{
ec
{
"
Ho
i
Min
"
}
}
"
Asia
:
Sakhalin
"
{
ec
{
"
Saxalin
"
}
}
"
Asia
:
Samarkand
"
{
ec
{
"
S
m
rq
nd
"
}
}
"
Asia
:
Seoul
"
{
ec
{
"
Seul
"
}
}
"
Asia
:
Shanghai
"
{
ec
{
"
anxay
"
}
}
"
Asia
:
Singapore
"
{
ec
{
"
Sinqapur
"
}
}
"
Asia
:
Srednekolymsk
"
{
ec
{
"
Srednekol
msk
"
}
}
"
Asia
:
Taipei
"
{
ec
{
"
Taybey
"
}
}
"
Asia
:
Tashkent
"
{
ec
{
"
Da
k
nd
"
}
}
"
Asia
:
Tbilisi
"
{
ec
{
"
Tbilisi
"
}
}
"
Asia
:
Tehran
"
{
ec
{
"
Tehran
"
}
}
"
Asia
:
Thimphu
"
{
ec
{
"
Thimphu
"
}
}
"
Asia
:
Tokyo
"
{
ec
{
"
Tokyo
"
}
}
"
Asia
:
Tomsk
"
{
ec
{
"
Tomsk
"
}
}
"
Asia
:
Ulaanbaatar
"
{
ec
{
"
Ulanbator
"
}
}
"
Asia
:
Urumqi
"
{
ec
{
"
Urum
i
"
}
}
"
Asia
:
Ust
-
Nera
"
{
ec
{
"
Ust
-
Nera
"
}
}
"
Asia
:
Vientiane
"
{
ec
{
"
Vyentyan
"
}
}
"
Asia
:
Vladivostok
"
{
ec
{
"
Vladivostok
"
}
}
"
Asia
:
Yakutsk
"
{
ec
{
"
Yakutsk
"
}
}
"
Asia
:
Yekaterinburg
"
{
ec
{
"
Yekaterinburq
"
}
}
"
Asia
:
Yerevan
"
{
ec
{
"
Yerevan
"
}
}
"
Atlantic
:
Azores
"
{
ec
{
"
Azor
"
}
}
"
Atlantic
:
Bermuda
"
{
ec
{
"
Bermud
adalar
"
}
}
"
Atlantic
:
Canary
"
{
ec
{
"
Kanar
"
}
}
"
Atlantic
:
Cape_Verde
"
{
ec
{
"
Kape
Verde
"
}
}
"
Atlantic
:
Faeroe
"
{
ec
{
"
Farer
"
}
}
"
Atlantic
:
Madeira
"
{
ec
{
"
Madeyra
"
}
}
"
Atlantic
:
Reykjavik
"
{
ec
{
"
Reykyavik
"
}
}
"
Atlantic
:
South_Georgia
"
{
ec
{
"
C
nubi
Corciya
"
}
}
"
Atlantic
:
St_Helena
"
{
ec
{
"
M
q
dd
s
Yelena
"
}
}
"
Atlantic
:
Stanley
"
{
ec
{
"
Stenli
"
}
}
"
Australia
:
Adelaide
"
{
ec
{
"
Adelaida
"
}
}
"
Australia
:
Brisbane
"
{
ec
{
"
Brisbeyn
"
}
}
"
Australia
:
Broken_Hill
"
{
ec
{
"
Broken
Hill
"
}
}
"
Australia
:
Currie
"
{
ec
{
"
Kuriye
"
}
}
"
Australia
:
Darwin
"
{
ec
{
"
Darvin
"
}
}
"
Australia
:
Eucla
"
{
ec
{
"
Yukla
"
}
}
"
Australia
:
Hobart
"
{
ec
{
"
Hobart
"
}
}
"
Australia
:
Lindeman
"
{
ec
{
"
Lindeman
"
}
}
"
Australia
:
Lord_Howe
"
{
ec
{
"
Lord
Hau
"
}
}
"
Australia
:
Melbourne
"
{
ec
{
"
Melburn
"
}
}
"
Australia
:
Perth
"
{
ec
{
"
Pert
"
}
}
"
Australia
:
Sydney
"
{
ec
{
"
Sidney
"
}
}
"
Etc
:
UTC
"
{
ls
{
"
Koordinasiya
edilmi
mumd
nya
vaxt
"
}
}
"
Etc
:
Unknown
"
{
ec
{
"
Nam
lum
h
r
"
}
}
"
Europe
:
Amsterdam
"
{
ec
{
"
Amsterdam
"
}
}
"
Europe
:
Andorra
"
{
ec
{
"
Andorra
"
}
}
"
Europe
:
Astrakhan
"
{
ec
{
"
H
t
rxan
"
}
}
"
Europe
:
Athens
"
{
ec
{
"
Afina
"
}
}
"
Europe
:
Belgrade
"
{
ec
{
"
Belqrad
"
}
}
"
Europe
:
Berlin
"
{
ec
{
"
Berlin
"
}
}
"
Europe
:
Bratislava
"
{
ec
{
"
Bratislava
"
}
}
"
Europe
:
Brussels
"
{
ec
{
"
Br
ssel
"
}
}
"
Europe
:
Bucharest
"
{
ec
{
"
Buxarest
"
}
}
"
Europe
:
Budapest
"
{
ec
{
"
Budape
t
"
}
}
"
Europe
:
Busingen
"
{
ec
{
"
Busingen
"
}
}
"
Europe
:
Chisinau
"
{
ec
{
"
Ki
inyov
"
}
}
"
Europe
:
Copenhagen
"
{
ec
{
"
Kopenhagen
"
}
}
"
Europe
:
Dublin
"
{
ec
{
"
Dublin
"
}
ld
{
"
rlandiya
Yay
Vaxt
"
}
}
"
Europe
:
Gibraltar
"
{
ec
{
"
C
b
li
-
Tariq
"
}
}
"
Europe
:
Guernsey
"
{
ec
{
"
Gernzey
"
}
}
"
Europe
:
Helsinki
"
{
ec
{
"
Helsinki
"
}
}
"
Europe
:
Isle_of_Man
"
{
ec
{
"
Men
Adas
"
}
}
"
Europe
:
Istanbul
"
{
ec
{
"
stanbul
"
}
}
"
Europe
:
Jersey
"
{
ec
{
"
Cersi
"
}
}
"
Europe
:
Kaliningrad
"
{
ec
{
"
Kalininqrad
"
}
}
"
Europe
:
Kiev
"
{
ec
{
"
Kiyev
"
}
}
"
Europe
:
Kirov
"
{
ec
{
"
Kirov
"
}
}
"
Europe
:
Lisbon
"
{
ec
{
"
Lissabon
"
}
}
"
Europe
:
Ljubljana
"
{
ec
{
"
Lyublyana
"
}
}
"
Europe
:
London
"
{
ec
{
"
London
"
}
ld
{
"
Britaniya
Yay
Vaxt
"
}
}
"
Europe
:
Luxembourg
"
{
ec
{
"
L
ksemburq
"
}
}
"
Europe
:
Madrid
"
{
ec
{
"
Madrid
"
}
}
"
Europe
:
Malta
"
{
ec
{
"
Malta
"
}
}
"
Europe
:
Mariehamn
"
{
ec
{
"
Mariham
"
}
}
"
Europe
:
Minsk
"
{
ec
{
"
Minsk
"
}
}
"
Europe
:
Monaco
"
{
ec
{
"
Monako
"
}
}
"
Europe
:
Moscow
"
{
ec
{
"
Moskva
"
}
}
"
Europe
:
Oslo
"
{
ec
{
"
Oslo
"
}
}
"
Europe
:
Paris
"
{
ec
{
"
Paris
"
}
}
"
Europe
:
Podgorica
"
{
ec
{
"
Podqoritsa
"
}
}
"
Europe
:
Prague
"
{
ec
{
"
Praqa
"
}
}
"
Europe
:
Riga
"
{
ec
{
"
Riqa
"
}
}
"
Europe
:
Rome
"
{
ec
{
"
Roma
"
}
}
"
Europe
:
Samara
"
{
ec
{
"
Samara
"
}
}
"
Europe
:
San_Marino
"
{
ec
{
"
San
Marino
"
}
}
"
Europe
:
Sarajevo
"
{
ec
{
"
Sarayevo
"
}
}
"
Europe
:
Saratov
"
{
ec
{
"
Saratov
"
}
}
"
Europe
:
Simferopol
"
{
ec
{
"
Simferopol
"
}
}
"
Europe
:
Skopje
"
{
ec
{
"
Skopye
"
}
}
"
Europe
:
Sofia
"
{
ec
{
"
Sofiya
"
}
}
"
Europe
:
Stockholm
"
{
ec
{
"
Stokholm
"
}
}
"
Europe
:
Tallinn
"
{
ec
{
"
Tallin
"
}
}
"
Europe
:
Tirane
"
{
ec
{
"
Tirana
"
}
}
"
Europe
:
Ulyanovsk
"
{
ec
{
"
Ulyanovsk
"
}
}
"
Europe
:
Uzhgorod
"
{
ec
{
"
Ujqorod
"
}
}
"
Europe
:
Vaduz
"
{
ec
{
"
Vaduts
"
}
}
"
Europe
:
Vatican
"
{
ec
{
"
Vatikan
"
}
}
"
Europe
:
Vienna
"
{
ec
{
"
Vyana
"
}
}
"
Europe
:
Vilnius
"
{
ec
{
"
Viln
s
"
}
}
"
Europe
:
Volgograd
"
{
ec
{
"
Volqoqrad
"
}
}
"
Europe
:
Warsaw
"
{
ec
{
"
Var
ava
"
}
}
"
Europe
:
Zagreb
"
{
ec
{
"
Zaqreb
"
}
}
"
Europe
:
Zaporozhye
"
{
ec
{
"
Zaporojye
"
}
}
"
Europe
:
Zurich
"
{
ec
{
"
S
rix
"
}
}
"
Indian
:
Antananarivo
"
{
ec
{
"
Antananarivo
"
}
}
"
Indian
:
Chagos
"
{
ec
{
"
aqos
"
}
}
"
Indian
:
Christmas
"
{
ec
{
"
Milad
"
}
}
"
Indian
:
Cocos
"
{
ec
{
"
Kokos
"
}
}
"
Indian
:
Comoro
"
{
ec
{
"
Komoro
"
}
}
"
Indian
:
Kerguelen
"
{
ec
{
"
Kergelen
"
}
}
"
Indian
:
Mahe
"
{
ec
{
"
Mahe
"
}
}
"
Indian
:
Maldives
"
{
ec
{
"
Maldiv
"
}
}
"
Indian
:
Mauritius
"
{
ec
{
"
Mavriki
"
}
}
"
Indian
:
Mayotte
"
{
ec
{
"
Mayot
"
}
}
"
Indian
:
Reunion
"
{
ec
{
"
Reunion
"
}
}
"
Pacific
:
Apia
"
{
ec
{
"
Apia
"
}
}
"
Pacific
:
Auckland
"
{
ec
{
"
Okl
nd
"
}
}
"
Pacific
:
Bougainville
"
{
ec
{
"
Buqanvil
"
}
}
"
Pacific
:
Chatham
"
{
ec
{
"
atam
"
}
}
"
Pacific
:
Easter
"
{
ec
{
"
Pasxa
"
}
}
"
Pacific
:
Efate
"
{
ec
{
"
Efate
"
}
}
"
Pacific
:
Enderbury
"
{
ec
{
"
Enderb
ri
"
}
}
"
Pacific
:
Fakaofo
"
{
ec
{
"
Fakaofo
"
}
}
"
Pacific
:
Fiji
"
{
ec
{
"
Fici
"
}
}
"
Pacific
:
Funafuti
"
{
ec
{
"
Funafuti
"
}
}
"
Pacific
:
Galapagos
"
{
ec
{
"
Qalapaqos
"
}
}
"
Pacific
:
Gambier
"
{
ec
{
"
Qambiyer
"
}
}
"
Pacific
:
Guadalcanal
"
{
ec
{
"
Quadalkanal
"
}
}
"
Pacific
:
Guam
"
{
ec
{
"
Quam
"
}
}
"
Pacific
:
Honolulu
"
{
ec
{
"
Honolulu
"
}
}
"
Pacific
:
Johnston
"
{
ec
{
"
Conston
"
}
}
"
Pacific
:
Kiritimati
"
{
ec
{
"
Kirimati
"
}
}
"
Pacific
:
Kosrae
"
{
ec
{
"
Kosraye
"
}
}
"
Pacific
:
Kwajalein
"
{
ec
{
"
Kvajaleyn
"
}
}
"
Pacific
:
Majuro
"
{
ec
{
"
Macuro
"
}
}
"
Pacific
:
Marquesas
"
{
ec
{
"
Markesas
"
}
}
"
Pacific
:
Midway
"
{
ec
{
"
Midvey
"
}
}
"
Pacific
:
Nauru
"
{
ec
{
"
Nauru
"
}
}
"
Pacific
:
Niue
"
{
ec
{
"
Niue
"
}
}
"
Pacific
:
Norfolk
"
{
ec
{
"
Norfolk
"
}
}
"
Pacific
:
Noumea
"
{
ec
{
"
Noumea
"
}
}
"
Pacific
:
Pago_Pago
"
{
ec
{
"
Paqo
Paqo
"
}
}
"
Pacific
:
Palau
"
{
ec
{
"
Palau
"
}
}
"
Pacific
:
Pitcairn
"
{
ec
{
"
Pitkern
"
}
}
"
Pacific
:
Ponape
"
{
ec
{
"
Pohnpei
"
}
}
"
Pacific
:
Port_Moresby
"
{
ec
{
"
Port
Moresbi
"
}
}
"
Pacific
:
Rarotonga
"
{
ec
{
"
Rarotonqa
"
}
}
"
Pacific
:
Saipan
"
{
ec
{
"
Saypan
"
}
}
"
Pacific
:
Tahiti
"
{
ec
{
"
Tahiti
"
}
}
"
Pacific
:
Tarawa
"
{
ec
{
"
Tarava
"
}
}
"
Pacific
:
Tongatapu
"
{
ec
{
"
Tonqapatu
"
}
}
"
Pacific
:
Truk
"
{
ec
{
"
uuk
"
}
}
"
Pacific
:
Wake
"
{
ec
{
"
Veyk
"
}
}
"
Pacific
:
Wallis
"
{
ec
{
"
Uollis
"
}
}
"
meta
:
Afghanistan
"
{
ls
{
"
fqan
stan
Vaxt
"
}
}
"
meta
:
Africa_Central
"
{
ls
{
"
M
rk
zi
Afrika
Vaxt
"
}
}
"
meta
:
Africa_Eastern
"
{
ls
{
"
rqi
Afrika
Vaxt
"
}
}
"
meta
:
Africa_Southern
"
{
ls
{
"
C
nubi
Afrika
Vaxt
"
}
}
"
meta
:
Africa_Western
"
{
ld
{
"
Q
rbi
Afrika
Yay
Vaxt
"
}
lg
{
"
Q
rbi
Afrika
Vaxt
"
}
ls
{
"
Q
rbi
Afrika
Standart
Vaxt
"
}
}
"
meta
:
Alaska
"
{
ld
{
"
Alyaska
Yay
Vaxt
"
}
lg
{
"
Alyaska
Vaxt
"
}
ls
{
"
Alyaska
Standart
Vaxt
"
}
}
"
meta
:
Amazon
"
{
ld
{
"
Amazon
Yay
Vaxt
"
}
lg
{
"
Amazon
Vaxt
"
}
ls
{
"
Amazon
Standart
Vaxt
"
}
}
"
meta
:
America_Central
"
{
ld
{
"
imali
M
rk
zi
Amerika
Yay
Vaxt
"
}
lg
{
"
imali
M
rk
zi
Amerika
Vaxt
"
}
ls
{
"
imali
M
rk
zi
Amerika
Standart
Vaxt
"
}
}
"
meta
:
America_Eastern
"
{
ld
{
"
imali
rqi
Amerika
Yay
Vaxt
"
}
lg
{
"
imali
rqi
Amerika
Vaxt
"
}
ls
{
"
imali
rqi
Amerika
Standart
Vaxt
"
}
}
"
meta
:
America_Mountain
"
{
ld
{
"
imali
Da
l
q
Amerika
Yay
Vaxt
"
}
lg
{
"
imali
Da
l
q
Amerika
Vaxt
"
}
ls
{
"
imali
Da
l
q
Amerika
Standart
Vaxt
"
}
}
"
meta
:
America_Pacific
"
{
ld
{
"
imali
Amerika
Sakit
Okean
Yay
Vaxt
"
}
lg
{
"
imali
Amerika
Sakit
Okean
Vaxt
"
}
ls
{
"
imali
Amerika
Sakit
Okean
Standart
Vaxt
"
}
}
"
meta
:
Apia
"
{
ld
{
"
Apia
Yay
Vaxt
"
}
lg
{
"
Apia
Vaxt
"
}
ls
{
"
Apia
Standart
Vaxt
"
}
}
"
meta
:
Arabian
"
{
ld
{
"
r
bistan
Yay
Vaxt
"
}
lg
{
"
r
bistan
Vaxt
"
}
ls
{
"
r
bistan
Standart
Vaxt
"
}
}
"
meta
:
Argentina
"
{
ld
{
"
Argentina
Yay
Vaxt
"
}
lg
{
"
Argentina
Vaxt
"
}
ls
{
"
Argentina
Standart
Vaxt
"
}
}
"
meta
:
Argentina_Western
"
{
ld
{
"
Q
rbi
Argentina
Yay
Vaxt
"
}
lg
{
"
Q
rbi
Argentina
Vaxt
"
}
ls
{
"
Q
rbi
Argentina
Standart
Vaxt
"
}
}
"
meta
:
Armenia
"
{
ld
{
"
Erm
nistan
Yay
Vaxt
"
}
lg
{
"
Erm
nistan
Vaxt
"
}
ls
{
"
Erm
nistan
Standart
Vaxt
"
}
}
"
meta
:
Atlantic
"
{
ld
{
"
Atlantik
Yay
Vaxt
"
}
lg
{
"
Atlantik
Vaxt
"
}
ls
{
"
Atlantik
Standart
Vaxt
"
}
}
"
meta
:
Australia_Central
"
{
ld
{
"
M
rk
zi
Avstraliya
Yay
Vaxt
"
}
lg
{
"
M
rk
zi
Avstraliya
Vaxt
"
}
ls
{
"
M
rk
zi
Avstraliya
Standart
Vaxt
"
}
}
"
meta
:
Australia_CentralWestern
"
{
ld
{
"
M
rk
zi
Q
rbi
Avstraliya
Yay
Vaxt
"
}
lg
{
"
M
rk
zi
Q
rbi
Avstraliya
Vaxt
"
}
ls
{
"
M
rk
zi
Q
rbi
Avstraliya
Standart
Vaxt
"
}
}
"
meta
:
Australia_Eastern
"
{
ld
{
"
rqi
Avstraliya
Yay
Vaxt
"
}
lg
{
"
rqi
Avstraliya
Vaxt
"
}
ls
{
"
rqi
Avstraliya
Standart
Vaxt
"
}
}
"
meta
:
Australia_Western
"
{
ld
{
"
Q
rbi
Avstraliya
Yay
Vaxt
"
}
lg
{
"
Q
rbi
Avstraliya
Vaxt
"
}
ls
{
"
Q
rbi
Avstraliya
Standart
Vaxt
"
}
}
"
meta
:
Azerbaijan
"
{
ld
{
"
Az
rbaycan
Yay
Vaxt
"
}
lg
{
"
Az
rbaycan
Vaxt
"
}
ls
{
"
Az
rbaycan
Standart
Vaxt
"
}
}
"
meta
:
Azores
"
{
ld
{
"
Azor
Yay
Vaxt
"
}
lg
{
"
Azor
Vaxt
"
}
ls
{
"
Azor
Standart
Vaxt
"
}
}
"
meta
:
Bangladesh
"
{
ld
{
"
Banqlade
Yay
Vaxt
"
}
lg
{
"
Banqlade
Vaxt
"
}
ls
{
"
Banqlade
Standart
Vaxt
"
}
}
"
meta
:
Bhutan
"
{
ls
{
"
Butan
Vaxt
"
}
}
"
meta
:
Bolivia
"
{
ls
{
"
Boliviya
Vaxt
"
}
}
"
meta
:
Brasilia
"
{
ld
{
"
Braziliya
Yay
Vaxt
"
}
lg
{
"
Braziliya
Vaxt
"
}
ls
{
"
Braziliya
Standart
Vaxt
"
}
}
"
meta
:
Brunei
"
{
ls
{
"
Brunei
Darussalam
vaxt
"
}
}
"
meta
:
Cape_Verde
"
{
ld
{
"
Kape
Verde
Yay
Vaxt
"
}
lg
{
"
Kape
Verde
Vaxt
"
}
ls
{
"
Kape
Verde
Standart
Vaxt
"
}
}
"
meta
:
Chamorro
"
{
ls
{
"
amorro
Vaxt
"
}
}
"
meta
:
Chatham
"
{
ld
{
"
atham
Yay
Vaxt
"
}
lg
{
"
atham
Vaxt
"
}
ls
{
"
atham
Standart
Vaxt
"
}
}
"
meta
:
Chile
"
{
ld
{
"
ili
Yay
Vaxt
"
}
lg
{
"
ili
Vaxt
"
}
ls
{
"
ili
Standart
Vaxt
"
}
}
"
meta
:
China
"
{
ld
{
"
in
Yay
Vaxt
"
}
lg
{
"
in
Vaxt
"
}
ls
{
"
in
Standart
Vaxt
"
}
}
"
meta
:
Choibalsan
"
{
ld
{
"
oybalsan
Yay
Vaxt
"
}
lg
{
"
oybalsan
Vaxt
"
}
ls
{
"
oybalsan
Standart
Vaxt
"
}
}
"
meta
:
Christmas
"
{
ls
{
"
Milad
Adas
Vaxt
"
}
}
"
meta
:
Cocos
"
{
ls
{
"
Kokos
Adalar
Vaxt
"
}
}
"
meta
:
Colombia
"
{
ld
{
"
Kolumbiya
Yay
Vaxt
"
}
lg
{
"
Kolumbiya
Vaxt
"
}
ls
{
"
Kolumbiya
Standart
Vaxt
"
}
}
"
meta
:
Cook
"
{
ld
{
"
Kuk
Adalar
Yar
m
Yay
Vaxt
"
}
lg
{
"
Kuk
Adalar
Vaxt
"
}
ls
{
"
Kuk
Adalar
Standart
Vaxt
"
}
}
"
meta
:
Cuba
"
{
ld
{
"
Kuba
Yay
Vaxt
"
}
lg
{
"
Kuba
Vaxt
"
}
ls
{
"
Kuba
Standart
Vaxt
"
}
}
"
meta
:
Davis
"
{
ls
{
"
Devis
Vaxt
"
}
}
"
meta
:
DumontDUrville
"
{
ls
{
"
D
mon
-
d
rvil
Vaxt
"
}
}
"
meta
:
East_Timor
"
{
ls
{
"
rqi
Timor
Vaxt
"
}
}
"
meta
:
Easter
"
{
ld
{
"
Pasxa
Adas
Yay
Vaxt
"
}
lg
{
"
Pasxa
Adas
Vaxt
"
}
ls
{
"
Pasxa
Adas
Standart
Vaxt
"
}
}
"
meta
:
Ecuador
"
{
ls
{
"
Ekvador
Vaxt
"
}
}
"
meta
:
Europe_Central
"
{
ld
{
"
M
rk
zi
Avropa
Yay
Vaxt
"
}
lg
{
"
M
rk
zi
Avropa
Vaxt
"
}
ls
{
"
M
rk
zi
Avropa
Standart
Vaxt
"
}
}
"
meta
:
Europe_Eastern
"
{
ld
{
"
rqi
Avropa
Yay
Vaxt
"
}
lg
{
"
rqi
Avropa
Vaxt
"
}
ls
{
"
rqi
Avropa
Standart
Vaxt
"
}
}
"
meta
:
Europe_Further_Eastern
"
{
ls
{
"
K
nar
rqi
Avropa
Vaxt
"
}
}
"
meta
:
Europe_Western
"
{
ld
{
"
Q
rbi
Avropa
Yay
Vaxt
"
}
lg
{
"
Q
rbi
Avropa
Vaxt
"
}
ls
{
"
Q
rbi
Avropa
Standart
Vaxt
"
}
}
"
meta
:
Falkland
"
{
ld
{
"
Folklend
Adalar
Yay
Vaxt
"
}
lg
{
"
Folklend
Adalar
Vaxt
"
}
ls
{
"
Folklend
Adalar
Standart
Vaxt
"
}
}
"
meta
:
Fiji
"
{
ld
{
"
Fici
Yay
Vaxt
"
}
lg
{
"
Fici
Vaxt
"
}
ls
{
"
Fici
Standart
Vaxt
"
}
}
"
meta
:
French_Guiana
"
{
ls
{
"
Frans
z
Qvianas
Vaxt
"
}
}
"
meta
:
French_Southern
"
{
ls
{
"
Frans
z
C
nubi
v
Antarktik
Vaxt
"
}
}
"
meta
:
GMT
"
{
ls
{
"
Qrinvi
Orta
Vaxt
"
}
}
"
meta
:
Galapagos
"
{
ls
{
"
Qalapaqos
Vaxt
"
}
}
"
meta
:
Gambier
"
{
ls
{
"
Qambier
Vaxt
"
}
}
"
meta
:
Georgia
"
{
ld
{
"
Gurc
stan
Yay
Vaxt
"
}
lg
{
"
Gurc
stan
Vaxt
"
}
ls
{
"
Gurc
stan
Standart
Vaxt
"
}
}
"
meta
:
Gilbert_Islands
"
{
ls
{
"
Gilbert
Adalar
Vaxt
"
}
}
"
meta
:
Greenland_Eastern
"
{
ld
{
"
rqi
Qrenlandiya
Yay
Vaxt
"
}
lg
{
"
rqi
Qrenlandiya
Vaxt
"
}
ls
{
"
rqi
Qrenlandiya
Standart
Vaxt
"
}
}
"
meta
:
Greenland_Western
"
{
ld
{
"
Q
rbi
Qrenlandiya
Yay
Vaxt
"
}
lg
{
"
Q
rbi
Qrenlandiya
Vaxt
"
}
ls
{
"
Q
rbi
Qrenlandiya
Standart
Vaxt
"
}
}
"
meta
:
Gulf
"
{
ls
{
"
K
rf
z
Vaxt
"
}
}
"
meta
:
Guyana
"
{
ls
{
"
Qayana
Vaxt
"
}
}
"
meta
:
Hawaii_Aleutian
"
{
ld
{
"
Havay
-
Aleut
Yay
Vaxt
"
}
lg
{
"
Havay
-
Aleut
Vaxt
"
}
ls
{
"
Havay
-
Aleut
Standart
Vaxt
"
}
}
"
meta
:
Hong_Kong
"
{
ld
{
"
Honq
Konq
Yay
Vaxt
"
}
lg
{
"
Honq
Konq
Vaxt
"
}
ls
{
"
Honq
Konq
Standart
Vaxt
"
}
}
"
meta
:
Hovd
"
{
ld
{
"
Hovd
Yay
Vaxt
"
}
lg
{
"
Hovd
Vaxt
"
}
ls
{
"
Hovd
Standart
Vaxt
"
}
}
"
meta
:
India
"
{
ls
{
"
Hindistan
Vaxt
"
}
}
"
meta
:
Indian_Ocean
"
{
ls
{
"
Hind
Okean
Vaxt
"
}
}
"
meta
:
Indochina
"
{
ls
{
"
Hind
in
Vaxt
"
}
}
"
meta
:
Indonesia_Central
"
{
ls
{
"
M
rk
zi
ndoneziya
Vaxt
"
}
}
"
meta
:
Indonesia_Eastern
"
{
ls
{
"
rqi
ndoneziya
Vaxt
"
}
}
"
meta
:
Indonesia_Western
"
{
ls
{
"
Q
rbi
ndoneziya
Vaxt
"
}
}
"
meta
:
Iran
"
{
ld
{
"
ran
Yay
Vaxt
"
}
lg
{
"
ran
Vaxt
"
}
ls
{
"
ran
Standart
Vaxt
"
}
}
"
meta
:
Irkutsk
"
{
ld
{
"
rkutsk
Yay
Vaxt
"
}
lg
{
"
rkutsk
Vaxt
"
}
ls
{
"
rkutsk
Standart
Vaxt
"
}
}
"
meta
:
Israel
"
{
ld
{
"
srail
Yay
Vaxt
"
}
lg
{
"
srail
Vaxt
"
}
ls
{
"
srail
Standart
Vaxt
"
}
}
"
meta
:
Japan
"
{
ld
{
"
Yaponiya
Yay
Vaxt
"
}
lg
{
"
Yaponiya
Vaxt
"
}
ls
{
"
Yaponiya
Standart
Vaxt
"
}
}
"
meta
:
Kazakhstan_Eastern
"
{
ls
{
"
rqi
Qazax
stan
Vaxt
"
}
}
"
meta
:
Kazakhstan_Western
"
{
ls
{
"
Q
rbi
Qazax
stan
Vaxt
"
}
}
"
meta
:
Korea
"
{
ld
{
"
Koreya
Yay
Vaxt
"
}
lg
{
"
Koreya
Vaxt
"
}
ls
{
"
Koreya
Standart
Vaxt
"
}
}
"
meta
:
Kosrae
"
{
ls
{
"
Korse
Vaxt
"
}
}
"
meta
:
Krasnoyarsk
"
{
ld
{
"
Krasnoyarsk
Yay
Vaxt
"
}
lg
{
"
Krasnoyarsk
Vaxt
"
}
ls
{
"
Krasnoyarsk
Standart
Vaxt
"
}
}
"
meta
:
Kyrgystan
"
{
ls
{
"
Q
r
z
stan
Vaxt
"
}
}
"
meta
:
Line_Islands
"
{
ls
{
"
Layn
Adalar
Vaxt
"
}
}
"
meta
:
Lord_Howe
"
{
ld
{
"
Lord
Hau
Yay
vaxt
"
}
lg
{
"
Lord
Hau
Vaxt
"
}
ls
{
"
Lord
Hau
Standart
Vaxt
"
}
}
"
meta
:
Macquarie
"
{
ls
{
"
Makari
Adas
Vaxt
"
}
}
"
meta
:
Magadan
"
{
ld
{
"
Maqadan
Yay
Vaxt
"
}
lg
{
"
Maqadan
Vaxt
"
}
ls
{
"
Maqadan
Standart
Vaxt
"
}
}
"
meta
:
Malaysia
"
{
ls
{
"
Malayziya
Vaxt
"
}
}
"
meta
:
Maldives
"
{
ls
{
"
Maldiv
Vaxt
"
}
}
"
meta
:
Marquesas
"
{
ls
{
"
Markesas
Vaxt
"
}
}
"
meta
:
Marshall_Islands
"
{
ls
{
"
Mar
al
Adalar
Vaxt
"
}
}
"
meta
:
Mauritius
"
{
ld
{
"
Mavriki
Yay
Vaxt
"
}
lg
{
"
Mavriki
Vaxt
"
}
ls
{
"
Mavriki
Standart
Vaxt
"
}
}
"
meta
:
Mawson
"
{
ls
{
"
Mouson
Vaxt
"
}
}
"
meta
:
Mexico_Northwest
"
{
ld
{
"
imal
-
Q
rbi
Meksika
Yay
Vaxt
"
}
lg
{
"
imal
-
Q
rbi
Meksika
Vaxt
"
}
ls
{
"
imal
-
Q
rbi
Meksika
Standart
Vaxt
"
}
}
"
meta
:
Mexico_Pacific
"
{
ld
{
"
Meksika
Sakit
Okean
Yay
Vaxt
"
}
lg
{
"
Meksika
Sakit
Okean
Vaxt
"
}
ls
{
"
Meksika
Sakit
Okean
Standart
Vaxt
"
}
}
"
meta
:
Mongolia
"
{
ld
{
"
Ulanbator
Yay
Vaxt
"
}
lg
{
"
Ulanbator
Vaxt
"
}
ls
{
"
Ulanbator
Standart
Vaxt
"
}
}
"
meta
:
Moscow
"
{
ld
{
"
Moskva
Yay
vaxt
"
}
lg
{
"
Moskva
Vaxt
"
}
ls
{
"
Moskva
Standart
Vaxt
"
}
}
"
meta
:
Myanmar
"
{
ls
{
"
Myanma
Vaxt
"
}
}
"
meta
:
Nauru
"
{
ls
{
"
Nauru
Vaxt
"
}
}
"
meta
:
Nepal
"
{
ls
{
"
Nepal
vaxt
"
}
}
"
meta
:
New_Caledonia
"
{
ld
{
"
Yeni
Kaledoniya
Yay
Vaxt
"
}
lg
{
"
Yeni
Kaledoniya
Vaxt
"
}
ls
{
"
Yeni
Kaledoniya
Standart
Vaxt
"
}
}
"
meta
:
New_Zealand
"
{
ld
{
"
Yeni
Zelandiya
Yay
Vaxt
"
}
lg
{
"
Yeni
Zelandiya
Vaxt
"
}
ls
{
"
Yeni
Zelandiya
Standart
Vaxt
"
}
}
"
meta
:
Newfoundland
"
{
ld
{
"
Nyufaundlend
Yay
Vaxt
"
}
lg
{
"
Nyufaundlend
Vaxt
"
}
ls
{
"
Nyufaundlend
Standart
Vaxt
"
}
}
"
meta
:
Niue
"
{
ls
{
"
Niue
Vaxt
"
}
}
"
meta
:
Norfolk
"
{
ls
{
"
Norfolk
Adas
Vaxt
"
}
}
"
meta
:
Noronha
"
{
ld
{
"
Fernando
de
Noronya
Yay
Vaxt
"
}
lg
{
"
Fernando
de
Noronya
Vaxt
"
}
ls
{
"
Fernando
de
Noronya
Standart
Vaxt
"
}
}
"
meta
:
Novosibirsk
"
{
ld
{
"
Novosibirsk
Yay
Vaxt
"
}
lg
{
"
Novosibirsk
Vaxt
"
}
ls
{
"
Novosibirsk
Standart
Vaxt
"
}
}
"
meta
:
Omsk
"
{
ld
{
"
Omsk
Yay
Vaxt
"
}
lg
{
"
Omsk
Vaxt
"
}
ls
{
"
Omsk
Standart
Vaxt
"
}
}
"
meta
:
Pakistan
"
{
ld
{
"
Pakistan
Yay
Vaxt
"
}
lg
{
"
Pakistan
Vaxt
"
}
ls
{
"
Pakistan
Standart
vaxt
"
}
}
"
meta
:
Palau
"
{
ls
{
"
Palau
Vaxt
"
}
}
"
meta
:
Papua_New_Guinea
"
{
ls
{
"
Papua
Yeni
Qvineya
Vaxt
"
}
}
"
meta
:
Paraguay
"
{
ld
{
"
Paraqvay
Yay
Vaxt
"
}
lg
{
"
Paraqvay
Vaxt
"
}
ls
{
"
Paraqvay
Standart
Vaxt
"
}
}
"
meta
:
Peru
"
{
ld
{
"
Peru
Yay
Vaxt
"
}
lg
{
"
Peru
Vaxt
"
}
ls
{
"
Peru
Standart
Vaxt
"
}
}
"
meta
:
Philippines
"
{
ld
{
"
Filippin
Yay
Vaxt
"
}
lg
{
"
Filippin
Vaxt
"
}
ls
{
"
Filippin
Standart
Vaxt
"
}
}
"
meta
:
Phoenix_Islands
"
{
ls
{
"
Feniks
Adalar
Vaxt
"
}
}
"
meta
:
Pierre_Miquelon
"
{
ld
{
"
M
q
dd
s
Pyer
v
Mikelon
Yay
Vaxt
"
}
lg
{
"
M
q
dd
s
Pyer
v
Mikelon
Vaxt
"
}
ls
{
"
M
q
dd
s
Pyer
v
Mikelon
Standart
Vaxt
"
}
}
"
meta
:
Pitcairn
"
{
ls
{
"
Pitkern
Vaxt
"
}
}
"
meta
:
Ponape
"
{
ls
{
"
Ponape
Vaxt
"
}
}
"
meta
:
Pyongyang
"
{
ls
{
"
Pxenyan
Vaxt
"
}
}
"
meta
:
Reunion
"
{
ls
{
"
Reyunyon
"
}
}
"
meta
:
Rothera
"
{
ls
{
"
Rotera
Vaxt
"
}
}
"
meta
:
Sakhalin
"
{
ld
{
"
Saxalin
Yay
Vaxt
"
}
lg
{
"
Saxalin
Vaxt
"
}
ls
{
"
Saxalin
Standart
Vaxt
"
}
}
"
meta
:
Samara
"
{
ld
{
"
Samara
yay
vaxt
"
}
lg
{
"
Samara
vaxt
"
}
ls
{
"
Samara
standart
vaxt
"
}
}
"
meta
:
Samoa
"
{
ld
{
"
Samoa
Yay
Vaxt
"
}
lg
{
"
Samoa
Vaxt
"
}
ls
{
"
Samoa
Standart
Vaxt
"
}
}
"
meta
:
Seychelles
"
{
ls
{
"
Sey
el
Adalar
Vaxt
"
}
}
"
meta
:
Singapore
"
{
ls
{
"
Sinqapur
Vaxt
"
}
}
"
meta
:
Solomon
"
{
ls
{
"
Solomon
Adalar
Vaxt
"
}
}
"
meta
:
South_Georgia
"
{
ls
{
"
C
nubi
Corciya
Vaxt
"
}
}
"
meta
:
Suriname
"
{
ls
{
"
Surinam
Vaxt
"
}
}
"
meta
:
Syowa
"
{
ls
{
"
Syova
Vaxt
"
}
}
"
meta
:
Tahiti
"
{
ls
{
"
Tahiti
Vaxt
"
}
}
"
meta
:
Taipei
"
{
ld
{
"
Taybey
Yay
Vaxt
"
}
lg
{
"
Taybey
Vaxt
"
}
ls
{
"
Taybey
Standart
Vaxt
"
}
}
"
meta
:
Tajikistan
"
{
ls
{
"
Tacikistan
Vaxt
"
}
}
"
meta
:
Tokelau
"
{
ls
{
"
Tokelau
Vaxt
"
}
}
"
meta
:
Tonga
"
{
ld
{
"
Tonqa
Yay
Vaxt
"
}
lg
{
"
Tonqa
Vaxt
"
}
ls
{
"
Tonqa
Standart
Vaxt
"
}
}
"
meta
:
Truk
"
{
ls
{
"
uuk
Vaxt
"
}
}
"
meta
:
Turkmenistan
"
{
ld
{
"
T
rkm
nistan
Yay
Vaxt
"
}
lg
{
"
T
rkm
nistan
Vaxt
"
}
ls
{
"
T
rkm
nistan
Standart
Vaxt
"
}
}
"
meta
:
Tuvalu
"
{
ls
{
"
Tuvalu
Vaxt
"
}
}
"
meta
:
Uruguay
"
{
ld
{
"
Uruqvay
Yay
Vaxt
"
}
lg
{
"
Uruqvay
Vaxt
"
}
ls
{
"
Uruqvay
Standart
Vaxt
"
}
}
"
meta
:
Uzbekistan
"
{
ld
{
"
zb
kistan
Yay
Vaxt
"
}
lg
{
"
zb
kistan
Vaxt
"
}
ls
{
"
zb
kistan
Standart
Vaxt
"
}
}
"
meta
:
Vanuatu
"
{
ld
{
"
Vaunatu
Yay
Vaxt
"
}
lg
{
"
Vanuatu
Vaxt
"
}
ls
{
"
Vanuatu
Standart
Vaxt
"
}
}
"
meta
:
Venezuela
"
{
ls
{
"
Venesuela
Vaxt
"
}
}
"
meta
:
Vladivostok
"
{
ld
{
"
Vladivostok
Yay
Vaxt
"
}
lg
{
"
Vladivostok
Vaxt
"
}
ls
{
"
Vladivostok
Standart
Vaxt
"
}
}
"
meta
:
Volgograd
"
{
ld
{
"
Volqoqrad
Yay
Vaxt
"
}
lg
{
"
Volqoqrad
Vaxt
"
}
ls
{
"
Volqoqrad
Standart
Vaxt
"
}
}
"
meta
:
Vostok
"
{
ls
{
"
Vostok
Vaxt
"
}
}
"
meta
:
Wake
"
{
ls
{
"
Ueyk
Vaxt
"
}
}
"
meta
:
Wallis
"
{
ls
{
"
Uollis
v
Futuna
Vaxt
"
}
}
"
meta
:
Yakutsk
"
{
ld
{
"
Yakutsk
Yay
Vaxt
"
}
lg
{
"
Yakutsk
Vaxt
"
}
ls
{
"
Yakutsk
Standart
Vaxt
"
}
}
"
meta
:
Yekaterinburg
"
{
ld
{
"
Yekaterinburq
Yay
Vaxt
"
}
lg
{
"
Yekaterinburq
Vaxt
"
}
ls
{
"
Yekaterinburq
Standart
Vaxt
"
}
}
fallbackFormat
{
"
{
1
}
(
{
0
}
)
"
}
gmtFormat
{
"
GMT
{
0
}
"
}
gmtZeroFormat
{
"
GMT
"
}
hourFormat
{
"
+
HH
:
mm
;
-
HH
:
mm
"
}
regionFormat
{
"
{
0
}
Vaxt
"
}
regionFormatDaylight
{
"
{
0
}
Yay
Vaxt
"
}
regionFormatStandard
{
"
{
0
}
Standart
Vaxt
"
}
}
}
