/
/
2016
and
later
:
Unicode
Inc
.
and
others
.
/
/
License
&
terms
of
use
:
http
:
/
/
www
.
unicode
.
org
/
copyright
.
html
/
/
Generated
using
tools
/
cldr
/
cldr
-
to
-
icu
/
blo
{
zoneStrings
{
"
Africa
:
Abidjan
"
{
ec
{
"
Abija
"
}
}
"
Africa
:
Accra
"
{
ec
{
"
Akraa
"
}
}
"
Africa
:
Addis_Ababa
"
{
ec
{
"
A
is
Abeba
"
}
}
"
Africa
:
Algiers
"
{
ec
{
"
Alj
r
"
}
}
"
Africa
:
Asmera
"
{
ec
{
"
Asmaraa
"
}
}
"
Africa
:
Bamako
"
{
ec
{
"
Bamakoo
"
}
}
"
Africa
:
Bangui
"
{
ec
{
"
Ba
gii
"
}
}
"
Africa
:
Bissau
"
{
ec
{
"
Bisoo
"
}
}
"
Africa
:
Blantyre
"
{
ec
{
"
Blantiir
"
}
}
"
Africa
:
Brazzaville
"
{
ec
{
"
Brasafil
"
}
}
"
Africa
:
Bujumbura
"
{
ec
{
"
Bujumburaa
"
}
}
"
Africa
:
Cairo
"
{
ec
{
"
Kairoo
"
}
}
"
Africa
:
Casablanca
"
{
ec
{
"
Kasabla
kaa
"
}
}
"
Africa
:
Ceuta
"
{
ec
{
"
Seyuta
"
}
}
"
Africa
:
Conakry
"
{
ec
{
"
Konakrii
"
}
}
"
Africa
:
Dakar
"
{
ec
{
"
akaar
"
}
}
"
Africa
:
Dar_es_Salaam
"
{
ec
{
"
ar
salaam
"
}
}
"
Africa
:
Djibouti
"
{
ec
{
"
Jibutii
"
}
}
"
Africa
:
Douala
"
{
ec
{
"
uwalaa
"
}
}
"
Africa
:
El_Aaiun
"
{
ec
{
"
l
Ayun
"
}
}
"
Africa
:
Freetown
"
{
ec
{
"
Friita
n
"
}
}
"
Africa
:
Harare
"
{
ec
{
"
Hararee
"
}
}
"
Africa
:
Johannesburg
"
{
ec
{
"
Yohan
sbuur
"
}
}
"
Africa
:
Juba
"
{
ec
{
"
Jubaa
"
}
}
"
Africa
:
Kampala
"
{
ec
{
"
Kampalaa
"
}
}
"
Africa
:
Khartoum
"
{
ec
{
"
Kartuum
"
}
}
"
Africa
:
Kigali
"
{
ec
{
"
Kigalii
"
}
}
"
Africa
:
Kinshasa
"
{
ec
{
"
Kinshasaa
"
}
}
"
Africa
:
Lagos
"
{
ec
{
"
Leg
s
"
}
}
"
Africa
:
Libreville
"
{
ec
{
"
Libr
fil
"
}
}
"
Africa
:
Lome
"
{
ec
{
"
L
m
"
}
}
"
Africa
:
Luanda
"
{
ec
{
"
Luwan
aa
"
}
}
"
Africa
:
Lubumbashi
"
{
ec
{
"
Lubumbashii
"
}
}
"
Africa
:
Lusaka
"
{
ec
{
"
Lusakaa
"
}
}
"
Africa
:
Malabo
"
{
ec
{
"
Malaboo
"
}
}
"
Africa
:
Maputo
"
{
ec
{
"
Maputoo
"
}
}
"
Africa
:
Maseru
"
{
ec
{
"
Maseruu
"
}
}
"
Africa
:
Mbabane
"
{
ec
{
"
Mbabanee
"
}
}
"
Africa
:
Mogadishu
"
{
ec
{
"
Moga
ishuu
"
}
}
"
Africa
:
Monrovia
"
{
ec
{
"
Monrofiyaa
"
}
}
"
Africa
:
Nairobi
"
{
ec
{
"
Nairobii
"
}
}
"
Africa
:
Ndjamena
"
{
ec
{
"
Njamenaa
"
}
}
"
Africa
:
Niamey
"
{
ec
{
"
Ny
m
"
}
}
"
Africa
:
Nouakchott
"
{
ec
{
"
Nuwakc
t
"
}
}
"
Africa
:
Ouagadougou
"
{
ec
{
"
Waga
ugu
"
}
}
"
Africa
:
Porto
-
Novo
"
{
ec
{
"
P
rto
Nofoo
"
}
}
"
Africa
:
Sao_Tome
"
{
ec
{
"
Saotome
kamp
"
}
}
"
Africa
:
Tripoli
"
{
ec
{
"
Tripolii
"
}
}
"
Africa
:
Tunis
"
{
ec
{
"
Tiniis
"
}
}
"
Africa
:
Windhoek
"
{
ec
{
"
Win
huk
"
}
}
"
America
:
Adak
"
{
ec
{
"
A
ak
"
}
}
"
America
:
Anchorage
"
{
ec
{
"
A
k
raaj
"
}
}
"
America
:
Anguilla
"
{
ec
{
"
A
guwilaa
"
}
}
"
America
:
Antigua
"
{
ec
{
"
Antiguwaa
"
}
}
"
America
:
Araguaina
"
{
ec
{
"
Araguweena
"
}
}
"
America
:
Argentina
:
La_Rioja
"
{
ec
{
"
La
Riy
ha
"
}
}
"
America
:
Argentina
:
Rio_Gallegos
"
{
ec
{
"
Riyo
Galeg
s
"
}
}
"
America
:
Argentina
:
San_Juan
"
{
ec
{
"
San
Huwan
"
}
}
"
America
:
Argentina
:
San_Luis
"
{
ec
{
"
San
Luwis
"
}
}
"
America
:
Argentina
:
Tucuman
"
{
ec
{
"
Tukuman
"
}
}
"
America
:
Argentina
:
Ushuaia
"
{
ec
{
"
Ushuweyaa
"
}
}
"
America
:
Aruba
"
{
ec
{
"
Arubaa
"
}
}
"
America
:
Asuncion
"
{
ec
{
"
Asunsiy
n
"
}
}
"
America
:
Bahia
"
{
ec
{
"
Bahiyaa
"
}
}
"
America
:
Bahia_Banderas
"
{
ec
{
"
Bahiiya
e
Ban
eraas
"
}
}
"
America
:
Barbados
"
{
ec
{
"
Barba
s
"
}
}
"
America
:
Belem
"
{
ec
{
"
Bel
m
"
}
}
"
America
:
Belize
"
{
ec
{
"
Beliis
"
}
}
"
America
:
Blanc
-
Sablon
"
{
ec
{
"
Bla
-
Sabl
"
}
}
"
America
:
Boa_Vista
"
{
ec
{
"
Bowa
Fistaa
"
}
}
"
America
:
Boise
"
{
ec
{
"
B
waas
"
}
}
"
America
:
Buenos_Aires
"
{
ec
{
"
Buwen
s
Air
s
"
}
}
"
America
:
Cambridge_Bay
"
{
ec
{
"
Kambriij
Ba
"
}
}
"
America
:
Campo_Grande
"
{
ec
{
"
Campo
Gran
ee
"
}
}
"
America
:
Cancun
"
{
ec
{
"
Ka
kun
"
}
}
"
America
:
Caracas
"
{
ec
{
"
Karakaas
"
}
}
"
America
:
Catamarca
"
{
ec
{
"
Katamarkaa
"
}
}
"
America
:
Cayenne
"
{
ec
{
"
Kay
n
"
}
}
"
America
:
Cayman
"
{
ec
{
"
Kayimaan
"
}
}
"
America
:
Chicago
"
{
ec
{
"
Shikagoo
"
}
}
"
America
:
Chihuahua
"
{
ec
{
"
Shiwawaa
"
}
}
"
America
:
Ciudad_Juarez
"
{
ec
{
"
Siwu
aa
Huwar
s
"
}
}
"
America
:
Cordoba
"
{
ec
{
"
K
r
obaa
"
}
}
"
America
:
Costa_Rica
"
{
ec
{
"
K
sta
Rikaa
"
}
}
"
America
:
Creston
"
{
ec
{
"
Kr
st
n
"
}
}
"
America
:
Cuiaba
"
{
ec
{
"
Kuyabaa
"
}
}
"
America
:
Curacao
"
{
ec
{
"
Kurasaawu
"
}
}
"
America
:
Danmarkshavn
"
{
ec
{
"
an
mark
ha
n
"
}
}
"
America
:
Dawson
"
{
ec
{
"
s
n
"
}
}
"
America
:
Dawson_Creek
"
{
ec
{
"
s
n
Kriik
"
}
}
"
America
:
Denver
"
{
ec
{
"
nfa
"
}
}
"
America
:
Detroit
"
{
ec
{
"
itr
"
}
}
"
America
:
Dominica
"
{
ec
{
"
ominikaa
"
}
}
"
America
:
Edmonton
"
{
ec
{
"
m
nt
n
"
}
}
"
America
:
Eirunepe
"
{
ec
{
"
runepee
"
}
}
"
America
:
El_Salvador
"
{
ec
{
"
l
Salfa
r
"
}
}
"
America
:
Fort_Nelson
"
{
ec
{
"
F
r
N
ls
n
"
}
}
"
America
:
Fortaleza
"
{
ec
{
"
F
rtal
saa
"
}
}
"
America
:
Glace_Bay
"
{
ec
{
"
Glaas
Ba
"
}
}
"
America
:
Goose_Bay
"
{
ec
{
"
Guus
Ba
"
}
}
"
America
:
Grand_Turk
"
{
ec
{
"
Gran
Turk
"
}
}
"
America
:
Grenada
"
{
ec
{
"
Grenaa
a
"
}
}
"
America
:
Guadeloupe
"
{
ec
{
"
Guwa
eluupu
"
}
}
"
America
:
Guatemala
"
{
ec
{
"
Guwatemalaa
"
}
}
"
America
:
Guayaquil
"
{
ec
{
"
Guwayakil
"
}
}
"
America
:
Guyana
"
{
ec
{
"
Guyanaa
"
}
}
"
America
:
Halifax
"
{
ec
{
"
Halifaas
"
}
}
"
America
:
Havana
"
{
ec
{
"
Hafanaa
"
}
}
"
America
:
Hermosillo
"
{
ec
{
"
rmosiloo
"
}
}
"
America
:
Indiana
:
Knox
"
{
ec
{
"
N
k
n
iyaana
"
}
}
"
America
:
Indiana
:
Marengo
"
{
ec
{
"
Mar
go
n
iyaana
"
}
}
"
America
:
Indiana
:
Petersburg
"
{
ec
{
"
Pet
rsbuur
n
iyaana
"
}
}
"
America
:
Indiana
:
Tell_City
"
{
ec
{
"
T
l
Siti
n
iyaana
"
}
}
"
America
:
Indiana
:
Vevay
"
{
ec
{
"
Fef
n
iyaana
"
}
}
"
America
:
Indiana
:
Vincennes
"
{
ec
{
"
F
s
n
n
iyaana
"
}
}
"
America
:
Indiana
:
Winamac
"
{
ec
{
"
Winamaak
n
iyaana
"
}
}
"
America
:
Indianapolis
"
{
ec
{
"
n
iyaanapoli
"
}
}
"
America
:
Inuvik
"
{
ec
{
"
Inufik
"
}
}
"
America
:
Iqaluit
"
{
ec
{
"
Ikaluwiit
"
}
}
"
America
:
Jamaica
"
{
ec
{
"
Jama
ka
"
}
}
"
America
:
Jujuy
"
{
ec
{
"
Huhuyi
"
}
}
"
America
:
Juneau
"
{
ec
{
"
Jinoo
"
}
}
"
America
:
Kentucky
:
Monticello
"
{
ec
{
"
M
ntish
lo
K
ntaki
"
}
}
"
America
:
Kralendijk
"
{
ec
{
"
Kral
n
a
k
"
}
}
"
America
:
La_Paz
"
{
ec
{
"
La
Pas
"
}
}
"
America
:
Lima
"
{
ec
{
"
Limaa
"
}
}
"
America
:
Los_Angeles
"
{
ec
{
"
L
s
Anj
l
s
"
}
}
"
America
:
Louisville
"
{
ec
{
"
Luwifiil
"
}
}
"
America
:
Lower_Princes
"
{
ec
{
"
Low
Pr
s
Kwata
"
}
}
"
America
:
Maceio
"
{
ec
{
"
Mas
yoo
"
}
}
"
America
:
Managua
"
{
ec
{
"
Manaaguwa
"
}
}
"
America
:
Manaus
"
{
ec
{
"
Mana
s
"
}
}
"
America
:
Marigot
"
{
ec
{
"
Marigoo
"
}
}
"
America
:
Martinique
"
{
ec
{
"
Martiniiki
"
}
}
"
America
:
Matamoros
"
{
ec
{
"
Matamoroos
"
}
}
"
America
:
Mazatlan
"
{
ec
{
"
Masat
lan
"
}
}
"
America
:
Mendoza
"
{
ec
{
"
M
n
saa
"
}
}
"
America
:
Merida
"
{
ec
{
"
Merii
a
"
}
}
"
America
:
Metlakatla
"
{
ec
{
"
Metelakatelaa
"
}
}
"
America
:
Mexico_City
"
{
ec
{
"
M
siko
Siti
"
}
}
"
America
:
Miquelon
"
{
ec
{
"
Mikel
"
}
}
"
America
:
Moncton
"
{
ec
{
"
M
t
n
"
}
}
"
America
:
Monterrey
"
{
ec
{
"
M
nt
r
"
}
}
"
America
:
Montevideo
"
{
ec
{
"
M
ntefi
eyoo
"
}
}
"
America
:
Montserrat
"
{
ec
{
"
M
ns
raat
"
}
}
"
America
:
Nassau
"
{
ec
{
"
Nasau
"
}
}
"
America
:
New_York
"
{
ec
{
"
Niu
Y
rk
"
}
}
"
America
:
Noronha
"
{
ec
{
"
Nor
nya
"
}
}
"
America
:
North_Dakota
:
Beulah
"
{
ec
{
"
Biula
N
r
akoota
"
}
}
"
America
:
North_Dakota
:
Center
"
{
ec
{
"
S
nta
N
r
akoota
"
}
}
"
America
:
North_Dakota
:
New_Salem
"
{
ec
{
"
Niu
Sal
m
N
r
akota
"
}
}
"
America
:
Ojinaga
"
{
ec
{
"
Ojinaaga
"
}
}
"
America
:
Panama
"
{
ec
{
"
Panamaa
"
}
}
"
America
:
Paramaribo
"
{
ec
{
"
Paramariboo
"
}
}
"
America
:
Phoenix
"
{
ec
{
"
Finiis
"
}
}
"
America
:
Port
-
au
-
Prince
"
{
ec
{
"
P
r
o
Pr
s
"
}
}
"
America
:
Port_of_Spain
"
{
ec
{
"
P
r
f
Sp
n
"
}
}
"
America
:
Porto_Velho
"
{
ec
{
"
P
rto
Feloo
"
}
}
"
America
:
Puerto_Rico
"
{
ec
{
"
P
rto
Rikoo
"
}
}
"
America
:
Rankin_Inlet
"
{
ec
{
"
Ra
k
n
nl
t
"
}
}
"
America
:
Recife
"
{
ec
{
"
Resife
"
}
}
"
America
:
Regina
"
{
ec
{
"
Regiina
"
}
}
"
America
:
Resolute
"
{
ec
{
"
R
soluut
"
}
}
"
America
:
Rio_Branco
"
{
ec
{
"
Riyo
Bra
koo
"
}
}
"
America
:
Santarem
"
{
ec
{
"
Santar
m
"
}
}
"
America
:
Santiago
"
{
ec
{
"
Santiyagoo
"
}
}
"
America
:
Santo_Domingo
"
{
ec
{
"
Santo
om
go
"
}
}
"
America
:
Sao_Paulo
"
{
ec
{
"
Sao
Pauloo
"
}
}
"
America
:
Scoresbysund
"
{
ec
{
"
Itok
rtoomiiti
"
}
}
"
America
:
Sitka
"
{
ec
{
"
Sitkaa
"
}
}
"
America
:
St_Barthelemy
"
{
ec
{
"
S
-
Batolomay
"
}
}
"
America
:
St_Johns
"
{
ec
{
"
S
J
ns
"
}
}
"
America
:
St_Kitts
"
{
ec
{
"
S
Kits
"
}
}
"
America
:
St_Lucia
"
{
ec
{
"
S
Lusiya
"
}
}
"
America
:
St_Thomas
"
{
ec
{
"
S
Tomaas
"
}
}
"
America
:
St_Vincent
"
{
ec
{
"
S
F
nsa
"
}
}
"
America
:
Swift_Current
"
{
ec
{
"
S
w
ft
K
r
nt
"
}
}
"
America
:
Tegucigalpa
"
{
ec
{
"
Tegusigalpa
"
}
}
"
America
:
Thule
"
{
ec
{
"
Tuule
"
}
}
"
America
:
Tijuana
"
{
ec
{
"
Tihuwana
"
}
}
"
America
:
Toronto
"
{
ec
{
"
Tor
ntoo
"
}
}
"
America
:
Tortola
"
{
ec
{
"
T
rt
laa
"
}
}
"
America
:
Vancouver
"
{
ec
{
"
F
kuufa
"
}
}
"
America
:
Whitehorse
"
{
ec
{
"
Wa
th
s
"
}
}
"
America
:
Winnipeg
"
{
ec
{
"
Winip
g
"
}
}
"
Antarctica
:
Casey
"
{
ec
{
"
Keesi
"
}
}
"
Antarctica
:
Davis
"
{
ec
{
"
efis
"
}
}
"
Antarctica
:
DumontDUrville
"
{
ec
{
"
im
n
irfil
"
}
}
"
Antarctica
:
Macquarie
"
{
ec
{
"
Makarii
"
}
}
"
Antarctica
:
Mawson
"
{
ec
{
"
M
s
n
"
}
}
"
Antarctica
:
McMurdo
"
{
ec
{
"
M
kM
r
oo
"
}
}
"
Antarctica
:
Palmer
"
{
ec
{
"
Palm
r
"
}
}
"
Antarctica
:
Rothera
"
{
ec
{
"
Roteraa
"
}
}
"
Antarctica
:
Syowa
"
{
ec
{
"
Siyowaa
"
}
}
"
Antarctica
:
Troll
"
{
ec
{
"
Tr
l
"
}
}
"
Antarctica
:
Vostok
"
{
ec
{
"
F
st
k
"
}
}
"
Arctic
:
Longyearbyen
"
{
ec
{
"
L
yiirbiy
n
"
}
}
"
Asia
:
Aden
"
{
ec
{
"
A
n
"
}
}
"
Asia
:
Almaty
"
{
ec
{
"
Almatii
"
}
}
"
Asia
:
Amman
"
{
ec
{
"
Amaan
"
}
}
"
Asia
:
Anadyr
"
{
ec
{
"
Ana
iir
"
}
}
"
Asia
:
Aqtau
"
{
ec
{
"
Akta
"
}
}
"
Asia
:
Aqtobe
"
{
ec
{
"
Aktobee
"
}
}
"
Asia
:
Ashgabat
"
{
ec
{
"
Ashgabaat
"
}
}
"
Asia
:
Atyrau
"
{
ec
{
"
Atira
"
}
}
"
Asia
:
Baghdad
"
{
ec
{
"
Bag
aa
"
}
}
"
Asia
:
Bahrain
"
{
ec
{
"
Bar
n
"
}
}
"
Asia
:
Baku
"
{
ec
{
"
Bakuu
"
}
}
"
Asia
:
Bangkok
"
{
ec
{
"
Ba
k
k
"
}
}
"
Asia
:
Barnaul
"
{
ec
{
"
Barnawul
"
}
}
"
Asia
:
Beirut
"
{
ec
{
"
Beiruut
"
}
}
"
Asia
:
Bishkek
"
{
ec
{
"
Bishk
k
"
}
}
"
Asia
:
Brunei
"
{
ec
{
"
Brun
"
}
}
"
Asia
:
Calcutta
"
{
ec
{
"
K
lkata
"
}
}
"
Asia
:
Chita
"
{
ec
{
"
Shitaa
"
}
}
"
Asia
:
Colombo
"
{
ec
{
"
Kolomboo
"
}
}
"
Asia
:
Damascus
"
{
ec
{
"
amask
s
"
}
}
"
Asia
:
Dhaka
"
{
ec
{
"
akaa
"
}
}
"
Asia
:
Dili
"
{
ec
{
"
ilii
"
}
}
"
Asia
:
Dubai
"
{
ec
{
"
uba
"
}
}
"
Asia
:
Dushanbe
"
{
ec
{
"
ushanbee
"
}
}
"
Asia
:
Famagusta
"
{
ec
{
"
Famagustaa
"
}
}
"
Asia
:
Gaza
"
{
ec
{
"
Gasaa
"
}
}
"
Asia
:
Hebron
"
{
ec
{
"
Hebr
n
"
}
}
"
Asia
:
Hong_Kong
"
{
ec
{
"
H
K
"
}
}
"
Asia
:
Hovd
"
{
ec
{
"
H
f
"
}
}
"
Asia
:
Irkutsk
"
{
ec
{
"
Irkut
"
}
}
"
Asia
:
Jakarta
"
{
ec
{
"
Jakataa
"
}
}
"
Asia
:
Jayapura
"
{
ec
{
"
Jayapuraa
"
}
}
"
Asia
:
Jerusalem
"
{
ec
{
"
Yerusal
m
"
}
}
"
Asia
:
Kamchatka
"
{
ec
{
"
Kamshatkaa
"
}
}
"
Asia
:
Karachi
"
{
ec
{
"
Karac
"
}
}
"
Asia
:
Katmandu
"
{
ec
{
"
Katman
uu
"
}
}
"
Asia
:
Khandyga
"
{
ec
{
"
Kan
igaa
"
}
}
"
Asia
:
Krasnoyarsk
"
{
ec
{
"
Krasnoyark
"
}
}
"
Asia
:
Kuala_Lumpur
"
{
ec
{
"
Kuwala
Lumpuur
"
}
}
"
Asia
:
Kuching
"
{
ec
{
"
Kuci
"
}
}
"
Asia
:
Kuwait
"
{
ec
{
"
Koweeti
"
}
}
"
Asia
:
Macau
"
{
ec
{
"
Makawoo
"
}
}
"
Asia
:
Magadan
"
{
ec
{
"
Maga
an
"
}
}
"
Asia
:
Makassar
"
{
ec
{
"
Makasaar
"
}
}
"
Asia
:
Manila
"
{
ec
{
"
Manilaa
"
}
}
"
Asia
:
Muscat
"
{
ec
{
"
Muskaat
"
}
}
"
Asia
:
Nicosia
"
{
ec
{
"
Nikosiya
"
}
}
"
Asia
:
Novokuznetsk
"
{
ec
{
"
Nofokusn
k
"
}
}
"
Asia
:
Novosibirsk
"
{
ec
{
"
Nofosibirk
"
}
}
"
Asia
:
Omsk
"
{
ec
{
"
ms
k
"
}
}
"
Asia
:
Oral
"
{
ec
{
"
Oraal
"
}
}
"
Asia
:
Phnom_Penh
"
{
ec
{
"
N
m
P
n
"
}
}
"
Asia
:
Pontianak
"
{
ec
{
"
P
ntiyanak
"
}
}
"
Asia
:
Pyongyang
"
{
ec
{
"
P
y
ya
"
}
}
"
Asia
:
Qatar
"
{
ec
{
"
Kataa
"
}
}
"
Asia
:
Qostanay
"
{
ec
{
"
K
stana
"
}
}
"
Asia
:
Qyzylorda
"
{
ec
{
"
Kisil
r
aa
"
}
}
"
Asia
:
Rangoon
"
{
ec
{
"
Ya
g
n
"
}
}
"
Asia
:
Riyadh
"
{
ec
{
"
Riyaa
"
}
}
"
Asia
:
Saigon
"
{
ec
{
"
Ho
Ci
Min
kaMp
"
}
}
"
Asia
:
Sakhalin
"
{
ec
{
"
Sakalin
"
}
}
"
Asia
:
Samarkand
"
{
ec
{
"
Samarkan
"
}
}
"
Asia
:
Seoul
"
{
ec
{
"
Sewul
"
}
}
"
Asia
:
Shanghai
"
{
ec
{
"
Sha
ga
"
}
}
"
Asia
:
Singapore
"
{
ec
{
"
Si
gapuur
"
}
}
"
Asia
:
Srednekolymsk
"
{
ec
{
"
Sr
n
k
lim
"
}
}
"
Asia
:
Taipei
"
{
ec
{
"
Ta
pei
"
}
}
"
Asia
:
Tashkent
"
{
ec
{
"
Tashk
nt
"
}
}
"
Asia
:
Tbilisi
"
{
ec
{
"
Tiblisii
"
}
}
"
Asia
:
Tehran
"
{
ec
{
"
Teeraan
"
}
}
"
Asia
:
Thimphu
"
{
ec
{
"
Timfu
"
}
}
"
Asia
:
Tokyo
"
{
ec
{
"
Tokiyoo
"
}
}
"
Asia
:
Tomsk
"
{
ec
{
"
T
ms
k
"
}
}
"
Asia
:
Ulaanbaatar
"
{
ec
{
"
Ulanbat
r
"
}
}
"
Asia
:
Urumqi
"
{
ec
{
"
Urumkii
"
}
}
"
Asia
:
Ust
-
Nera
"
{
ec
{
"
Ust
-
Neraa
"
}
}
"
Asia
:
Vientiane
"
{
ec
{
"
Fiyentiyan
"
}
}
"
Asia
:
Vladivostok
"
{
ec
{
"
Fla
if
st
k
"
}
}
"
Asia
:
Yakutsk
"
{
ec
{
"
Yakut
"
}
}
"
Asia
:
Yekaterinburg
"
{
ec
{
"
Yekaterinbuu
"
}
}
"
Asia
:
Yerevan
"
{
ec
{
"
Yerefaan
"
}
}
"
Atlantic
:
Azores
"
{
ec
{
"
As
r
"
}
}
"
Atlantic
:
Bermuda
"
{
ec
{
"
B
rmu
aa
"
}
}
"
Atlantic
:
Canary
"
{
ec
{
"
Kanarii
"
}
}
"
Atlantic
:
Cape_Verde
"
{
ec
{
"
Kapf
r
"
}
}
"
Atlantic
:
Faeroe
"
{
ec
{
"
Faroi
"
}
}
"
Atlantic
:
Madeira
"
{
ec
{
"
Ma
eiraa
"
}
}
"
Atlantic
:
Reykjavik
"
{
ec
{
"
R
kyafik
"
}
}
"
Atlantic
:
South_Georgia
"
{
ec
{
"
J
rjiya
g
ny
sonola
kaja
"
}
}
"
Atlantic
:
St_Helena
"
{
ec
{
"
S
Elenaa
"
}
}
"
Atlantic
:
Stanley
"
{
ec
{
"
Stanl
"
}
}
"
Australia
:
Adelaide
"
{
ec
{
"
A
el
"
}
}
"
Australia
:
Brisbane
"
{
ec
{
"
Brisb
n
"
}
}
"
Australia
:
Broken_Hill
"
{
ec
{
"
Brok
n
Hil
"
}
}
"
Australia
:
Darwin
"
{
ec
{
"
arfin
"
}
}
"
Australia
:
Eucla
"
{
ec
{
"
Uklaa
"
}
}
"
Australia
:
Hobart
"
{
ec
{
"
Hobaa
"
}
}
"
Australia
:
Lindeman
"
{
ec
{
"
Lin
eman
"
}
}
"
Australia
:
Lord_Howe
"
{
ec
{
"
L
r
Hoo
"
}
}
"
Australia
:
Melbourne
"
{
ec
{
"
M
lb
rn
"
}
}
"
Australia
:
Perth
"
{
ec
{
"
P
rt
"
}
}
"
Australia
:
Sydney
"
{
ec
{
"
Si
nee
"
}
}
"
Etc
:
UTC
"
{
ls
{
"
ulinya
a
unii
kaak
k
"
}
ss
{
"
AK
"
}
}
"
Etc
:
Unknown
"
{
ec
{
"
mp
n
ee
k
y
mana
ma
"
}
}
"
Europe
:
Amsterdam
"
{
ec
{
"
Amst
r
am
"
}
}
"
Europe
:
Andorra
"
{
ec
{
"
An
raa
"
}
}
"
Europe
:
Astrakhan
"
{
ec
{
"
Astrakaan
"
}
}
"
Europe
:
Athens
"
{
ec
{
"
At
n
"
}
}
"
Europe
:
Belgrade
"
{
ec
{
"
B
lgraa
"
}
}
"
Europe
:
Berlin
"
{
ec
{
"
B
rl
"
}
}
"
Europe
:
Bratislava
"
{
ec
{
"
Bratislafa
"
}
}
"
Europe
:
Brussels
"
{
ec
{
"
Bris
l
"
}
}
"
Europe
:
Bucharest
"
{
ec
{
"
Bukar
s
"
}
}
"
Europe
:
Budapest
"
{
ec
{
"
Bu
ap
s
"
}
}
"
Europe
:
Busingen
"
{
ec
{
"
Busi
g
n
"
}
}
"
Europe
:
Chisinau
"
{
ec
{
"
Shisinoo
"
}
}
"
Europe
:
Copenhagen
"
{
ec
{
"
Kopenaag
"
}
}
"
Europe
:
Dublin
"
{
ec
{
"
bl
"
}
ld
{
"
Irlan
kaak
k
"
}
}
"
Europe
:
Gibraltar
"
{
ec
{
"
Gibraltaa
"
}
}
"
Europe
:
Guernsey
"
{
ec
{
"
G
r
ns
"
}
}
"
Europe
:
Helsinki
"
{
ec
{
"
H
lsi
kii
"
}
}
"
Europe
:
Isle_of_Man
"
{
ec
{
"
Man
kaAtuk
lt
na
"
}
}
"
Europe
:
Istanbul
"
{
ec
{
"
Istambuul
"
}
}
"
Europe
:
Jersey
"
{
ec
{
"
Jersei
"
}
}
"
Europe
:
Kaliningrad
"
{
ec
{
"
Kalini
graa
"
}
}
"
Europe
:
Kiev
"
{
ec
{
"
Kiy
f
"
}
}
"
Europe
:
Kirov
"
{
ec
{
"
Kir
f
"
}
}
"
Europe
:
Lisbon
"
{
ec
{
"
Lisb
n
"
}
}
"
Europe
:
Ljubljana
"
{
ec
{
"
Yub
lyana
"
}
}
"
Europe
:
London
"
{
ec
{
"
L
n
n
"
}
ld
{
"
Gag
sh
t
na
kaak
k
gaf
baka
"
}
}
"
Europe
:
Luxembourg
"
{
ec
{
"
Lus
mbuur
"
}
}
"
Europe
:
Madrid
"
{
ec
{
"
Ma
rii
"
}
}
"
Europe
:
Mariehamn
"
{
ec
{
"
Mariyeham
"
}
}
"
Europe
:
Minsk
"
{
ec
{
"
M
ns
"
}
}
"
Europe
:
Monaco
"
{
ec
{
"
Monakoo
"
}
}
"
Europe
:
Moscow
"
{
ec
{
"
Moskuu
"
}
}
"
Europe
:
Oslo
"
{
ec
{
"
sloo
"
}
}
"
Europe
:
Paris
"
{
ec
{
"
Parii
"
}
}
"
Europe
:
Podgorica
"
{
ec
{
"
Po
gorikaa
"
}
}
"
Europe
:
Prague
"
{
ec
{
"
Praag
"
}
}
"
Europe
:
Riga
"
{
ec
{
"
Rigaa
"
}
}
"
Europe
:
Rome
"
{
ec
{
"
Room
"
}
}
"
Europe
:
Samara
"
{
ec
{
"
Samaraa
"
}
}
"
Europe
:
San_Marino
"
{
ec
{
"
San
Marinoo
"
}
}
"
Europe
:
Sarajevo
"
{
ec
{
"
Sarayefoo
"
}
}
"
Europe
:
Saratov
"
{
ec
{
"
Sarat
f
"
}
}
"
Europe
:
Skopje
"
{
ec
{
"
Sk
py
"
}
}
"
Europe
:
Sofia
"
{
ec
{
"
Sofiya
"
}
}
"
Europe
:
Stockholm
"
{
ec
{
"
St
kh
lm
"
}
}
"
Europe
:
Tallinn
"
{
ec
{
"
Talin
"
}
}
"
Europe
:
Tirane
"
{
ec
{
"
Tiranaa
"
}
}
"
Europe
:
Ulyanovsk
"
{
ec
{
"
Ulyan
f
"
}
}
"
Europe
:
Vaduz
"
{
ec
{
"
Fa
us
"
}
}
"
Europe
:
Vatican
"
{
ec
{
"
Fatika
"
}
}
"
Europe
:
Vienna
"
{
ec
{
"
Fiy
na
"
}
}
"
Europe
:
Vilnius
"
{
ec
{
"
Filniyus
"
}
}
"
Europe
:
Volgograd
"
{
ec
{
"
F
lgograa
"
}
}
"
Europe
:
Warsaw
"
{
ec
{
"
Warsa
"
}
}
"
Europe
:
Zagreb
"
{
ec
{
"
Sagr
b
"
}
}
"
Europe
:
Zurich
"
{
ec
{
"
Suriik
"
}
}
"
Indian
:
Antananarivo
"
{
ec
{
"
Antananarifoo
"
}
}
"
Indian
:
Chagos
"
{
ec
{
"
Shag
s
"
}
}
"
Indian
:
Christmas
"
{
ec
{
"
Now
l
"
}
}
"
Indian
:
Cocos
"
{
ec
{
"
Kokoos
"
}
}
"
Indian
:
Comoro
"
{
ec
{
"
Komoroo
"
}
}
"
Indian
:
Kerguelen
"
{
ec
{
"
K
rgel
n
"
}
}
"
Indian
:
Mahe
"
{
ec
{
"
Mahee
"
}
}
"
Indian
:
Maldives
"
{
ec
{
"
Mal
iifu
"
}
}
"
Indian
:
Mauritius
"
{
ec
{
"
Imoris
"
}
}
"
Indian
:
Mayotte
"
{
ec
{
"
May
t
"
}
}
"
Indian
:
Reunion
"
{
ec
{
"
Reeniy
"
}
}
"
Pacific
:
Apia
"
{
ec
{
"
Apiya
"
}
}
"
Pacific
:
Auckland
"
{
ec
{
"
klan
"
}
}
"
Pacific
:
Bougainville
"
{
ec
{
"
Bug
fil
"
}
}
"
Pacific
:
Chatham
"
{
ec
{
"
Shatam
"
}
}
"
Pacific
:
Easter
"
{
ec
{
"
Ista
"
}
}
"
Pacific
:
Efate
"
{
ec
{
"
Efatee
"
}
}
"
Pacific
:
Fakaofo
"
{
ec
{
"
Fakawofoo
"
}
}
"
Pacific
:
Funafuti
"
{
ec
{
"
Funafutii
"
}
}
"
Pacific
:
Galapagos
"
{
ec
{
"
Galapag
s
"
}
}
"
Pacific
:
Gambier
"
{
ec
{
"
Gambiyee
"
}
}
"
Pacific
:
Guadalcanal
"
{
ec
{
"
Guwa
alkanal
"
}
}
"
Pacific
:
Guam
"
{
ec
{
"
Guwam
"
}
}
"
Pacific
:
Kanton
"
{
ec
{
"
Kant
n
"
}
}
"
Pacific
:
Kiritimati
"
{
ec
{
"
Kirimatii
"
}
}
"
Pacific
:
Kosrae
"
{
ec
{
"
K
sr
"
}
}
"
Pacific
:
Kwajalein
"
{
ec
{
"
Kwajal
n
"
}
}
"
Pacific
:
Majuro
"
{
ec
{
"
Majuroo
"
}
}
"
Pacific
:
Marquesas
"
{
ec
{
"
Markesas
"
}
}
"
Pacific
:
Midway
"
{
ec
{
"
Mi
wee
"
}
}
"
Pacific
:
Nauru
"
{
ec
{
"
Nawuru
"
}
}
"
Pacific
:
Niue
"
{
ec
{
"
Niwuye
"
}
}
"
Pacific
:
Norfolk
"
{
ec
{
"
N
rfook
"
}
}
"
Pacific
:
Noumea
"
{
ec
{
"
Numeya
"
}
}
"
Pacific
:
Pago_Pago
"
{
ec
{
"
Pago
Pagoo
"
}
}
"
Pacific
:
Palau
"
{
ec
{
"
Palawoo
"
}
}
"
Pacific
:
Pitcairn
"
{
ec
{
"
P
tk
n
"
}
}
"
Pacific
:
Ponape
"
{
ec
{
"
Poonpee
"
}
}
"
Pacific
:
Port_Moresby
"
{
ec
{
"
P
r
M
r
sbii
"
}
}
"
Pacific
:
Rarotonga
"
{
ec
{
"
Rarot
ga
"
}
}
"
Pacific
:
Saipan
"
{
ec
{
"
Sa
pan
"
}
}
"
Pacific
:
Tahiti
"
{
ec
{
"
Tahitii
"
}
}
"
Pacific
:
Tarawa
"
{
ec
{
"
Tarawaa
"
}
}
"
Pacific
:
Tongatapu
"
{
ec
{
"
T
gatapuu
"
}
}
"
Pacific
:
Truk
"
{
ec
{
"
Cuuk
"
}
}
"
Pacific
:
Wake
"
{
ec
{
"
Week
"
}
}
"
Pacific
:
Wallis
"
{
ec
{
"
Walis
"
}
}
"
meta
:
Afghanistan
"
{
ls
{
"
Afganistan
kaak
k
"
}
}
"
meta
:
Africa_Central
"
{
ls
{
"
Gar
ont
na
g
c
ca
kaak
k
"
}
}
"
meta
:
Africa_Eastern
"
{
ls
{
"
Gar
ont
na
gajakala
kaak
k
"
}
}
"
meta
:
Africa_Southern
"
{
ls
{
"
Gar
ont
na
g
ny
sonola
kaak
k
"
}
}
"
meta
:
Africa_Western
"
{
ld
{
"
Gar
ont
na
g
te
shilela
kaak
k
gaf
baka
"
}
lg
{
"
Gar
ont
na
g
te
shilela
kaak
k
"
}
ls
{
"
Gar
ont
na
g
te
shilela
kaak
k
ei
ei
"
}
}
"
meta
:
Alaska
"
{
ld
{
"
Alaskaa
kaak
k
gaf
baka
"
}
lg
{
"
Alaskaa
kaak
k
"
}
ls
{
"
Alaskaa
kaak
k
ei
ei
"
}
}
"
meta
:
Amazon
"
{
ld
{
"
Amas
n
kaak
k
gaf
baka
"
}
lg
{
"
Amas
n
kaak
k
"
}
ls
{
"
Amas
n
kaak
k
ei
ei
"
}
}
"
meta
:
America_Central
"
{
ld
{
"
Amal
ka
g
ny
p
n
la
kag
c
ca
kaak
k
gaf
baka
"
}
lg
{
"
Amal
ka
g
ny
p
n
la
kag
c
ca
kaak
k
"
}
ls
{
"
Amal
ka
g
ny
p
n
la
kag
c
ca
kaak
k
ei
ei
"
}
}
"
meta
:
America_Eastern
"
{
ld
{
"
Amal
ka
g
ny
p
n
la
kaajakala
kaak
k
gaf
baka
"
}
lg
{
"
Amal
ka
g
ny
p
n
la
kaajakala
kaak
k
"
}
ls
{
"
Amal
ka
g
ny
p
n
la
kaajakala
kaak
k
ei
ei
"
}
}
"
meta
:
America_Mountain
"
{
ld
{
"
Amal
ka
g
ny
p
n
la
kab
n
kaak
k
gaf
baka
"
}
lg
{
"
Amal
ka
g
ny
p
n
la
kab
n
kaak
k
"
}
ls
{
"
Amal
ka
g
ny
p
n
la
kab
n
kaak
k
ei
ei
"
}
}
"
meta
:
America_Pacific
"
{
ld
{
"
Amal
ka
kapasifika
kaak
k
gaf
baka
"
}
lg
{
"
Amal
ka
kapasifika
kaak
k
"
}
ls
{
"
Amal
ka
kapasifika
kaak
k
ei
ei
"
}
}
"
meta
:
Apia
"
{
ld
{
"
Apiya
kaak
k
gaf
baka
"
}
lg
{
"
Apiya
kaak
k
"
}
ls
{
"
Apiya
kaak
k
ei
ei
"
}
}
"
meta
:
Arabian
"
{
ld
{
"
Galaaribut
na
kaak
k
gaf
baka
"
}
lg
{
"
Galaaribut
na
kaak
k
"
}
ls
{
"
Galaaribut
na
kaak
k
ei
ei
"
}
}
"
meta
:
Argentina
"
{
ld
{
"
Arjantin
kaak
k
gaf
baka
"
}
lg
{
"
Arjantin
kaak
k
"
}
ls
{
"
Arjantin
kaak
k
ei
ei
"
}
}
"
meta
:
Argentina_Western
"
{
ld
{
"
Arjantin
g
te
shilela
kaak
k
gaf
baka
"
}
lg
{
"
Arjantin
g
te
shilela
kaak
k
"
}
ls
{
"
Arjantin
g
te
shilela
kaak
k
ei
ei
"
}
}
"
meta
:
Armenia
"
{
ld
{
"
Armenii
kaak
k
gaf
baka
"
}
lg
{
"
Armenii
kaak
k
"
}
ls
{
"
Armenii
kaak
k
ei
ei
"
}
}
"
meta
:
Atlantic
"
{
ld
{
"
Amal
ka
kat
lantika
kaak
k
gaf
baka
"
}
lg
{
"
Amal
ka
kat
lantika
kaak
k
"
}
ls
{
"
Amal
ka
kat
lantika
kaak
k
ei
ei
"
}
}
"
meta
:
Australia_Central
"
{
ld
{
"
straliya
kag
c
ca
kaak
k
gaf
baka
"
}
lg
{
"
straliya
kag
c
ca
kaak
k
"
}
ls
{
"
straliya
kag
c
ca
kaak
k
ei
ei
"
}
}
"
meta
:
Australia_CentralWestern
"
{
ld
{
"
straliya
kag
c
ca
g
te
shilela
kaak
k
gaf
baka
"
}
lg
{
"
straliya
kag
c
ca
g
te
shilela
kaak
k
"
}
ls
{
"
straliya
kag
c
ca
g
te
shilela
kaak
k
ei
ei
"
}
}
"
meta
:
Australia_Eastern
"
{
ld
{
"
straliya
kaajakala
kaak
k
gaf
baka
"
}
lg
{
"
straliya
kaajakala
kaak
k
"
}
ls
{
"
straliya
kaajakala
kaak
k
ei
ei
"
}
}
"
meta
:
Australia_Western
"
{
ld
{
"
straliya
kag
te
shilela
kaak
k
gaf
baka
"
}
lg
{
"
straliya
kag
te
shilela
kaak
k
"
}
ls
{
"
straliya
kag
te
shilela
kaak
k
ei
ei
"
}
}
"
meta
:
Azerbaijan
"
{
ld
{
"
As
rba
ja
kaak
k
gaf
baka
"
}
lg
{
"
As
rba
ja
kaak
k
"
}
ls
{
"
As
rba
ja
kaak
k
ei
ei
"
}
}
"
meta
:
Azores
"
{
ld
{
"
As
r
kaak
k
gaf
baka
"
}
lg
{
"
As
r
kaak
k
"
}
ls
{
"
As
r
kaak
k
ei
ei
"
}
}
"
meta
:
Bangladesh
"
{
ld
{
"
Ba
gla
sh
kaak
k
gaf
baka
"
}
lg
{
"
Ba
gla
sh
kaak
k
"
}
ls
{
"
Ba
gla
sh
kaak
k
ei
ei
"
}
}
"
meta
:
Bhutan
"
{
ls
{
"
Butan
kaak
k
"
}
}
"
meta
:
Bolivia
"
{
ls
{
"
Bolifiya
kaak
k
"
}
}
"
meta
:
Brasilia
"
{
ld
{
"
Brasiliya
kaak
k
gaf
baka
"
}
lg
{
"
Brasiliya
kaak
k
"
}
ls
{
"
Brasiliya
kaak
k
ei
ei
"
}
}
"
meta
:
Brunei
"
{
ls
{
"
Brun
arusalaam
kaak
k
"
}
}
"
meta
:
Cape_Verde
"
{
ld
{
"
Kapf
r
kaak
k
gaf
baka
"
}
lg
{
"
Kapf
r
kaak
k
"
}
ls
{
"
Kapf
r
kaak
k
ei
ei
"
}
}
"
meta
:
Chamorro
"
{
ls
{
"
Shamoroo
kaak
k
"
}
}
"
meta
:
Chatham
"
{
ld
{
"
Shatam
kaak
k
gaf
baka
"
}
lg
{
"
Shatam
kaak
k
"
}
ls
{
"
Shatam
kaak
k
ei
ei
"
}
}
"
meta
:
Chile
"
{
ld
{
"
Shilii
kaak
k
gaf
baka
"
}
lg
{
"
Shilii
kaak
k
"
}
ls
{
"
Shilii
kaak
k
ei
ei
"
}
}
"
meta
:
China
"
{
ld
{
"
Ca
na
kaak
k
gaf
baka
"
}
lg
{
"
Ca
na
kaak
k
"
}
ls
{
"
Ca
na
kaak
k
ei
ei
"
}
}
"
meta
:
Christmas
"
{
ls
{
"
Now
l
kaAtuk
lt
na
kaak
k
"
}
}
"
meta
:
Cocos
"
{
ls
{
"
Kokoos
kaB
tuk
lt
na
kaak
k
"
}
}
"
meta
:
Colombia
"
{
ld
{
"
Kol
mbii
kaak
k
gaf
baka
"
}
lg
{
"
Kol
mbii
kaak
k
"
}
ls
{
"
Kol
mbii
kaak
k
ei
ei
"
}
}
"
meta
:
Cook
"
{
ld
{
"
K
k
kaB
tuk
lt
na
kaak
k
gaf
baka
"
}
lg
{
"
K
k
kaB
tuk
lt
na
kaak
k
"
}
ls
{
"
K
k
kaB
tuk
lt
na
kaak
k
ei
ei
"
}
}
"
meta
:
Cuba
"
{
ld
{
"
Kubaa
kaak
k
gaf
baka
"
}
lg
{
"
Kubaa
kaak
k
"
}
ls
{
"
Kubaa
kaak
k
ei
ei
"
}
}
"
meta
:
Davis
"
{
ls
{
"
efis
kaak
k
"
}
}
"
meta
:
DumontDUrville
"
{
ls
{
"
im
n
irfil
kaak
k
"
}
}
"
meta
:
East_Timor
"
{
ls
{
"
Tim
gajakala
kaak
k
"
}
}
"
meta
:
Easter
"
{
ld
{
"
Paak
kaAtuk
lt
na
kaak
k
gaf
baka
"
}
lg
{
"
Paak
kaAatuk
lt
na
kaak
k
"
}
ls
{
"
Paak
kaAtuk
lt
na
kaak
k
ei
ei
"
}
}
"
meta
:
Ecuador
"
{
ls
{
"
Ekuwa
r
kaak
k
"
}
}
"
meta
:
Europe_Central
"
{
ld
{
"
Gar
f
nt
na
g
c
ca
kaak
k
gaf
baka
"
}
lg
{
"
Gar
f
nt
na
g
c
ca
kaak
k
"
}
ls
{
"
Gar
f
nt
na
g
c
ca
kaak
k
ei
ei
"
}
}
"
meta
:
Europe_Eastern
"
{
ld
{
"
Gar
f
nt
na
gajakala
kaak
k
gaf
baka
"
}
lg
{
"
Gar
f
nt
na
gajakala
kaak
k
"
}
ls
{
"
Gar
f
nt
na
gajakala
kaak
k
ei
ei
"
}
}
"
meta
:
Europe_Further_Eastern
"
{
ls
{
"
Gar
f
nt
na
gajakala
kaajakala
kaak
k
"
}
}
"
meta
:
Europe_Western
"
{
ld
{
"
Gar
f
nt
na
g
te
shilela
kaak
k
gaf
baka
"
}
lg
{
"
Gar
f
nt
na
g
te
shilela
kaak
k
"
}
ls
{
"
Gar
f
nt
na
g
te
shilela
kaak
k
ei
ei
"
}
}
"
meta
:
Falkland
"
{
ld
{
"
F
klan
kaB
tuk
lt
na
kaak
k
gaf
baka
"
}
lg
{
"
F
klan
kaB
tuk
lt
na
kaak
k
"
}
ls
{
"
F
klan
kaB
tuk
lt
na
kaak
k
ei
ei
"
}
}
"
meta
:
Fiji
"
{
ld
{
"
Fiji
kaak
k
gaf
baka
"
}
lg
{
"
Fiji
kaak
k
"
}
ls
{
"
Fiji
kaak
k
ei
ei
"
}
}
"
meta
:
French_Guiana
"
{
ls
{
"
Guyanaa
Gaf
nt
na
kaja
kaak
k
"
}
}
"
meta
:
French_Southern
"
{
ls
{
"
Gaf
nt
na
g
ny
sonola
na
Gatutalt
na
kaak
k
"
}
}
"
meta
:
GMT
"
{
ls
{
"
Griinwish
kaak
k
"
}
ss
{
"
Gk
"
}
}
"
meta
:
Galapagos
"
{
ls
{
"
Galapag
s
kaak
k
"
}
}
"
meta
:
Gambier
"
{
ls
{
"
Gambiyee
kaak
k
"
}
}
"
meta
:
Georgia
"
{
ld
{
"
J
rjiya
kaak
k
gaf
baka
"
}
lg
{
"
J
rjiya
kaak
k
"
}
ls
{
"
J
rjiya
kaak
k
ei
ei
"
}
}
"
meta
:
Gilbert_Islands
"
{
ls
{
"
Jilb
r
kaB
tuk
lt
na
kaak
k
"
}
}
"
meta
:
Greenland_Eastern
"
{
ld
{
"
Grinlan
gajakala
kaak
k
gaf
baka
"
}
lg
{
"
Grinlan
gajakala
kaak
k
"
}
ls
{
"
Grinlan
gajakala
kaak
k
ei
ei
"
}
}
"
meta
:
Greenland_Western
"
{
ld
{
"
Grinlan
g
te
shilela
kaak
k
gaf
baka
"
}
lg
{
"
Grinlan
g
te
shilela
kaak
k
"
}
ls
{
"
Grinlan
g
te
shilela
kaak
k
ei
ei
"
}
}
"
meta
:
Guam
"
{
ls
{
"
Guwam
kaak
k
"
}
}
"
meta
:
Gulf
"
{
ls
{
"
G
lf
kaak
k
"
}
}
"
meta
:
Guyana
"
{
ls
{
"
Guyanaa
kaak
k
"
}
}
"
meta
:
Hawaii_Aleutian
"
{
ld
{
"
Away
n
Alewutii
kaak
k
gaf
baka
"
}
lg
{
"
Away
n
Alewutii
kaak
k
"
}
ls
{
"
Away
n
Alewutii
kaak
k
ei
ei
"
}
}
"
meta
:
Hong_Kong
"
{
ld
{
"
H
K
kaak
k
gaf
baka
"
}
lg
{
"
H
K
kaak
k
"
}
ls
{
"
H
K
kaak
k
ei
ei
"
}
}
"
meta
:
Hovd
"
{
ld
{
"
H
f
kaak
k
gaf
baka
"
}
lg
{
"
H
f
kaak
k
"
}
ls
{
"
H
f
kaak
k
ei
ei
"
}
}
"
meta
:
India
"
{
ls
{
"
In
iya
kaak
k
"
}
}
"
meta
:
Indian_Ocean
"
{
ls
{
"
In
iya
kate
ku
kaak
k
"
}
}
"
meta
:
Indochina
"
{
ls
{
"
In
ica
na
kaak
k
"
}
}
"
meta
:
Indonesia_Central
"
{
ls
{
"
n
onosii
kag
c
ca
kaak
k
"
}
}
"
meta
:
Indonesia_Eastern
"
{
ls
{
"
n
onosii
kaajakala
kaak
k
"
}
}
"
meta
:
Indonesia_Western
"
{
ls
{
"
n
onosii
kag
te
shilela
kaak
k
"
}
}
"
meta
:
Iran
"
{
ld
{
"
Ira
kaak
k
gaf
baka
"
}
lg
{
"
Ira
kaak
k
"
}
ls
{
"
Ira
kaak
k
ei
ei
"
}
}
"
meta
:
Irkutsk
"
{
ld
{
"
Irkut
kaak
k
gaf
baka
"
}
lg
{
"
Irkut
kaak
k
"
}
ls
{
"
Irkut
kaak
k
ei
ei
"
}
}
"
meta
:
Israel
"
{
ld
{
"
Yishra
l
kaak
k
gaf
baka
"
}
lg
{
"
Yishra
l
kaak
k
"
}
ls
{
"
Yishra
l
kaak
k
ei
ei
"
}
}
"
meta
:
Japan
"
{
ld
{
"
Japa
kaak
k
gaf
baka
"
}
lg
{
"
Japa
kaak
k
"
}
ls
{
"
Japa
kaak
k
ei
ei
"
}
}
"
meta
:
Kazakhstan
"
{
ls
{
"
Kasastan
kaak
k
"
}
}
"
meta
:
Kazakhstan_Eastern
"
{
ls
{
"
Kasastan
gajakala
kaak
k
"
}
}
"
meta
:
Kazakhstan_Western
"
{
ls
{
"
Kasastan
g
te
shilela
kaak
k
"
}
}
"
meta
:
Korea
"
{
ld
{
"
Koree
kaak
k
gaf
baka
"
}
lg
{
"
Koree
kaak
k
"
}
ls
{
"
Koree
kaak
k
ei
ei
"
}
}
"
meta
:
Kosrae
"
{
ls
{
"
K
sr
kaak
k
"
}
}
"
meta
:
Krasnoyarsk
"
{
ld
{
"
Krasnoyark
kaak
k
gaf
baka
"
}
lg
{
"
Krasnoyark
kaak
k
"
}
ls
{
"
Krasnoyark
kaak
k
ei
ei
"
}
}
"
meta
:
Kyrgystan
"
{
ls
{
"
Kirgistan
kaak
k
"
}
}
"
meta
:
Lanka
"
{
ls
{
"
Siri
La
kaa
kaak
k
"
}
}
"
meta
:
Line_Islands
"
{
ls
{
"
La
n
kaB
tuk
lt
na
kaak
k
"
}
}
"
meta
:
Lord_Howe
"
{
ld
{
"
L
r
Hoo
kaak
k
gaf
baka
"
}
lg
{
"
L
r
Hoo
kaak
k
"
}
ls
{
"
L
r
Hoo
kaak
k
ei
ei
"
}
}
"
meta
:
Macau
"
{
ld
{
"
akawoo
kaak
k
gaf
baka
"
}
lg
{
"
Makawoo
kaak
k
"
}
ls
{
"
Makawoo
kaak
k
ei
ei
"
}
}
"
meta
:
Magadan
"
{
ld
{
"
Maga
an
kaak
k
gaf
baka
"
}
lg
{
"
Maga
an
kaak
k
"
}
ls
{
"
Maga
an
kaak
k
ei
ei
"
}
}
"
meta
:
Malaysia
"
{
ls
{
"
Mal
sii
kaak
k
"
}
}
"
meta
:
Maldives
"
{
ls
{
"
Mal
iifu
kaak
k
"
}
}
"
meta
:
Marquesas
"
{
ls
{
"
Markesas
kaak
k
"
}
}
"
meta
:
Marshall_Islands
"
{
ls
{
"
Marshal
kaB
tuk
lt
na
kaak
k
"
}
}
"
meta
:
Mauritius
"
{
ld
{
"
Imoris
kaak
k
gaf
baka
"
}
lg
{
"
Imoris
kaak
k
"
}
ls
{
"
Imoris
kaak
k
ei
ei
"
}
}
"
meta
:
Mawson
"
{
ls
{
"
M
s
n
kaak
k
"
}
}
"
meta
:
Mexico_Pacific
"
{
ld
{
"
M
sik
kapasifika
kaak
k
gaf
baka
"
}
lg
{
"
M
sik
kapasifika
kaak
k
"
}
ls
{
"
M
sik
kapasifika
kaak
k
ei
ei
"
}
}
"
meta
:
Mongolia
"
{
ld
{
"
Ulanbat
r
kaak
k
gaf
baka
"
}
lg
{
"
Ulanbat
r
kaak
k
"
}
ls
{
"
Ulanbat
r
kaak
k
ei
ei
"
}
}
"
meta
:
Moscow
"
{
ld
{
"
Moskuu
kaak
k
gaf
baka
"
}
lg
{
"
Moskuu
kaak
k
"
}
ls
{
"
Moskuu
kaak
k
ei
ei
"
}
}
"
meta
:
Myanmar
"
{
ls
{
"
Miyanmaa
kaak
k
"
}
}
"
meta
:
Nauru
"
{
ls
{
"
Nawuru
kaak
k
"
}
}
"
meta
:
Nepal
"
{
ls
{
"
Neepal
kaak
k
"
}
}
"
meta
:
New_Caledonia
"
{
ld
{
"
Kale
onii
af
l
kaak
k
gaf
baka
"
}
lg
{
"
Kale
onii
af
l
kaak
k
"
}
ls
{
"
Kale
onii
af
l
kaak
k
ei
ei
"
}
}
"
meta
:
New_Zealand
"
{
ld
{
"
Selan
af
l
kaak
k
gaf
baka
"
}
lg
{
"
Selan
af
l
kaak
k
"
}
ls
{
"
Selan
af
l
kaak
k
ei
ei
"
}
}
"
meta
:
Newfoundland
"
{
ld
{
"
Fa
n
lan
af
l
kaak
k
gaf
baka
"
}
lg
{
"
Fa
n
lan
af
l
kaak
k
"
}
ls
{
"
Fa
n
lan
af
l
kaak
k
ei
ei
"
}
}
"
meta
:
Niue
"
{
ls
{
"
Niwuye
kaak
k
"
}
}
"
meta
:
Norfolk
"
{
ld
{
"
N
rfook
kaAtuk
lt
na
kaak
k
gaf
baka
"
}
lg
{
"
N
rfook
kaAtuk
lt
na
kaak
k
"
}
ls
{
"
N
rfook
kaAtuk
lt
na
kaak
k
ei
ei
"
}
}
"
meta
:
Noronha
"
{
ld
{
"
F
rnan
o
e
Nor
nya
kaak
k
gaf
baka
"
}
lg
{
"
F
rnan
o
e
Nor
nya
kaak
k
"
}
ls
{
"
F
rnan
o
e
Nor
nya
kaak
k
ei
ei
"
}
}
"
meta
:
North_Mariana
"
{
ls
{
"
Mariyan
k
b
tuk
lt
na
g
ny
p
n
la
kaak
k
"
}
}
"
meta
:
Novosibirsk
"
{
ld
{
"
Nofosibirk
kaak
k
gaf
baka
"
}
lg
{
"
Nofosibirk
kaak
k
"
}
ls
{
"
Nofosibirk
kaak
k
ei
ei
"
}
}
"
meta
:
Omsk
"
{
ld
{
"
ms
k
kaak
k
gaf
baka
"
}
lg
{
"
ms
k
kaak
k
"
}
ls
{
"
ms
k
kaak
k
ei
ei
"
}
}
"
meta
:
Pakistan
"
{
ld
{
"
Pakistan
kaak
k
gaf
baka
"
}
lg
{
"
Pakistan
kaak
k
"
}
ls
{
"
Pakistan
kaak
k
ei
ei
"
}
}
"
meta
:
Palau
"
{
ls
{
"
Palawoo
kaak
k
"
}
}
"
meta
:
Papua_New_Guinea
"
{
ls
{
"
Papuasii
Ginee
af
l
kaak
k
"
}
}
"
meta
:
Paraguay
"
{
ld
{
"
Paraguwee
kaak
k
gaf
baka
"
}
lg
{
"
Paraguwee
kaak
k
"
}
ls
{
"
Paraguwee
kaak
k
ei
ei
"
}
}
"
meta
:
Peru
"
{
ld
{
"
Peruu
kaak
k
gaf
baka
"
}
lg
{
"
Peruu
kaak
k
"
}
ls
{
"
Peruu
kaak
k
ei
ei
"
}
}
"
meta
:
Philippines
"
{
ld
{
"
Filipiin
kaak
k
gaf
baka
"
}
lg
{
"
Filipiin
kaak
k
"
}
ls
{
"
Filipiin
kaak
k
ei
ei
"
}
}
"
meta
:
Phoenix_Islands
"
{
ls
{
"
Foeniis
kaB
tuk
lt
na
kaak
k
"
}
}
"
meta
:
Pierre_Miquelon
"
{
ld
{
"
S
-
Petr
s
na
Mikel
kaak
k
gaf
baka
"
}
lg
{
"
S
-
Petr
s
na
Mikel
kaak
k
"
}
ls
{
"
S
-
Petr
s
na
Mikel
kaak
k
ei
ei
"
}
}
"
meta
:
Pitcairn
"
{
ls
{
"
P
tk
n
kaB
tuk
lt
na
kaak
k
"
}
}
"
meta
:
Ponape
"
{
ls
{
"
Ponapee
kaak
k
"
}
}
"
meta
:
Pyongyang
"
{
ls
{
"
P
y
ya
kaak
k
"
}
}
"
meta
:
Reunion
"
{
ls
{
"
Reeniy
kaak
k
"
}
}
"
meta
:
Rothera
"
{
ls
{
"
Roteraa
kaak
k
"
}
}
"
meta
:
Sakhalin
"
{
ld
{
"
Sakalin
kaak
k
gaf
baka
"
}
lg
{
"
Sakalin
kaak
k
"
}
ls
{
"
Sakalin
kaak
k
ei
ei
"
}
}
"
meta
:
Samoa
"
{
ld
{
"
Samowa
kaak
k
gaf
baka
"
}
lg
{
"
Samowa
kaak
k
"
}
ls
{
"
Samowa
kaak
k
ei
ei
"
}
}
"
meta
:
Seychelles
"
{
ls
{
"
Sesh
l
kaak
k
"
}
}
"
meta
:
Singapore
"
{
ls
{
"
Si
gapuur
kaak
k
"
}
}
"
meta
:
Solomon
"
{
ls
{
"
Salom
n
kaB
tuk
lt
na
kaak
k
"
}
}
"
meta
:
South_Georgia
"
{
ls
{
"
J
rjiya
g
ny
sono
kaak
k
"
}
}
"
meta
:
Suriname
"
{
ls
{
"
Surinam
kaak
k
"
}
}
"
meta
:
Syowa
"
{
ls
{
"
Siyowaa
kaak
k
"
}
}
"
meta
:
Tahiti
"
{
ls
{
"
Tahitii
kaak
k
"
}
}
"
meta
:
Taipei
"
{
ld
{
"
Ta
pei
kaak
k
gaf
baka
"
}
lg
{
"
Ta
pei
kaak
k
"
}
ls
{
"
Ta
pei
kaak
k
ei
ei
"
}
}
"
meta
:
Tajikistan
"
{
ls
{
"
Tajikistan
kaak
k
"
}
}
"
meta
:
Tokelau
"
{
ls
{
"
Tokela
kaak
k
"
}
}
"
meta
:
Tonga
"
{
ld
{
"
T
ga
kaak
k
gaf
baka
"
}
lg
{
"
T
ga
kaak
k
"
}
ls
{
"
T
ga
kaak
k
ei
ei
"
}
}
"
meta
:
Truk
"
{
ls
{
"
Cuuk
kaak
k
"
}
}
"
meta
:
Turkmenistan
"
{
ld
{
"
Turkmenistan
kaak
k
gaf
baka
"
}
lg
{
"
Turkmenistan
kaak
k
"
}
ls
{
"
Turkmenistan
kaak
k
ei
ei
"
}
}
"
meta
:
Tuvalu
"
{
ls
{
"
Tufalu
kaak
k
"
}
}
"
meta
:
Uruguay
"
{
ld
{
"
Uruguwee
kaak
k
gaf
baka
"
}
lg
{
"
Uruguwee
kaak
k
"
}
ls
{
"
Uruguwee
kaak
k
ei
ei
"
}
}
"
meta
:
Uzbekistan
"
{
ld
{
"
Usbeekistan
kaak
k
gaf
baka
"
}
lg
{
"
Usbeekistan
kaak
k
"
}
ls
{
"
Usbeekistan
kaak
k
ei
ei
"
}
}
"
meta
:
Vanuatu
"
{
ld
{
"
Fanuwatu
kaak
k
gaf
baka
"
}
lg
{
"
Fanuwatu
kaak
k
"
}
ls
{
"
Fanuwatu
kaak
k
ei
ei
"
}
}
"
meta
:
Venezuela
"
{
ls
{
"
Fenesuwelaa
kaak
k
"
}
}
"
meta
:
Vladivostok
"
{
ld
{
"
Fla
if
st
k
kaak
k
gaf
baka
"
}
lg
{
"
Fla
if
st
k
kaak
k
"
}
ls
{
"
Fla
if
st
k
kaak
k
ei
ei
"
}
}
"
meta
:
Volgograd
"
{
ld
{
"
F
lgograa
kaak
k
gaf
baka
"
}
lg
{
"
F
lgograa
kaak
k
"
}
ls
{
"
F
lgograa
kaak
k
ei
ei
"
}
}
"
meta
:
Vostok
"
{
ls
{
"
F
st
k
kaak
k
"
}
}
"
meta
:
Wake
"
{
ls
{
"
Week
kaB
tuk
lt
na
kaak
k
"
}
}
"
meta
:
Wallis
"
{
ls
{
"
Walis
na
Futuna
kaak
k
"
}
}
"
meta
:
Yakutsk
"
{
ld
{
"
Yakut
kaak
k
gaf
baka
"
}
lg
{
"
Yakut
kaak
k
"
}
ls
{
"
Yakut
kaak
k
ei
ei
"
}
}
"
meta
:
Yekaterinburg
"
{
ld
{
"
Yekaterinbuu
kaak
k
gaf
baka
"
}
lg
{
"
Yekaterinbuu
kaak
k
"
}
ls
{
"
Yekaterinbuu
kaak
k
ei
ei
"
}
}
"
meta
:
Yukon
"
{
ls
{
"
Yuk
n
kaak
k
"
}
}
gmtFormat
{
"
{
0
}
Gk
"
}
gmtZeroFormat
{
"
Gk
"
}
regionFormat
{
"
{
0
}
kaak
k
"
}
regionFormatDaylight
{
"
{
0
}
kaak
k
gaf
baka
"
}
regionFormatStandard
{
"
{
0
}
kaak
k
ei
ei
"
}
}
}
