/
/
2016
and
later
:
Unicode
Inc
.
and
others
.
/
/
License
&
terms
of
use
:
http
:
/
/
www
.
unicode
.
org
/
copyright
.
html
#
License
br
{
Version
{
"
36
.
1
"
}
zoneStrings
{
"
Africa
:
Abidjan
"
{
ec
{
"
Abidjan
"
}
}
"
Africa
:
Accra
"
{
ec
{
"
Accra
"
}
}
"
Africa
:
Addis_Ababa
"
{
ec
{
"
Adis
Abeba
"
}
}
"
Africa
:
Algiers
"
{
ec
{
"
Aljer
"
}
}
"
Africa
:
Asmera
"
{
ec
{
"
Asmara
"
}
}
"
Africa
:
Bamako
"
{
ec
{
"
Bamako
"
}
}
"
Africa
:
Bangui
"
{
ec
{
"
Bangui
"
}
}
"
Africa
:
Banjul
"
{
ec
{
"
Banjul
"
}
}
"
Africa
:
Bissau
"
{
ec
{
"
Bissau
"
}
}
"
Africa
:
Brazzaville
"
{
ec
{
"
Brazzaville
"
}
}
"
Africa
:
Bujumbura
"
{
ec
{
"
Bujumbura
"
}
}
"
Africa
:
Cairo
"
{
ec
{
"
Kaero
"
}
}
"
Africa
:
Casablanca
"
{
ec
{
"
Dar
el
Beida
(
Casablanca
)
"
}
}
"
Africa
:
Conakry
"
{
ec
{
"
Conakry
"
}
}
"
Africa
:
Dakar
"
{
ec
{
"
Dakar
"
}
}
"
Africa
:
Dar_es_Salaam
"
{
ec
{
"
Dar
es
Salaam
"
}
}
"
Africa
:
Djibouti
"
{
ec
{
"
Djibouti
"
}
}
"
Africa
:
El_Aaiun
"
{
ec
{
"
La
Youn
"
}
}
"
Africa
:
Freetown
"
{
ec
{
"
Freetown
"
}
}
"
Africa
:
Gaborone
"
{
ec
{
"
Gaborone
"
}
}
"
Africa
:
Harare
"
{
ec
{
"
Harare
"
}
}
"
Africa
:
Johannesburg
"
{
ec
{
"
Johannesburg
"
}
}
"
Africa
:
Juba
"
{
ec
{
"
Juba
"
}
}
"
Africa
:
Kampala
"
{
ec
{
"
Kampala
"
}
}
"
Africa
:
Khartoum
"
{
ec
{
"
Khartoum
"
}
}
"
Africa
:
Kigali
"
{
ec
{
"
Kigali
"
}
}
"
Africa
:
Kinshasa
"
{
ec
{
"
Kinshasa
"
}
}
"
Africa
:
Lagos
"
{
ec
{
"
Lagos
"
}
}
"
Africa
:
Libreville
"
{
ec
{
"
Libreville
"
}
}
"
Africa
:
Lome
"
{
ec
{
"
Lom
"
}
}
"
Africa
:
Luanda
"
{
ec
{
"
Luanda
"
}
}
"
Africa
:
Lubumbashi
"
{
ec
{
"
Lubumbashi
"
}
}
"
Africa
:
Lusaka
"
{
ec
{
"
Lusaka
"
}
}
"
Africa
:
Malabo
"
{
ec
{
"
Malabo
"
}
}
"
Africa
:
Maputo
"
{
ec
{
"
Maputo
"
}
}
"
Africa
:
Maseru
"
{
ec
{
"
Maseru
"
}
}
"
Africa
:
Mbabane
"
{
ec
{
"
Mbabane
"
}
}
"
Africa
:
Mogadishu
"
{
ec
{
"
Muqdisho
"
}
}
"
Africa
:
Monrovia
"
{
ec
{
"
Monrovia
"
}
}
"
Africa
:
Nairobi
"
{
ec
{
"
Nairobi
"
}
}
"
Africa
:
Ndjamena
"
{
ec
{
"
N
Djamena
"
}
}
"
Africa
:
Niamey
"
{
ec
{
"
Niamey
"
}
}
"
Africa
:
Nouakchott
"
{
ec
{
"
Nouakchott
"
}
}
"
Africa
:
Ouagadougou
"
{
ec
{
"
Ouagadougou
"
}
}
"
Africa
:
Porto
-
Novo
"
{
ec
{
"
Porto
-
Novo
"
}
}
"
Africa
:
Sao_Tome
"
{
ec
{
"
S
o
Tom
"
}
}
"
Africa
:
Tripoli
"
{
ec
{
"
Tarabulus
(
Tripoli
)
"
}
}
"
Africa
:
Tunis
"
{
ec
{
"
Tuniz
"
}
}
"
Africa
:
Windhoek
"
{
ec
{
"
Windhoek
"
}
}
"
America
:
Adak
"
{
ec
{
"
Adak
"
}
}
"
America
:
Anchorage
"
{
ec
{
"
Anchorage
"
}
}
"
America
:
Anguilla
"
{
ec
{
"
Anguilla
"
}
}
"
America
:
Antigua
"
{
ec
{
"
Antigua
"
}
}
"
America
:
Aruba
"
{
ec
{
"
Aruba
"
}
}
"
America
:
Asuncion
"
{
ec
{
"
Asunci
n
"
}
}
"
America
:
Barbados
"
{
ec
{
"
Barbados
"
}
}
"
America
:
Belem
"
{
ec
{
"
Bel
m
"
}
}
"
America
:
Belize
"
{
ec
{
"
Belize
"
}
}
"
America
:
Bogota
"
{
ec
{
"
Bogot
"
}
}
"
America
:
Buenos_Aires
"
{
ec
{
"
Buenos
Aires
"
}
}
"
America
:
Caracas
"
{
ec
{
"
Caracas
"
}
}
"
America
:
Cayenne
"
{
ec
{
"
Cayenne
"
}
}
"
America
:
Cayman
"
{
ec
{
"
Cayman
"
}
}
"
America
:
Chicago
"
{
ec
{
"
Chicago
"
}
}
"
America
:
Costa_Rica
"
{
ec
{
"
Costa
Rica
"
}
}
"
America
:
Denver
"
{
ec
{
"
Denver
"
}
}
"
America
:
Dominica
"
{
ec
{
"
Dominica
"
}
}
"
America
:
Edmonton
"
{
ec
{
"
Edmonton
"
}
}
"
America
:
El_Salvador
"
{
ec
{
"
Salvador
"
}
}
"
America
:
Godthab
"
{
ec
{
"
Nuuk
(
Godth
b
)
"
}
}
"
America
:
Grenada
"
{
ec
{
"
Grenada
"
}
}
"
America
:
Guadeloupe
"
{
ec
{
"
Gwadeloup
"
}
}
"
America
:
Guatemala
"
{
ec
{
"
Guatemala
"
}
}
"
America
:
Guyana
"
{
ec
{
"
Guyana
"
}
}
"
America
:
Havana
"
{
ec
{
"
La
Habana
"
}
}
"
America
:
Inuvik
"
{
ec
{
"
Inuvik
"
}
}
"
America
:
Jamaica
"
{
ec
{
"
Jamaika
"
}
}
"
America
:
La_Paz
"
{
ec
{
"
La
Paz
"
}
}
"
America
:
Lima
"
{
ec
{
"
Lima
"
}
}
"
America
:
Los_Angeles
"
{
ec
{
"
Los
Angeles
"
}
}
"
America
:
Managua
"
{
ec
{
"
Managua
"
}
}
"
America
:
Manaus
"
{
ec
{
"
Manaus
"
}
}
"
America
:
Martinique
"
{
ec
{
"
Martinik
"
}
}
"
America
:
Mexico_City
"
{
ec
{
"
K
r
Vec
hiko
"
}
}
"
America
:
Miquelon
"
{
ec
{
"
Mikelon
"
}
}
"
America
:
Monterrey
"
{
ec
{
"
Monterrey
"
}
}
"
America
:
Montevideo
"
{
ec
{
"
Montevideo
"
}
}
"
America
:
Montserrat
"
{
ec
{
"
Montserrat
"
}
}
"
America
:
Nassau
"
{
ec
{
"
Nassau
"
}
}
"
America
:
New_York
"
{
ec
{
"
New
York
"
}
}
"
America
:
Panama
"
{
ec
{
"
Panam
"
}
}
"
America
:
Paramaribo
"
{
ec
{
"
Paramaribo
"
}
}
"
America
:
Port
-
au
-
Prince
"
{
ec
{
"
Port
-
au
-
Prince
"
}
}
"
America
:
Port_of_Spain
"
{
ec
{
"
Port
of
Spain
"
}
}
"
America
:
Puerto_Rico
"
{
ec
{
"
Puerto
Rico
"
}
}
"
America
:
Recife
"
{
ec
{
"
Recife
"
}
}
"
America
:
Santiago
"
{
ec
{
"
Santiago
"
}
}
"
America
:
Sao_Paulo
"
{
ec
{
"
S
o
Paulo
"
}
}
"
America
:
St_Barthelemy
"
{
ec
{
"
Saint
Barth
lemy
"
}
}
"
America
:
St_Johns
"
{
ec
{
"
Saint
John
s
"
}
}
"
America
:
St_Kitts
"
{
ec
{
"
Saint
Kitts
"
}
}
"
America
:
St_Lucia
"
{
ec
{
"
Saint
Lucia
"
}
}
"
America
:
St_Vincent
"
{
ec
{
"
Sant
Visant
"
}
}
"
America
:
Tegucigalpa
"
{
ec
{
"
Tegucigalpa
"
}
}
"
America
:
Thule
"
{
ec
{
"
Q
n
q
"
}
}
"
America
:
Vancouver
"
{
ec
{
"
Vancouver
"
}
}
"
America
:
Winnipeg
"
{
ec
{
"
Winnipeg
"
}
}
"
Antarctica
:
Macquarie
"
{
ec
{
"
Macquarie
"
}
}
"
Arctic
:
Longyearbyen
"
{
ec
{
"
Longyearbyen
"
}
}
"
Asia
:
Aden
"
{
ec
{
"
Aden
"
}
}
"
Asia
:
Almaty
"
{
ec
{
"
Almaty
"
}
}
"
Asia
:
Amman
"
{
ec
{
"
Amman
"
}
}
"
Asia
:
Anadyr
"
{
ec
{
"
Anadyr
"
}
}
"
Asia
:
Ashgabat
"
{
ec
{
"
Ashgabat
"
}
}
"
Asia
:
Baghdad
"
{
ec
{
"
Baghdad
"
}
}
"
Asia
:
Bahrain
"
{
ec
{
"
Bahrein
"
}
}
"
Asia
:
Baku
"
{
ec
{
"
Bakou
"
}
}
"
Asia
:
Bangkok
"
{
ec
{
"
Bangkok
"
}
}
"
Asia
:
Beirut
"
{
ec
{
"
Bayrut
"
}
}
"
Asia
:
Bishkek
"
{
ec
{
"
Bishkek
"
}
}
"
Asia
:
Brunei
"
{
ec
{
"
Brunei
"
}
}
"
Asia
:
Calcutta
"
{
ec
{
"
Calcutta
"
}
}
"
Asia
:
Chita
"
{
ec
{
"
Tchita
"
}
}
"
Asia
:
Colombo
"
{
ec
{
"
Kolamba
"
}
}
"
Asia
:
Damascus
"
{
ec
{
"
Damask
"
}
}
"
Asia
:
Dushanbe
"
{
ec
{
"
Dushanbe
"
}
}
"
Asia
:
Gaza
"
{
ec
{
"
Gaza
"
}
}
"
Asia
:
Hong_Kong
"
{
ec
{
"
Hong
Kong
"
}
}
"
Asia
:
Irkutsk
"
{
ec
{
"
Irkutsk
"
}
}
"
Asia
:
Jakarta
"
{
ec
{
"
Jakarta
"
}
}
"
Asia
:
Jayapura
"
{
ec
{
"
Jayapura
"
}
}
"
Asia
:
Jerusalem
"
{
ec
{
"
Jeruzalem
"
}
}
"
Asia
:
Kabul
"
{
ec
{
"
Kaboul
"
}
}
"
Asia
:
Kamchatka
"
{
ec
{
"
Kamtchatka
"
}
}
"
Asia
:
Karachi
"
{
ec
{
"
Karachi
"
}
}
"
Asia
:
Katmandu
"
{
ec
{
"
Kathmandu
"
}
}
"
Asia
:
Kuala_Lumpur
"
{
ec
{
"
Kuala
Lumpur
"
}
}
"
Asia
:
Kuwait
"
{
ec
{
"
Koweit
"
}
}
"
Asia
:
Macau
"
{
ec
{
"
Macau
"
}
}
"
Asia
:
Manila
"
{
ec
{
"
Manila
"
}
}
"
Asia
:
Muscat
"
{
ec
{
"
Masqat
"
}
}
"
Asia
:
Nicosia
"
{
ec
{
"
Levkos
a
"
}
}
"
Asia
:
Novosibirsk
"
{
ec
{
"
Novosibirsk
"
}
}
"
Asia
:
Phnom_Penh
"
{
ec
{
"
Phnum
P
nh
"
}
}
"
Asia
:
Pyongyang
"
{
ec
{
"
P
yongyang
"
}
}
"
Asia
:
Qatar
"
{
ec
{
"
Qatar
"
}
}
"
Asia
:
Rangoon
"
{
ec
{
"
Yangon
"
}
}
"
Asia
:
Riyadh
"
{
ec
{
"
Riyadh
"
}
}
"
Asia
:
Saigon
"
{
ec
{
"
K
r
H
-
Chi
-
Minh
"
}
}
"
Asia
:
Sakhalin
"
{
ec
{
"
Sakhalin
"
}
}
"
Asia
:
Seoul
"
{
ec
{
"
Seoul
"
}
}
"
Asia
:
Shanghai
"
{
ec
{
"
Shanghai
"
}
}
"
Asia
:
Singapore
"
{
ec
{
"
Singapour
"
}
}
"
Asia
:
Taipei
"
{
ec
{
"
Taipei
"
}
}
"
Asia
:
Tashkent
"
{
ec
{
"
Toshkent
"
}
}
"
Asia
:
Tbilisi
"
{
ec
{
"
Tbilisi
"
}
}
"
Asia
:
Tehran
"
{
ec
{
"
Tehran
"
}
}
"
Asia
:
Thimphu
"
{
ec
{
"
Thimphu
"
}
}
"
Asia
:
Tokyo
"
{
ec
{
"
Tokyo
"
}
}
"
Asia
:
Ulaanbaatar
"
{
ec
{
"
Ulaanbaatar
"
}
}
"
Asia
:
Urumqi
"
{
ec
{
"
r
mqi
"
}
}
"
Asia
:
Vientiane
"
{
ec
{
"
Viangchan
"
}
}
"
Asia
:
Vladivostok
"
{
ec
{
"
Vladivostok
"
}
}
"
Asia
:
Yakutsk
"
{
ec
{
"
Yakutsk
"
}
}
"
Asia
:
Yekaterinburg
"
{
ec
{
"
Yekaterinbourg
"
}
}
"
Asia
:
Yerevan
"
{
ec
{
"
Yerevan
"
}
}
"
Atlantic
:
Azores
"
{
ec
{
"
Azorez
"
}
}
"
Atlantic
:
Bermuda
"
{
ec
{
"
Bermudez
"
}
}
"
Atlantic
:
Canary
"
{
ec
{
"
Kanariez
"
}
}
"
Atlantic
:
Cape_Verde
"
{
ec
{
"
Kab
Glas
"
}
}
"
Atlantic
:
Faeroe
"
{
ec
{
"
Faero
"
}
}
"
Atlantic
:
Madeira
"
{
ec
{
"
Madeira
"
}
}
"
Atlantic
:
Reykjavik
"
{
ec
{
"
Reykjav
k
"
}
}
"
Atlantic
:
South_Georgia
"
{
ec
{
"
Georgia
ar
Su
"
}
}
"
Atlantic
:
St_Helena
"
{
ec
{
"
Saint
Helena
"
}
}
"
Australia
:
Adelaide
"
{
ec
{
"
Adelaide
"
}
}
"
Australia
:
Brisbane
"
{
ec
{
"
Brisbane
"
}
}
"
Australia
:
Darwin
"
{
ec
{
"
Darwin
"
}
}
"
Australia
:
Melbourne
"
{
ec
{
"
Melbourne
"
}
}
"
Australia
:
Perth
"
{
ec
{
"
Perth
"
}
}
"
Australia
:
Sydney
"
{
ec
{
"
Sydney
"
}
}
"
Etc
:
UTC
"
{
ls
{
"
amzer
hollvedel
kenurzhiet
"
}
}
"
Etc
:
Unknown
"
{
ec
{
"
k
r
dianav
"
}
}
"
Europe
:
Amsterdam
"
{
ec
{
"
Amsterdam
"
}
}
"
Europe
:
Andorra
"
{
ec
{
"
Andorra
"
}
}
"
Europe
:
Athens
"
{
ec
{
"
Aten
"
}
}
"
Europe
:
Belgrade
"
{
ec
{
"
Beograd
"
}
}
"
Europe
:
Berlin
"
{
ec
{
"
Berlin
"
}
}
"
Europe
:
Bratislava
"
{
ec
{
"
Bratislava
"
}
}
"
Europe
:
Brussels
"
{
ec
{
"
Brusel
"
}
}
"
Europe
:
Bucharest
"
{
ec
{
"
Bukarest
"
}
}
"
Europe
:
Budapest
"
{
ec
{
"
Budapest
"
}
}
"
Europe
:
Chisinau
"
{
ec
{
"
Chisinau
"
}
}
"
Europe
:
Copenhagen
"
{
ec
{
"
Kopenhagen
"
}
}
"
Europe
:
Dublin
"
{
ec
{
"
Dulenn
"
}
ld
{
"
eur
c
hoa
v
Iwerzhon
"
}
}
"
Europe
:
Gibraltar
"
{
ec
{
"
Jibraltar
"
}
}
"
Europe
:
Guernsey
"
{
ec
{
"
Gwernenez
"
}
}
"
Europe
:
Helsinki
"
{
ec
{
"
Helsinki
"
}
}
"
Europe
:
Isle_of_Man
"
{
ec
{
"
Manav
"
}
}
"
Europe
:
Istanbul
"
{
ec
{
"
Istanbul
"
}
}
"
Europe
:
Jersey
"
{
ec
{
"
Jerzenez
"
}
}
"
Europe
:
Kaliningrad
"
{
ec
{
"
Kaliningrad
"
}
}
"
Europe
:
Kiev
"
{
ec
{
"
Kiev
"
}
}
"
Europe
:
Lisbon
"
{
ec
{
"
Lisboa
"
}
}
"
Europe
:
Ljubljana
"
{
ec
{
"
Ljubljana
"
}
}
"
Europe
:
London
"
{
ec
{
"
Londrez
"
}
ld
{
"
eur
ha
v
Breizh
-
Veur
"
}
}
"
Europe
:
Luxembourg
"
{
ec
{
"
Luksembourg
"
}
}
"
Europe
:
Madrid
"
{
ec
{
"
Madrid
"
}
}
"
Europe
:
Malta
"
{
ec
{
"
Malta
"
}
}
"
Europe
:
Mariehamn
"
{
ec
{
"
Marjehamn
"
}
}
"
Europe
:
Minsk
"
{
ec
{
"
Mensk
"
}
}
"
Europe
:
Monaco
"
{
ec
{
"
Monaco
"
}
}
"
Europe
:
Moscow
"
{
ec
{
"
Moskov
"
}
}
"
Europe
:
Oslo
"
{
ec
{
"
Oslo
"
}
}
"
Europe
:
Paris
"
{
ec
{
"
Pariz
"
}
}
"
Europe
:
Podgorica
"
{
ec
{
"
Podgorica
"
}
}
"
Europe
:
Prague
"
{
ec
{
"
Praha
"
}
}
"
Europe
:
Riga
"
{
ec
{
"
Riga
"
}
}
"
Europe
:
Rome
"
{
ec
{
"
Roma
"
}
}
"
Europe
:
San_Marino
"
{
ec
{
"
San
Marino
"
}
}
"
Europe
:
Sarajevo
"
{
ec
{
"
Sarajevo
"
}
}
"
Europe
:
Skopje
"
{
ec
{
"
Skopje
"
}
}
"
Europe
:
Sofia
"
{
ec
{
"
Sofia
"
}
}
"
Europe
:
Stockholm
"
{
ec
{
"
Stockholm
"
}
}
"
Europe
:
Tallinn
"
{
ec
{
"
Tallinn
"
}
}
"
Europe
:
Tirane
"
{
ec
{
"
Tiran
"
}
}
"
Europe
:
Vaduz
"
{
ec
{
"
Vaduz
"
}
}
"
Europe
:
Vatican
"
{
ec
{
"
Vatikan
"
}
}
"
Europe
:
Vienna
"
{
ec
{
"
Vienna
"
}
}
"
Europe
:
Vilnius
"
{
ec
{
"
Vilnius
"
}
}
"
Europe
:
Volgograd
"
{
ec
{
"
Volgograd
"
}
}
"
Europe
:
Warsaw
"
{
ec
{
"
Varsovia
"
}
}
"
Europe
:
Zagreb
"
{
ec
{
"
Zagreb
"
}
}
"
Indian
:
Antananarivo
"
{
ec
{
"
Antananarivo
"
}
}
"
Indian
:
Chagos
"
{
ec
{
"
Chagos
"
}
}
"
Indian
:
Christmas
"
{
ec
{
"
Christmas
"
}
}
"
Indian
:
Cocos
"
{
ec
{
"
Kokoz
"
}
}
"
Indian
:
Comoro
"
{
ec
{
"
Komorez
"
}
}
"
Indian
:
Kerguelen
"
{
ec
{
"
Kergelenn
"
}
}
"
Indian
:
Maldives
"
{
ec
{
"
Maldivez
"
}
}
"
Indian
:
Mauritius
"
{
ec
{
"
Moris
"
}
}
"
Indian
:
Mayotte
"
{
ec
{
"
Mayotte
"
}
}
"
Indian
:
Reunion
"
{
ec
{
"
Re
nion
"
}
}
"
Pacific
:
Apia
"
{
ec
{
"
Apia
"
}
}
"
Pacific
:
Auckland
"
{
ec
{
"
Auckland
"
}
}
"
Pacific
:
Bougainville
"
{
ec
{
"
Bougainville
"
}
}
"
Pacific
:
Chatham
"
{
ec
{
"
Chatham
"
}
}
"
Pacific
:
Easter
"
{
ec
{
"
Enez
Pask
"
}
}
"
Pacific
:
Fiji
"
{
ec
{
"
Fidji
"
}
}
"
Pacific
:
Galapagos
"
{
ec
{
"
Gal
pagos
"
}
}
"
Pacific
:
Gambier
"
{
ec
{
"
Gambier
"
}
}
"
Pacific
:
Guam
"
{
ec
{
"
Guam
"
}
}
"
Pacific
:
Honolulu
"
{
ec
{
"
Honolulu
"
}
}
"
Pacific
:
Marquesas
"
{
ec
{
"
Markiz
"
}
}
"
Pacific
:
Midway
"
{
ec
{
"
Midway
"
}
}
"
Pacific
:
Nauru
"
{
ec
{
"
Nauru
"
}
}
"
Pacific
:
Niue
"
{
ec
{
"
Niue
"
}
}
"
Pacific
:
Norfolk
"
{
ec
{
"
Norfolk
"
}
}
"
Pacific
:
Noumea
"
{
ec
{
"
Noumea
"
}
}
"
Pacific
:
Pago_Pago
"
{
ec
{
"
Pago
Pago
"
}
}
"
Pacific
:
Palau
"
{
ec
{
"
Palau
"
}
}
"
Pacific
:
Pitcairn
"
{
ec
{
"
Pitcairn
"
}
}
"
Pacific
:
Port_Moresby
"
{
ec
{
"
Port
Moresby
"
}
}
"
Pacific
:
Rarotonga
"
{
ec
{
"
Rarotonga
"
}
}
"
Pacific
:
Tahiti
"
{
ec
{
"
Tahiti
"
}
}
"
Pacific
:
Wallis
"
{
ec
{
"
Wallis
"
}
}
"
meta
:
Afghanistan
"
{
ls
{
"
eur
Afghanistan
"
}
}
"
meta
:
Africa_Central
"
{
ls
{
"
eur
Kreizafrika
"
}
}
"
meta
:
Africa_Eastern
"
{
ls
{
"
eur
Afrika
ar
Reter
"
}
}
"
meta
:
Africa_Southern
"
{
ls
{
"
eur
c
hoa
v
Suafrika
"
}
}
"
meta
:
Africa_Western
"
{
ld
{
"
eur
ha
v
Afrika
ar
C
horn
g
"
}
lg
{
"
eur
Afrika
ar
C
horn
g
"
}
ls
{
"
eur
c
hoa
v
Afrika
ar
C
horn
g
"
}
}
"
meta
:
Alaska
"
{
ld
{
"
eur
ha
v
Alaska
"
}
lg
{
"
eur
Alaska
"
}
ls
{
"
eur
c
hoa
v
Alaska
"
}
}
"
meta
:
Almaty
"
{
ld
{
"
eur
ha
v
Almaty
"
}
lg
{
"
eur
Almaty
"
}
ls
{
"
eur
c
hoa
v
Almaty
"
}
}
"
meta
:
Amazon
"
{
ld
{
"
eur
ha
v
an
Amazon
"
}
lg
{
"
eur
an
Amazon
"
}
ls
{
"
eur
c
hoa
v
an
Amazon
"
}
}
"
meta
:
America_Central
"
{
ld
{
"
eur
ha
v
ar
C
hreiz
"
}
lg
{
"
eur
ar
C
hreiz
"
}
ls
{
"
eur
c
hoa
v
ar
C
hreiz
"
}
}
"
meta
:
America_Eastern
"
{
ld
{
"
eur
ha
v
ar
Reter
"
}
lg
{
"
eur
ar
Reter
"
}
ls
{
"
eur
c
hoa
v
ar
Reter
"
}
}
"
meta
:
America_Mountain
"
{
ld
{
"
eur
ha
v
ar
Menezio
"
}
lg
{
"
eur
ar
Menezio
"
}
ls
{
"
eur
c
hoa
v
ar
Menezio
"
}
}
"
meta
:
America_Pacific
"
{
ld
{
"
eur
ha
v
an
Habask
"
}
lg
{
"
eur
an
Habask
"
}
ls
{
"
eur
c
hoa
v
an
Habask
"
}
}
"
meta
:
Anadyr
"
{
ld
{
"
eur
ha
v
Anadyr
"
}
lg
{
"
eur
Anadyr
"
}
ls
{
"
eur
c
hoa
v
Anadyr
"
}
}
"
meta
:
Apia
"
{
ld
{
"
eur
ha
v
Apia
"
}
lg
{
"
eur
Apia
"
}
ls
{
"
eur
c
hoa
v
Apia
"
}
}
"
meta
:
Arabian
"
{
ld
{
"
eur
ha
v
Arabia
"
}
lg
{
"
eur
Arabia
"
}
ls
{
"
eur
c
hoa
v
Arabia
"
}
}
"
meta
:
Argentina
"
{
ld
{
"
eur
ha
v
Arc
hantina
"
}
lg
{
"
eur
Arc
hantina
"
}
ls
{
"
eur
c
hoa
v
Arc
hantina
"
}
}
"
meta
:
Argentina_Western
"
{
ld
{
"
eur
ha
v
Arc
hantina
ar
C
horn
g
"
}
lg
{
"
eur
Arc
hantina
ar
C
horn
g
"
}
ls
{
"
eur
c
hoa
v
Arc
hantina
ar
C
horn
g
"
}
}
"
meta
:
Armenia
"
{
ld
{
"
eur
ha
v
Armenia
"
}
lg
{
"
eur
Armenia
"
}
ls
{
"
eur
c
hoa
v
Armenia
"
}
}
"
meta
:
Atlantic
"
{
ld
{
"
eur
ha
v
an
Atlantel
"
}
lg
{
"
eur
an
Atlantel
"
}
ls
{
"
eur
c
hoa
v
an
Atlantel
"
}
}
"
meta
:
Australia_Central
"
{
ld
{
"
eur
ha
v
Kreizaostralia
"
}
lg
{
"
eur
Kreizaostralia
"
}
ls
{
"
eur
c
hoa
v
Kreizaostralia
"
}
}
"
meta
:
Australia_CentralWestern
"
{
ld
{
"
eur
ha
v
Kreizaostralia
ar
C
horn
g
"
}
lg
{
"
eur
Kreizaostralia
ar
C
horn
g
"
}
ls
{
"
eur
c
hoa
v
Kreizaostralia
ar
C
horn
g
"
}
}
"
meta
:
Australia_Eastern
"
{
ld
{
"
eur
ha
v
Aostralia
ar
Reter
"
}
lg
{
"
eur
Aostralia
ar
Reter
"
}
ls
{
"
eur
c
hoa
v
Aostralia
ar
Reter
"
}
}
"
meta
:
Australia_Western
"
{
ld
{
"
eur
ha
v
Aostralia
ar
C
horn
g
"
}
lg
{
"
eur
Aostralia
ar
C
horn
g
"
}
ls
{
"
eur
c
hoa
v
Aostralia
ar
C
horn
g
"
}
}
"
meta
:
Azerbaijan
"
{
ld
{
"
eur
ha
v
Azerbaidjan
"
}
lg
{
"
eur
Azerbaidjan
"
}
ls
{
"
eur
c
hoa
v
Azerbaidjan
"
}
}
"
meta
:
Azores
"
{
ld
{
"
eur
ha
v
an
Azorez
"
}
lg
{
"
eur
an
Azorez
"
}
ls
{
"
eur
c
hoa
v
an
Azorez
"
}
}
"
meta
:
Bangladesh
"
{
ld
{
"
eur
ha
v
Bangladesh
"
}
lg
{
"
eur
Bangladesh
"
}
ls
{
"
eur
c
hoa
v
Bangladesh
"
}
}
"
meta
:
Bhutan
"
{
ls
{
"
eur
Bhoutan
"
}
}
"
meta
:
Bolivia
"
{
ls
{
"
eur
Bolivia
"
}
}
"
meta
:
Brasilia
"
{
ld
{
"
eur
ha
v
Bras
lia
"
}
lg
{
"
eur
Bras
lia
"
}
ls
{
"
eur
c
hoa
v
Bras
lia
"
}
}
"
meta
:
Brunei
"
{
ls
{
"
eur
Brunei
Darussalam
"
}
}
"
meta
:
Cape_Verde
"
{
ld
{
"
eur
ha
v
ar
C
hab
-
Glas
"
}
lg
{
"
eur
ar
C
hab
-
Glas
"
}
ls
{
"
eur
c
hoa
v
ar
C
hab
-
Glas
"
}
}
"
meta
:
Chamorro
"
{
ls
{
"
eur
Chamorro
"
}
}
"
meta
:
Chatham
"
{
ld
{
"
eur
ha
v
Chatham
"
}
lg
{
"
eur
Chatham
"
}
ls
{
"
eur
c
hoa
v
Chatham
"
}
}
"
meta
:
Chile
"
{
ld
{
"
eur
ha
v
Chile
"
}
lg
{
"
eur
Chile
"
}
ls
{
"
eur
c
hoa
v
Chile
"
}
}
"
meta
:
China
"
{
ld
{
"
eur
ha
v
Sina
"
}
lg
{
"
eur
Sina
"
}
ls
{
"
eur
c
hoa
v
Sina
"
}
}
"
meta
:
Choibalsan
"
{
ld
{
"
eur
ha
v
Choibalsan
"
}
lg
{
"
eur
Choibalsan
"
}
ls
{
"
eur
c
hoa
v
Choibalsan
"
}
}
"
meta
:
Christmas
"
{
ls
{
"
eur
Enez
Christmas
"
}
}
"
meta
:
Cocos
"
{
ls
{
"
eur
Inizi
Kokoz
"
}
}
"
meta
:
Colombia
"
{
ld
{
"
eur
ha
v
Kolombia
"
}
lg
{
"
eur
Kolombia
"
}
ls
{
"
eur
c
hoa
v
Kolombia
"
}
}
"
meta
:
Cook
"
{
ld
{
"
eur
ha
v
Inizi
Cook
"
}
lg
{
"
eur
Inizi
Cook
"
}
ls
{
"
eur
c
hoa
v
Inizi
Cook
"
}
}
"
meta
:
Cuba
"
{
ld
{
"
eur
ha
v
Kuba
"
}
lg
{
"
eur
Kuba
"
}
ls
{
"
eur
c
hoa
v
Kuba
"
}
}
"
meta
:
Davis
"
{
ls
{
"
eur
Davis
"
}
}
"
meta
:
DumontDUrville
"
{
ls
{
"
eur
Dumont
-
d
Urville
"
}
}
"
meta
:
East_Timor
"
{
ls
{
"
eur
Timor
ar
Reter
"
}
}
"
meta
:
Easter
"
{
ld
{
"
eur
ha
v
Enez
Pask
"
}
lg
{
"
eur
Enez
Pask
"
}
ls
{
"
eur
c
hoa
v
Enez
Pask
"
}
}
"
meta
:
Ecuador
"
{
ls
{
"
eur
Ecuador
"
}
}
"
meta
:
Europe_Central
"
{
ld
{
"
eur
ha
v
Kreizeuropa
"
}
lg
{
"
eur
Kreizeuropa
"
}
ls
{
"
eur
c
hoa
v
Kreizeuropa
"
}
}
"
meta
:
Europe_Eastern
"
{
ld
{
"
eur
ha
v
Europa
ar
Reter
"
}
lg
{
"
eur
Europa
ar
Reter
"
}
ls
{
"
eur
c
hoa
v
Europa
ar
Reter
"
}
}
"
meta
:
Europe_Western
"
{
ld
{
"
eur
ha
v
Europa
ar
C
horn
g
"
}
lg
{
"
eur
Europa
ar
C
horn
g
"
}
ls
{
"
eur
c
hoa
v
Europa
ar
C
horn
g
"
}
}
"
meta
:
Falkland
"
{
ld
{
"
eur
ha
v
Inizi
Falkland
"
}
lg
{
"
eur
Inizi
Falkland
"
}
ls
{
"
eur
c
hoa
v
Inizi
Falkland
"
}
}
"
meta
:
Fiji
"
{
ld
{
"
eur
ha
v
Fidji
"
}
lg
{
"
eur
Fidji
"
}
ls
{
"
eur
c
hoa
v
Fidji
"
}
}
"
meta
:
French_Guiana
"
{
ls
{
"
eur
Gwiana
c
hall
"
}
}
"
meta
:
French_Southern
"
{
ls
{
"
eur
Douaro
aostral
Fra
s
hag
Antarktika
"
}
}
"
meta
:
GMT
"
{
ls
{
"
Amzer
keitat
Greenwich
(
AKG
)
"
}
}
"
meta
:
Galapagos
"
{
ls
{
"
eur
Inizi
Gal
pagos
"
}
}
"
meta
:
Gambier
"
{
ls
{
"
eur
Inizi
Gambier
"
}
}
"
meta
:
Georgia
"
{
ld
{
"
eur
ha
v
Jorjia
"
}
lg
{
"
eur
Jorjia
"
}
ls
{
"
eur
c
hoa
v
Jorjia
"
}
}
"
meta
:
Gilbert_Islands
"
{
ls
{
"
eur
Inizi
Gilbert
"
}
}
"
meta
:
Greenland_Eastern
"
{
ld
{
"
eur
ha
v
Greunland
ar
Reter
"
}
lg
{
"
eur
Greunland
ar
Reter
"
}
ls
{
"
eur
c
hoa
v
Greunland
ar
Reter
"
}
}
"
meta
:
Greenland_Western
"
{
ld
{
"
eur
ha
v
Greunland
ar
C
horn
g
"
}
lg
{
"
eur
Greunland
ar
C
horn
g
"
}
ls
{
"
eur
c
hoa
v
Greunland
ar
C
horn
g
"
}
}
"
meta
:
Guam
"
{
ls
{
"
eur
c
hoa
v
Guam
"
}
}
"
meta
:
Gulf
"
{
ls
{
"
eur
c
hoa
v
ar
Pleg
-
mor
Arab
-
ha
-
Pers
"
}
}
"
meta
:
Guyana
"
{
ls
{
"
eur
Guyana
"
}
}
"
meta
:
Hong_Kong
"
{
ld
{
"
eur
ha
v
Hong
Kong
"
}
lg
{
"
eur
Hong
Kong
"
}
ls
{
"
eur
c
hoa
v
Hong
Kong
"
}
}
"
meta
:
Hovd
"
{
ld
{
"
eur
ha
v
Hovd
"
}
lg
{
"
eur
Hovd
"
}
ls
{
"
eur
c
hoa
v
Hovd
"
}
}
"
meta
:
India
"
{
ls
{
"
eur
c
hoa
v
India
"
}
}
"
meta
:
Indian_Ocean
"
{
ls
{
"
eur
Meurvor
Indez
"
}
}
"
meta
:
Indochina
"
{
ls
{
"
eur
Indez
-
Sina
"
}
}
"
meta
:
Indonesia_Central
"
{
ls
{
"
eur
Kreiz
Indonezia
"
}
}
"
meta
:
Indonesia_Eastern
"
{
ls
{
"
eur
Indonezia
ar
Reter
"
}
}
"
meta
:
Indonesia_Western
"
{
ls
{
"
eur
Indonezia
ar
C
horn
g
"
}
}
"
meta
:
Iran
"
{
ld
{
"
eur
ha
v
Iran
"
}
lg
{
"
eur
Iran
"
}
ls
{
"
eur
c
hoa
v
Iran
"
}
}
"
meta
:
Irkutsk
"
{
ld
{
"
eur
ha
v
Irkutsk
"
}
lg
{
"
eur
Irkutsk
"
}
ls
{
"
eur
c
hoa
v
Irkutsk
"
}
}
"
meta
:
Israel
"
{
ld
{
"
eur
ha
v
Israel
"
}
lg
{
"
eur
Israel
"
}
ls
{
"
eur
c
hoa
v
Israel
"
}
}
"
meta
:
Japan
"
{
ld
{
"
eur
ha
v
Japan
"
}
lg
{
"
eur
Japan
"
}
ls
{
"
eur
c
hoa
v
Japan
"
}
}
"
meta
:
Kazakhstan_Eastern
"
{
ls
{
"
eur
Kazakstan
ar
Reter
"
}
}
"
meta
:
Kazakhstan_Western
"
{
ls
{
"
eur
Kazakstan
ar
C
horn
g
"
}
}
"
meta
:
Korea
"
{
ld
{
"
eur
ha
v
Korea
"
}
lg
{
"
eur
Korea
"
}
ls
{
"
eur
c
hoa
v
Korea
"
}
}
"
meta
:
Kosrae
"
{
ls
{
"
eur
Kosrae
"
}
}
"
meta
:
Krasnoyarsk
"
{
ld
{
"
eur
ha
v
Krasnoyarsk
"
}
lg
{
"
eur
Krasnoyarsk
"
}
ls
{
"
eur
c
hoa
v
Krasnoyarsk
"
}
}
"
meta
:
Kyrgystan
"
{
ls
{
"
eur
Kyrgyzstan
"
}
}
"
meta
:
Lanka
"
{
ls
{
"
eur
Sri
Lanka
"
}
}
"
meta
:
Line_Islands
"
{
ls
{
"
eur
Line
Islands
"
}
}
"
meta
:
Macau
"
{
ld
{
"
eur
ha
v
Macau
"
}
lg
{
"
eur
Macau
"
}
ls
{
"
eur
c
hoa
v
Macau
"
}
}
"
meta
:
Macquarie
"
{
ls
{
"
eur
Enez
Macquarie
"
}
}
"
meta
:
Magadan
"
{
ld
{
"
eur
ha
v
Magadan
"
}
lg
{
"
eur
Magadan
"
}
ls
{
"
eur
c
hoa
v
Magadan
"
}
}
"
meta
:
Malaysia
"
{
ls
{
"
eur
Malaysia
"
}
}
"
meta
:
Maldives
"
{
ls
{
"
eur
ar
Maldivez
"
}
}
"
meta
:
Marquesas
"
{
ls
{
"
eur
Inizi
Markiz
"
}
}
"
meta
:
Marshall_Islands
"
{
ls
{
"
eur
Inizi
Marshall
"
}
}
"
meta
:
Mauritius
"
{
ld
{
"
eur
ha
v
Moris
"
}
lg
{
"
eur
Moris
"
}
ls
{
"
eur
c
hoa
v
Moris
"
}
}
"
meta
:
Mawson
"
{
ls
{
"
eur
Mawson
"
}
}
"
meta
:
Mexico_Northwest
"
{
ld
{
"
eur
ha
v
Gwalarn
Mec
hiko
"
}
lg
{
"
eur
Gwalarn
Mec
hiko
"
}
ls
{
"
eur
c
hoa
v
Gwalarn
Mec
hiko
"
}
}
"
meta
:
Mongolia
"
{
ld
{
"
eur
ha
v
Ulaanbaatar
"
}
lg
{
"
eur
Ulaanbaatar
"
}
ls
{
"
eur
c
hoa
v
Ulaanbaatar
"
}
}
"
meta
:
Moscow
"
{
ld
{
"
eur
ha
v
Moskov
"
}
lg
{
"
eur
Moskov
"
}
ls
{
"
eur
c
hoa
v
Moskov
"
}
}
"
meta
:
Myanmar
"
{
ls
{
"
eur
Myanmar
"
}
}
"
meta
:
Nauru
"
{
ls
{
"
eur
Nauru
"
}
}
"
meta
:
Nepal
"
{
ls
{
"
eur
Nepal
"
}
}
"
meta
:
New_Caledonia
"
{
ld
{
"
eur
ha
v
Kaledonia
Nevez
"
}
lg
{
"
eur
Kaledonia
Nevez
"
}
ls
{
"
eur
c
hoa
v
Kaledonia
Nevez
"
}
}
"
meta
:
New_Zealand
"
{
ld
{
"
eur
ha
v
Zeland
-
Nevez
"
}
lg
{
"
eur
Zeland
-
Nevez
"
}
ls
{
"
eur
c
hoa
v
Zeland
-
Nevez
"
}
}
"
meta
:
Newfoundland
"
{
ld
{
"
eur
ha
v
Newfoundland
"
}
lg
{
"
eur
Newfoundland
"
}
ls
{
"
eur
c
hoa
v
Newfoundland
"
}
}
"
meta
:
Niue
"
{
ls
{
"
eur
Niue
"
}
}
"
meta
:
Norfolk
"
{
ls
{
"
eur
Enez
Norfolk
"
}
}
"
meta
:
Noronha
"
{
ld
{
"
eur
ha
v
Fernando
de
Noronha
"
}
lg
{
"
eur
Fernando
de
Noronha
"
}
ls
{
"
eur
c
hoa
v
Fernando
de
Noronha
"
}
}
"
meta
:
Novosibirsk
"
{
ld
{
"
eur
ha
v
Novosibirsk
"
}
lg
{
"
eur
Novosibirsk
"
}
ls
{
"
eur
c
hoa
v
Novosibirsk
"
}
}
"
meta
:
Omsk
"
{
ld
{
"
eur
ha
v
Omsk
"
}
lg
{
"
eur
Omsk
"
}
ls
{
"
eur
c
hoa
v
Omsk
"
}
}
"
meta
:
Pakistan
"
{
ld
{
"
eur
ha
v
Pakistan
"
}
lg
{
"
eur
Pakistan
"
}
ls
{
"
eur
c
hoa
v
Pakistan
"
}
}
"
meta
:
Palau
"
{
ls
{
"
eur
Palau
"
}
}
"
meta
:
Papua_New_Guinea
"
{
ls
{
"
eur
Papoua
-
Ginea
-
Nevez
"
}
}
"
meta
:
Paraguay
"
{
ld
{
"
eur
ha
v
Paraguay
"
}
lg
{
"
eur
Paraguay
"
}
ls
{
"
eur
c
hoa
v
Paraguay
"
}
}
"
meta
:
Peru
"
{
ld
{
"
eur
ha
v
Perou
"
}
lg
{
"
eur
Perou
"
}
ls
{
"
eur
c
hoa
v
Perou
"
}
}
"
meta
:
Philippines
"
{
ld
{
"
eur
ha
v
ar
Filipinez
"
}
lg
{
"
eur
ar
Filipinez
"
}
ls
{
"
eur
c
hoa
v
ar
Filipinez
"
}
}
"
meta
:
Phoenix_Islands
"
{
ls
{
"
eur
Inizi
Phoenix
"
}
}
"
meta
:
Pierre_Miquelon
"
{
ld
{
"
eur
ha
v
Sant
-
P
r
-
ha
-
Mikelon
"
}
lg
{
"
eur
Sant
-
P
r
-
ha
-
Mikelon
"
}
ls
{
"
eur
c
hoa
v
Sant
-
P
r
-
ha
-
Mikelon
"
}
}
"
meta
:
Pitcairn
"
{
ls
{
"
eur
Pitcairn
"
}
}
"
meta
:
Pyongyang
"
{
ls
{
"
eur
P
yongyang
"
}
}
"
meta
:
Reunion
"
{
ls
{
"
eur
ar
Re
nion
"
}
}
"
meta
:
Rothera
"
{
ls
{
"
eur
Rothera
"
}
}
"
meta
:
Sakhalin
"
{
ld
{
"
eur
ha
v
Sakhalin
"
}
lg
{
"
eur
Sakhalin
"
}
ls
{
"
eur
c
hoa
v
Sakhalin
"
}
}
"
meta
:
Samoa
"
{
ld
{
"
eur
ha
v
Samoa
"
}
lg
{
"
eur
Samoa
"
}
ls
{
"
eur
c
hoa
v
Samoa
"
}
}
"
meta
:
Seychelles
"
{
ls
{
"
eur
Sechelez
"
}
}
"
meta
:
Singapore
"
{
ls
{
"
eur
c
hoa
v
Singapour
"
}
}
"
meta
:
Solomon
"
{
ls
{
"
eur
Inizi
Salomon
"
}
}
"
meta
:
South_Georgia
"
{
ls
{
"
eur
Georgia
ar
Su
"
}
}
"
meta
:
Suriname
"
{
ls
{
"
eur
Surinam
"
}
}
"
meta
:
Syowa
"
{
ls
{
"
eur
Syowa
"
}
}
"
meta
:
Tahiti
"
{
ls
{
"
eur
Tahiti
"
}
}
"
meta
:
Taipei
"
{
ld
{
"
eur
ha
v
Taipei
"
}
lg
{
"
eur
Taipei
"
}
ls
{
"
eur
c
hoa
v
Taipei
"
}
}
"
meta
:
Tajikistan
"
{
ls
{
"
eur
Tadjikistan
"
}
}
"
meta
:
Tokelau
"
{
ls
{
"
eur
Tokelau
"
}
}
"
meta
:
Tonga
"
{
ld
{
"
eur
ha
v
Tonga
"
}
lg
{
"
eur
Tonga
"
}
ls
{
"
eur
c
hoa
v
Tonga
"
}
}
"
meta
:
Truk
"
{
ls
{
"
eur
Chuuk
"
}
}
"
meta
:
Turkmenistan
"
{
ld
{
"
eur
ha
v
Turkmenistan
"
}
lg
{
"
eur
Turkmenistan
"
}
ls
{
"
eur
c
hoa
v
Turkmenistan
"
}
}
"
meta
:
Tuvalu
"
{
ls
{
"
eur
Tuvalu
"
}
}
"
meta
:
Uruguay
"
{
ld
{
"
eur
ha
v
Uruguay
"
}
lg
{
"
eur
Uruguay
"
}
ls
{
"
eur
c
hoa
v
Uruguay
"
}
}
"
meta
:
Uzbekistan
"
{
ld
{
"
eur
ha
v
Ouzbekistan
"
}
lg
{
"
eur
Ouzbekistan
"
}
ls
{
"
eur
c
hoa
v
Ouzbekistan
"
}
}
"
meta
:
Vanuatu
"
{
ld
{
"
eur
ha
v
Vanuatu
"
}
lg
{
"
eur
Vanuatu
"
}
ls
{
"
eur
c
hoa
v
Vanuatu
"
}
}
"
meta
:
Venezuela
"
{
ls
{
"
eur
Venezuela
"
}
}
"
meta
:
Vladivostok
"
{
ld
{
"
eur
ha
v
Vladivostok
"
}
lg
{
"
eur
Vladivostok
"
}
ls
{
"
eur
c
hoa
v
Vladivostok
"
}
}
"
meta
:
Volgograd
"
{
ld
{
"
eur
ha
v
Volgograd
"
}
lg
{
"
eur
Volgograd
"
}
ls
{
"
eur
c
hoa
v
Volgograd
"
}
}
"
meta
:
Vostok
"
{
ls
{
"
eur
Vostok
"
}
}
"
meta
:
Wake
"
{
ls
{
"
eur
Wake
Island
"
}
}
"
meta
:
Wallis
"
{
ls
{
"
eur
Wallis
ha
Futuna
"
}
}
"
meta
:
Yakutsk
"
{
ld
{
"
eur
ha
v
Yakutsk
"
}
lg
{
"
eur
Yakutsk
"
}
ls
{
"
eur
c
hoa
v
Yakutsk
"
}
}
"
meta
:
Yekaterinburg
"
{
ld
{
"
eur
ha
v
Yekaterinbourg
"
}
lg
{
"
eur
Yekaterinbourg
"
}
ls
{
"
eur
c
hoa
v
Yekaterinbourg
"
}
}
fallbackFormat
{
"
{
1
}
(
{
0
}
)
"
}
gmtFormat
{
"
GMT
{
0
}
"
}
gmtZeroFormat
{
"
GMT
"
}
hourFormat
{
"
+
HH
:
mm
;
-
HH
:
mm
"
}
regionFormat
{
"
eur
{
0
}
"
}
regionFormatDaylight
{
"
eur
ha
v
{
0
}
"
}
regionFormatStandard
{
"
eur
c
hoa
v
{
0
}
"
}
}
}
