/
/
2016
and
later
:
Unicode
Inc
.
and
others
.
/
/
License
&
terms
of
use
:
http
:
/
/
www
.
unicode
.
org
/
copyright
.
html
#
License
ee
{
Version
{
"
36
.
1
"
}
zoneStrings
{
"
Africa
:
Abidjan
"
{
ec
{
"
Abidjan
"
}
}
"
Africa
:
Accra
"
{
ec
{
"
Accra
"
}
}
"
Africa
:
Addis_Ababa
"
{
ec
{
"
Addis
Ababa
"
}
}
"
Africa
:
Algiers
"
{
ec
{
"
Algiers
"
}
}
"
Africa
:
Asmera
"
{
ec
{
"
Asmara
"
}
}
"
Africa
:
Bamako
"
{
ec
{
"
Bamako
"
}
}
"
Africa
:
Bangui
"
{
ec
{
"
Bangui
"
}
}
"
Africa
:
Banjul
"
{
ec
{
"
Banjul
"
}
}
"
Africa
:
Bissau
"
{
ec
{
"
Bissau
"
}
}
"
Africa
:
Blantyre
"
{
ec
{
"
Blantyre
"
}
}
"
Africa
:
Brazzaville
"
{
ec
{
"
Brazzaville
"
}
}
"
Africa
:
Bujumbura
"
{
ec
{
"
Bujumbura
"
}
}
"
Africa
:
Cairo
"
{
ec
{
"
Cairo
"
}
}
"
Africa
:
Casablanca
"
{
ec
{
"
Casablanca
"
}
}
"
Africa
:
Ceuta
"
{
ec
{
"
Ceuta
"
}
}
"
Africa
:
Conakry
"
{
ec
{
"
Conakry
"
}
}
"
Africa
:
Dakar
"
{
ec
{
"
Dakar
"
}
}
"
Africa
:
Dar_es_Salaam
"
{
ec
{
"
Dar
es
Salaam
"
}
}
"
Africa
:
Djibouti
"
{
ec
{
"
Djibouti
"
}
}
"
Africa
:
Douala
"
{
ec
{
"
Douala
"
}
}
"
Africa
:
El_Aaiun
"
{
ec
{
"
El
Aaiun
"
}
}
"
Africa
:
Freetown
"
{
ec
{
"
Freetown
"
}
}
"
Africa
:
Gaborone
"
{
ec
{
"
Gaborone
"
}
}
"
Africa
:
Harare
"
{
ec
{
"
Harare
"
}
}
"
Africa
:
Johannesburg
"
{
ec
{
"
Johannesburg
"
}
}
"
Africa
:
Juba
"
{
ec
{
"
Juba
"
}
}
"
Africa
:
Kampala
"
{
ec
{
"
Kampala
"
}
}
"
Africa
:
Khartoum
"
{
ec
{
"
Khartoum
"
}
}
"
Africa
:
Kigali
"
{
ec
{
"
Kigali
"
}
}
"
Africa
:
Kinshasa
"
{
ec
{
"
Kinshasa
"
}
}
"
Africa
:
Lagos
"
{
ec
{
"
Lagos
"
}
}
"
Africa
:
Libreville
"
{
ec
{
"
Libreville
"
}
}
"
Africa
:
Lome
"
{
ec
{
"
Lome
"
}
}
"
Africa
:
Luanda
"
{
ec
{
"
Luanda
"
}
}
"
Africa
:
Lubumbashi
"
{
ec
{
"
Lubumbashi
"
}
}
"
Africa
:
Lusaka
"
{
ec
{
"
Lusaka
"
}
}
"
Africa
:
Malabo
"
{
ec
{
"
Malabo
"
}
}
"
Africa
:
Maputo
"
{
ec
{
"
Maputo
"
}
}
"
Africa
:
Maseru
"
{
ec
{
"
Maseru
"
}
}
"
Africa
:
Mbabane
"
{
ec
{
"
Mbabane
"
}
}
"
Africa
:
Mogadishu
"
{
ec
{
"
Mogadishu
"
}
}
"
Africa
:
Monrovia
"
{
ec
{
"
Monrovia
"
}
}
"
Africa
:
Nairobi
"
{
ec
{
"
Nairobi
"
}
}
"
Africa
:
Ndjamena
"
{
ec
{
"
Ndjamena
"
}
}
"
Africa
:
Niamey
"
{
ec
{
"
Niamey
"
}
}
"
Africa
:
Nouakchott
"
{
ec
{
"
Nouakchott
"
}
}
"
Africa
:
Ouagadougou
"
{
ec
{
"
Ouagadougou
"
}
}
"
Africa
:
Porto
-
Novo
"
{
ec
{
"
Porto
-
Novo
"
}
}
"
Africa
:
Sao_Tome
"
{
ec
{
"
Sao
Tome
"
}
}
"
Africa
:
Tripoli
"
{
ec
{
"
Tripoli
"
}
}
"
Africa
:
Tunis
"
{
ec
{
"
Tunis
"
}
}
"
Africa
:
Windhoek
"
{
ec
{
"
Windhoek
"
}
}
"
America
:
Adak
"
{
ec
{
"
Adak
"
}
}
"
America
:
Anchorage
"
{
ec
{
"
Anchorage
"
}
}
"
America
:
Anguilla
"
{
ec
{
"
Anguilla
"
}
}
"
America
:
Antigua
"
{
ec
{
"
Antigua
"
}
}
"
America
:
Araguaina
"
{
ec
{
"
Araguaina
"
}
}
"
America
:
Argentina
:
La_Rioja
"
{
ec
{
"
La
Rioja
"
}
}
"
America
:
Argentina
:
Rio_Gallegos
"
{
ec
{
"
Rio
Gallegos
"
}
}
"
America
:
Argentina
:
Salta
"
{
ec
{
"
Salta
"
}
}
"
America
:
Argentina
:
San_Juan
"
{
ec
{
"
San
Juan
"
}
}
"
America
:
Argentina
:
San_Luis
"
{
ec
{
"
San
Luis
"
}
}
"
America
:
Argentina
:
Tucuman
"
{
ec
{
"
Tucuman
"
}
}
"
America
:
Argentina
:
Ushuaia
"
{
ec
{
"
Ushuaia
"
}
}
"
America
:
Aruba
"
{
ec
{
"
Aruba
"
}
}
"
America
:
Asuncion
"
{
ec
{
"
Asuncion
"
}
}
"
America
:
Bahia
"
{
ec
{
"
Bahia
"
}
}
"
America
:
Bahia_Banderas
"
{
ec
{
"
Bahia
Banderas
"
}
}
"
America
:
Barbados
"
{
ec
{
"
Barbados
"
}
}
"
America
:
Belem
"
{
ec
{
"
Belem
"
}
}
"
America
:
Belize
"
{
ec
{
"
Belize
"
}
}
"
America
:
Blanc
-
Sablon
"
{
ec
{
"
Blanc
-
Sablon
"
}
}
"
America
:
Boa_Vista
"
{
ec
{
"
Boa
Vista
"
}
}
"
America
:
Bogota
"
{
ec
{
"
Bogota
"
}
}
"
America
:
Boise
"
{
ec
{
"
Boise
"
}
}
"
America
:
Buenos_Aires
"
{
ec
{
"
Buenos
Aires
"
}
}
"
America
:
Cambridge_Bay
"
{
ec
{
"
Cambridge
Bay
"
}
}
"
America
:
Campo_Grande
"
{
ec
{
"
Campo
Grande
"
}
}
"
America
:
Cancun
"
{
ec
{
"
Cancun
"
}
}
"
America
:
Caracas
"
{
ec
{
"
Caracas
"
}
}
"
America
:
Catamarca
"
{
ec
{
"
Catamarca
"
}
}
"
America
:
Cayenne
"
{
ec
{
"
Cayenne
"
}
}
"
America
:
Cayman
"
{
ec
{
"
Cayman
"
}
}
"
America
:
Chicago
"
{
ec
{
"
Chicago
"
}
}
"
America
:
Chihuahua
"
{
ec
{
"
Chihuahua
"
}
}
"
America
:
Coral_Harbour
"
{
ec
{
"
Atikokan
"
}
}
"
America
:
Cordoba
"
{
ec
{
"
Cordoba
"
}
}
"
America
:
Costa_Rica
"
{
ec
{
"
Costa
Rica
"
}
}
"
America
:
Creston
"
{
ec
{
"
Creston
"
}
}
"
America
:
Cuiaba
"
{
ec
{
"
Cuiaba
"
}
}
"
America
:
Curacao
"
{
ec
{
"
Curacao
"
}
}
"
America
:
Danmarkshavn
"
{
ec
{
"
Danmarkshavn
"
}
}
"
America
:
Dawson
"
{
ec
{
"
Dawson
"
}
}
"
America
:
Dawson_Creek
"
{
ec
{
"
Dawson
Creek
"
}
}
"
America
:
Denver
"
{
ec
{
"
Denver
"
}
}
"
America
:
Detroit
"
{
ec
{
"
Detroit
"
}
}
"
America
:
Dominica
"
{
ec
{
"
Dominica
"
}
}
"
America
:
Edmonton
"
{
ec
{
"
Edmonton
"
}
}
"
America
:
Eirunepe
"
{
ec
{
"
Eirunepe
"
}
}
"
America
:
El_Salvador
"
{
ec
{
"
El
Salvador
"
}
}
"
America
:
Fort_Nelson
"
{
ec
{
"
Fort
Nelson
"
}
}
"
America
:
Fortaleza
"
{
ec
{
"
Fortaleza
"
}
}
"
America
:
Glace_Bay
"
{
ec
{
"
Glace
Bay
"
}
}
"
America
:
Godthab
"
{
ec
{
"
Nuuk
"
}
}
"
America
:
Goose_Bay
"
{
ec
{
"
Goose
Bay
"
}
}
"
America
:
Grand_Turk
"
{
ec
{
"
Grand
Turk
"
}
}
"
America
:
Grenada
"
{
ec
{
"
Grenada
"
}
}
"
America
:
Guadeloupe
"
{
ec
{
"
Guadeloupe
"
}
}
"
America
:
Guatemala
"
{
ec
{
"
Guatemala
"
}
}
"
America
:
Guayaquil
"
{
ec
{
"
Guayaquil
"
}
}
"
America
:
Guyana
"
{
ec
{
"
Guyana
"
}
}
"
America
:
Halifax
"
{
ec
{
"
Halifax
"
}
}
"
America
:
Havana
"
{
ec
{
"
Havana
"
}
}
"
America
:
Hermosillo
"
{
ec
{
"
Hermosillo
"
}
}
"
America
:
Indiana
:
Knox
"
{
ec
{
"
Knox
Indiana
"
}
}
"
America
:
Indiana
:
Marengo
"
{
ec
{
"
Marengo
Indiana
"
}
}
"
America
:
Indiana
:
Petersburg
"
{
ec
{
"
Petersburg
Indiana
"
}
}
"
America
:
Indiana
:
Tell_City
"
{
ec
{
"
Tell
City
Indiana
"
}
}
"
America
:
Indiana
:
Vevay
"
{
ec
{
"
Vevay
Indiana
"
}
}
"
America
:
Indiana
:
Vincennes
"
{
ec
{
"
Vincennes
Indiana
"
}
}
"
America
:
Indiana
:
Winamac
"
{
ec
{
"
Winamac
Indiana
"
}
}
"
America
:
Indianapolis
"
{
ec
{
"
Indianapolis
"
}
}
"
America
:
Inuvik
"
{
ec
{
"
Inuvik
"
}
}
"
America
:
Iqaluit
"
{
ec
{
"
Iqaluit
"
}
}
"
America
:
Jamaica
"
{
ec
{
"
Jamaica
"
}
}
"
America
:
Jujuy
"
{
ec
{
"
Jujuy
"
}
}
"
America
:
Juneau
"
{
ec
{
"
Juneau
"
}
}
"
America
:
Kentucky
:
Monticello
"
{
ec
{
"
Monticello
Kentucky
"
}
}
"
America
:
Kralendijk
"
{
ec
{
"
Kralendijk
"
}
}
"
America
:
La_Paz
"
{
ec
{
"
La
Paz
"
}
}
"
America
:
Lima
"
{
ec
{
"
Lima
"
}
}
"
America
:
Los_Angeles
"
{
ec
{
"
Los
Angeles
"
}
}
"
America
:
Louisville
"
{
ec
{
"
Louisville
"
}
}
"
America
:
Lower_Princes
"
{
ec
{
"
Lower
Prince
s
Quarter
"
}
}
"
America
:
Maceio
"
{
ec
{
"
Maceio
"
}
}
"
America
:
Managua
"
{
ec
{
"
Managua
"
}
}
"
America
:
Manaus
"
{
ec
{
"
Manaus
"
}
}
"
America
:
Marigot
"
{
ec
{
"
Marigot
"
}
}
"
America
:
Martinique
"
{
ec
{
"
Martinique
"
}
}
"
America
:
Matamoros
"
{
ec
{
"
Matamoros
"
}
}
"
America
:
Mazatlan
"
{
ec
{
"
Mazatlan
"
}
}
"
America
:
Mendoza
"
{
ec
{
"
Mendoza
"
}
}
"
America
:
Menominee
"
{
ec
{
"
Menominee
"
}
}
"
America
:
Merida
"
{
ec
{
"
Merida
"
}
}
"
America
:
Metlakatla
"
{
ec
{
"
Metlakatla
"
}
}
"
America
:
Mexico_City
"
{
ec
{
"
Mexico
City
"
}
}
"
America
:
Miquelon
"
{
ec
{
"
Miquelon
"
}
}
"
America
:
Moncton
"
{
ec
{
"
Moncton
"
}
}
"
America
:
Monterrey
"
{
ec
{
"
Monterrey
"
}
}
"
America
:
Montevideo
"
{
ec
{
"
Montevideo
"
}
}
"
America
:
Montserrat
"
{
ec
{
"
Montserrat
"
}
}
"
America
:
Nassau
"
{
ec
{
"
Nassau
"
}
}
"
America
:
New_York
"
{
ec
{
"
New
York
"
}
}
"
America
:
Nipigon
"
{
ec
{
"
Nipigon
"
}
}
"
America
:
Nome
"
{
ec
{
"
Nome
"
}
}
"
America
:
Noronha
"
{
ec
{
"
Noronha
"
}
}
"
America
:
North_Dakota
:
Beulah
"
{
ec
{
"
Beulah
North
Dakota
"
}
}
"
America
:
North_Dakota
:
Center
"
{
ec
{
"
Center
North
Dakota
"
}
}
"
America
:
North_Dakota
:
New_Salem
"
{
ec
{
"
New
Salem
North
Dakota
"
}
}
"
America
:
Ojinaga
"
{
ec
{
"
Ojinaga
"
}
}
"
America
:
Panama
"
{
ec
{
"
Panama
"
}
}
"
America
:
Pangnirtung
"
{
ec
{
"
Pangnirtung
"
}
}
"
America
:
Paramaribo
"
{
ec
{
"
Paramaribo
"
}
}
"
America
:
Phoenix
"
{
ec
{
"
Phoenix
"
}
}
"
America
:
Port
-
au
-
Prince
"
{
ec
{
"
Port
-
au
-
Prince
"
}
}
"
America
:
Port_of_Spain
"
{
ec
{
"
Port
of
Spain
"
}
}
"
America
:
Porto_Velho
"
{
ec
{
"
Porto
Velho
"
}
}
"
America
:
Puerto_Rico
"
{
ec
{
"
Puerto
Rico
"
}
}
"
America
:
Punta_Arenas
"
{
ec
{
"
Punta
Arenas
"
}
}
"
America
:
Rainy_River
"
{
ec
{
"
Rainy
River
"
}
}
"
America
:
Rankin_Inlet
"
{
ec
{
"
Rankin
Inlet
"
}
}
"
America
:
Recife
"
{
ec
{
"
Recife
"
}
}
"
America
:
Regina
"
{
ec
{
"
Regina
"
}
}
"
America
:
Resolute
"
{
ec
{
"
Resolute
"
}
}
"
America
:
Rio_Branco
"
{
ec
{
"
Rio
Branco
"
}
}
"
America
:
Santarem
"
{
ec
{
"
Santarem
"
}
}
"
America
:
Santiago
"
{
ec
{
"
Santiago
"
}
}
"
America
:
Santo_Domingo
"
{
ec
{
"
Santo
Domingo
"
}
}
"
America
:
Sao_Paulo
"
{
ec
{
"
Sao
Paulo
"
}
}
"
America
:
Scoresbysund
"
{
ec
{
"
Ittoqqortoormiit
"
}
}
"
America
:
Sitka
"
{
ec
{
"
Sitka
"
}
}
"
America
:
St_Barthelemy
"
{
ec
{
"
St
.
Barthelemy
"
}
}
"
America
:
St_Johns
"
{
ec
{
"
St
.
John
s
"
}
}
"
America
:
St_Kitts
"
{
ec
{
"
St
.
Kitts
"
}
}
"
America
:
St_Lucia
"
{
ec
{
"
St
.
Lucia
"
}
}
"
America
:
St_Thomas
"
{
ec
{
"
St
.
Thomas
"
}
}
"
America
:
St_Vincent
"
{
ec
{
"
St
.
Vincent
"
}
}
"
America
:
Swift_Current
"
{
ec
{
"
Swift
Current
"
}
}
"
America
:
Tegucigalpa
"
{
ec
{
"
Tegucigalpa
"
}
}
"
America
:
Thule
"
{
ec
{
"
Thule
"
}
}
"
America
:
Thunder_Bay
"
{
ec
{
"
Thunder
Bay
"
}
}
"
America
:
Tijuana
"
{
ec
{
"
Tijuana
"
}
}
"
America
:
Toronto
"
{
ec
{
"
Toronto
"
}
}
"
America
:
Tortola
"
{
ec
{
"
Tortola
"
}
}
"
America
:
Vancouver
"
{
ec
{
"
Vancouver
"
}
}
"
America
:
Whitehorse
"
{
ec
{
"
Whitehorse
"
}
}
"
America
:
Winnipeg
"
{
ec
{
"
Winnipeg
"
}
}
"
America
:
Yakutat
"
{
ec
{
"
Yakutat
"
}
}
"
America
:
Yellowknife
"
{
ec
{
"
Yellowknife
"
}
}
"
Antarctica
:
Casey
"
{
ec
{
"
Casey
"
}
}
"
Antarctica
:
Davis
"
{
ec
{
"
Davis
"
}
}
"
Antarctica
:
DumontDUrville
"
{
ec
{
"
Dumont
d
Urville
"
}
}
"
Antarctica
:
Macquarie
"
{
ec
{
"
Macquarie
"
}
}
"
Antarctica
:
Mawson
"
{
ec
{
"
Mawson
"
}
}
"
Antarctica
:
McMurdo
"
{
ec
{
"
McMurdo
"
}
}
"
Antarctica
:
Palmer
"
{
ec
{
"
Palmer
"
}
}
"
Antarctica
:
Rothera
"
{
ec
{
"
Rothera
"
}
}
"
Antarctica
:
Syowa
"
{
ec
{
"
Syowa
"
}
}
"
Antarctica
:
Troll
"
{
ec
{
"
Troll
"
}
}
"
Antarctica
:
Vostok
"
{
ec
{
"
Vostok
"
}
}
"
Arctic
:
Longyearbyen
"
{
ec
{
"
Longyearbyen
"
}
}
"
Asia
:
Aden
"
{
ec
{
"
Aden
"
}
}
"
Asia
:
Almaty
"
{
ec
{
"
Almaty
"
}
}
"
Asia
:
Amman
"
{
ec
{
"
Amman
"
}
}
"
Asia
:
Anadyr
"
{
ec
{
"
Anadyr
"
}
}
"
Asia
:
Aqtau
"
{
ec
{
"
Aqtau
"
}
}
"
Asia
:
Aqtobe
"
{
ec
{
"
Aqtobe
"
}
}
"
Asia
:
Ashgabat
"
{
ec
{
"
Ashgabat
"
}
}
"
Asia
:
Atyrau
"
{
ec
{
"
Atyrau
"
}
}
"
Asia
:
Baghdad
"
{
ec
{
"
Baghdad
"
}
}
"
Asia
:
Bahrain
"
{
ec
{
"
Bahrain
"
}
}
"
Asia
:
Baku
"
{
ec
{
"
Baku
"
}
}
"
Asia
:
Bangkok
"
{
ec
{
"
Bangkok
"
}
}
"
Asia
:
Barnaul
"
{
ec
{
"
Barnaul
"
}
}
"
Asia
:
Beirut
"
{
ec
{
"
Beirut
"
}
}
"
Asia
:
Bishkek
"
{
ec
{
"
Bishkek
"
}
}
"
Asia
:
Brunei
"
{
ec
{
"
Brunei
"
}
}
"
Asia
:
Calcutta
"
{
ec
{
"
Kolkata
"
}
}
"
Asia
:
Chita
"
{
ec
{
"
Chita
"
}
}
"
Asia
:
Choibalsan
"
{
ec
{
"
Choibalsan
"
}
}
"
Asia
:
Colombo
"
{
ec
{
"
Colombo
"
}
}
"
Asia
:
Damascus
"
{
ec
{
"
Damascus
"
}
}
"
Asia
:
Dhaka
"
{
ec
{
"
Dhaka
"
}
}
"
Asia
:
Dili
"
{
ec
{
"
Dili
"
}
}
"
Asia
:
Dubai
"
{
ec
{
"
Dubai
"
}
}
"
Asia
:
Dushanbe
"
{
ec
{
"
Dushanbe
"
}
}
"
Asia
:
Famagusta
"
{
ec
{
"
Famagusta
"
}
}
"
Asia
:
Gaza
"
{
ec
{
"
Gaza
"
}
}
"
Asia
:
Hebron
"
{
ec
{
"
Hebron
"
}
}
"
Asia
:
Hong_Kong
"
{
ec
{
"
Hong
Kong
"
}
}
"
Asia
:
Hovd
"
{
ec
{
"
Hovd
"
}
}
"
Asia
:
Irkutsk
"
{
ec
{
"
Irkutsk
"
}
}
"
Asia
:
Jakarta
"
{
ec
{
"
Jakarta
"
}
}
"
Asia
:
Jayapura
"
{
ec
{
"
Jayapura
"
}
}
"
Asia
:
Jerusalem
"
{
ec
{
"
Jerusalem
"
}
}
"
Asia
:
Kabul
"
{
ec
{
"
Kabul
"
}
}
"
Asia
:
Kamchatka
"
{
ec
{
"
Kamchatka
"
}
}
"
Asia
:
Karachi
"
{
ec
{
"
Karachi
"
}
}
"
Asia
:
Katmandu
"
{
ec
{
"
Kathmandu
nutomega
o
ome
"
}
}
"
Asia
:
Khandyga
"
{
ec
{
"
Khandyga
"
}
}
"
Asia
:
Krasnoyarsk
"
{
ec
{
"
Krasnoyarsk
"
}
}
"
Asia
:
Kuala_Lumpur
"
{
ec
{
"
Kuala
Lumpur
"
}
}
"
Asia
:
Kuching
"
{
ec
{
"
Kuching
"
}
}
"
Asia
:
Kuwait
"
{
ec
{
"
Kuwait
"
}
}
"
Asia
:
Macau
"
{
ec
{
"
Macau
"
}
}
"
Asia
:
Magadan
"
{
ec
{
"
Magadan
"
}
}
"
Asia
:
Makassar
"
{
ec
{
"
Makassar
"
}
}
"
Asia
:
Manila
"
{
ec
{
"
Manila
"
}
}
"
Asia
:
Muscat
"
{
ec
{
"
Muscat
"
}
}
"
Asia
:
Nicosia
"
{
ec
{
"
Nicosia
"
}
}
"
Asia
:
Novokuznetsk
"
{
ec
{
"
Novokuznetsk
"
}
}
"
Asia
:
Novosibirsk
"
{
ec
{
"
Novosibirsk
"
}
}
"
Asia
:
Omsk
"
{
ec
{
"
Omsk
"
}
}
"
Asia
:
Oral
"
{
ec
{
"
Oral
"
}
}
"
Asia
:
Phnom_Penh
"
{
ec
{
"
Phnom
Penh
"
}
}
"
Asia
:
Pontianak
"
{
ec
{
"
Pontianak
"
}
}
"
Asia
:
Pyongyang
"
{
ec
{
"
Pyongyang
"
}
}
"
Asia
:
Qatar
"
{
ec
{
"
Qatar
"
}
}
"
Asia
:
Qyzylorda
"
{
ec
{
"
Qyzylorda
"
}
}
"
Asia
:
Rangoon
"
{
ec
{
"
Yangon
"
}
}
"
Asia
:
Riyadh
"
{
ec
{
"
Riyadh
"
}
}
"
Asia
:
Saigon
"
{
ec
{
"
Ho
Chi
Minh
"
}
}
"
Asia
:
Sakhalin
"
{
ec
{
"
Sakhalin
"
}
}
"
Asia
:
Samarkand
"
{
ec
{
"
Samarkand
"
}
}
"
Asia
:
Seoul
"
{
ec
{
"
Seoul
"
}
}
"
Asia
:
Shanghai
"
{
ec
{
"
Shanghai
"
}
}
"
Asia
:
Singapore
"
{
ec
{
"
Singapore
"
}
}
"
Asia
:
Srednekolymsk
"
{
ec
{
"
Srednekolymsk
"
}
}
"
Asia
:
Taipei
"
{
ec
{
"
Taipei
"
}
}
"
Asia
:
Tashkent
"
{
ec
{
"
Tashkent
"
}
}
"
Asia
:
Tbilisi
"
{
ec
{
"
Tbilisi
"
}
}
"
Asia
:
Tehran
"
{
ec
{
"
Tehran
"
}
}
"
Asia
:
Thimphu
"
{
ec
{
"
Thimphu
"
}
}
"
Asia
:
Tokyo
"
{
ec
{
"
Tokyo
"
}
}
"
Asia
:
Tomsk
"
{
ec
{
"
Tomsk
"
}
}
"
Asia
:
Ulaanbaatar
"
{
ec
{
"
Ulaanbaatar
"
}
}
"
Asia
:
Urumqi
"
{
ec
{
"
Urumqi
"
}
}
"
Asia
:
Ust
-
Nera
"
{
ec
{
"
Ust
-
Nera
"
}
}
"
Asia
:
Vientiane
"
{
ec
{
"
Vientiane
"
}
}
"
Asia
:
Vladivostok
"
{
ec
{
"
Vladivostok
"
}
}
"
Asia
:
Yakutsk
"
{
ec
{
"
Yakutsk
"
}
}
"
Asia
:
Yekaterinburg
"
{
ec
{
"
Yekaterinburg
"
}
}
"
Asia
:
Yerevan
"
{
ec
{
"
Yerevan
"
}
}
"
Atlantic
:
Azores
"
{
ec
{
"
Azores
"
}
}
"
Atlantic
:
Bermuda
"
{
ec
{
"
Bermuda
"
}
}
"
Atlantic
:
Canary
"
{
ec
{
"
Canary
"
}
}
"
Atlantic
:
Cape_Verde
"
{
ec
{
"
Cape
Verde
"
}
}
"
Atlantic
:
Faeroe
"
{
ec
{
"
Faroe
"
}
}
"
Atlantic
:
Madeira
"
{
ec
{
"
Madeira
"
}
}
"
Atlantic
:
Reykjavik
"
{
ec
{
"
Reykjavik
"
}
}
"
Atlantic
:
South_Georgia
"
{
ec
{
"
South
Georgia
"
}
}
"
Atlantic
:
St_Helena
"
{
ec
{
"
St
.
Helena
"
}
}
"
Atlantic
:
Stanley
"
{
ec
{
"
Stanley
"
}
}
"
Australia
:
Adelaide
"
{
ec
{
"
Adelaide
"
}
}
"
Australia
:
Brisbane
"
{
ec
{
"
Brisbane
"
}
}
"
Australia
:
Broken_Hill
"
{
ec
{
"
Broken
Hill
"
}
}
"
Australia
:
Currie
"
{
ec
{
"
Currie
"
}
}
"
Australia
:
Darwin
"
{
ec
{
"
Darwin
"
}
}
"
Australia
:
Eucla
"
{
ec
{
"
Eucla
"
}
}
"
Australia
:
Hobart
"
{
ec
{
"
Hobart
"
}
}
"
Australia
:
Lindeman
"
{
ec
{
"
Lindeman
"
}
}
"
Australia
:
Lord_Howe
"
{
ec
{
"
Lord
Howe
"
}
}
"
Australia
:
Melbourne
"
{
ec
{
"
Melbourne
"
}
}
"
Australia
:
Perth
"
{
ec
{
"
Perth
"
}
}
"
Australia
:
Sydney
"
{
ec
{
"
Sydney
"
}
}
"
Etc
:
UTC
"
{
ls
{
"
Xexeme
ga
o
o
oanyi
me
"
}
}
"
Etc
:
Unknown
"
{
ec
{
"
Du
manya
"
}
}
"
Europe
:
Amsterdam
"
{
ec
{
"
Amsterdam
"
}
}
"
Europe
:
Andorra
"
{
ec
{
"
Andorra
"
}
}
"
Europe
:
Astrakhan
"
{
ec
{
"
Astrakhan
"
}
}
"
Europe
:
Athens
"
{
ec
{
"
Athens
"
}
}
"
Europe
:
Belgrade
"
{
ec
{
"
Belgrade
"
}
}
"
Europe
:
Berlin
"
{
ec
{
"
Berlin
"
}
}
"
Europe
:
Bratislava
"
{
ec
{
"
Bratislava
"
}
}
"
Europe
:
Brussels
"
{
ec
{
"
Brussels
"
}
}
"
Europe
:
Bucharest
"
{
ec
{
"
Bucharest
"
}
}
"
Europe
:
Budapest
"
{
ec
{
"
Budapest
"
}
}
"
Europe
:
Busingen
"
{
ec
{
"
Busingen
"
}
}
"
Europe
:
Chisinau
"
{
ec
{
"
Chisinau
"
}
}
"
Europe
:
Copenhagen
"
{
ec
{
"
Copenhagen
"
}
}
"
Europe
:
Dublin
"
{
ec
{
"
Dublin
"
}
ld
{
"
Ireland
nutome
ga
o
o
me
"
}
}
"
Europe
:
Gibraltar
"
{
ec
{
"
Gibraltar
"
}
}
"
Europe
:
Guernsey
"
{
ec
{
"
Guernsey
"
}
}
"
Europe
:
Helsinki
"
{
ec
{
"
Helsinki
"
}
}
"
Europe
:
Isle_of_Man
"
{
ec
{
"
Isle
of
Man
"
}
}
"
Europe
:
Istanbul
"
{
ec
{
"
Istanbul
"
}
}
"
Europe
:
Jersey
"
{
ec
{
"
Jersey
"
}
}
"
Europe
:
Kaliningrad
"
{
ec
{
"
Kaliningrad
"
}
}
"
Europe
:
Kiev
"
{
ec
{
"
Kiev
"
}
}
"
Europe
:
Kirov
"
{
ec
{
"
Kirov
"
}
}
"
Europe
:
Lisbon
"
{
ec
{
"
Lisbon
"
}
}
"
Europe
:
Ljubljana
"
{
ec
{
"
Ljubljana
"
}
}
"
Europe
:
London
"
{
ec
{
"
London
"
}
ld
{
"
British
dzome
li
ga
o
o
me
"
}
}
"
Europe
:
Luxembourg
"
{
ec
{
"
Luxembourg
"
}
}
"
Europe
:
Madrid
"
{
ec
{
"
Madrid
"
}
}
"
Europe
:
Malta
"
{
ec
{
"
Malta
"
}
}
"
Europe
:
Mariehamn
"
{
ec
{
"
Mariehamn
"
}
}
"
Europe
:
Minsk
"
{
ec
{
"
Minsk
"
}
}
"
Europe
:
Monaco
"
{
ec
{
"
Monaco
"
}
}
"
Europe
:
Moscow
"
{
ec
{
"
Moscow
"
}
}
"
Europe
:
Oslo
"
{
ec
{
"
Oslo
"
}
}
"
Europe
:
Paris
"
{
ec
{
"
Paris
"
}
}
"
Europe
:
Podgorica
"
{
ec
{
"
Podgorica
"
}
}
"
Europe
:
Prague
"
{
ec
{
"
Prague
"
}
}
"
Europe
:
Riga
"
{
ec
{
"
Riga
"
}
}
"
Europe
:
Rome
"
{
ec
{
"
Rome
"
}
}
"
Europe
:
Samara
"
{
ec
{
"
Samara
"
}
}
"
Europe
:
San_Marino
"
{
ec
{
"
San
Marino
"
}
}
"
Europe
:
Sarajevo
"
{
ec
{
"
Sarajevo
"
}
}
"
Europe
:
Saratov
"
{
ec
{
"
Saratov
"
}
}
"
Europe
:
Simferopol
"
{
ec
{
"
Simferopol
"
}
}
"
Europe
:
Skopje
"
{
ec
{
"
Skopje
"
}
}
"
Europe
:
Sofia
"
{
ec
{
"
Sofia
"
}
}
"
Europe
:
Stockholm
"
{
ec
{
"
Stockholm
"
}
}
"
Europe
:
Tallinn
"
{
ec
{
"
Tallinn
"
}
}
"
Europe
:
Tirane
"
{
ec
{
"
Tirane
"
}
}
"
Europe
:
Ulyanovsk
"
{
ec
{
"
Ulyanovsk
"
}
}
"
Europe
:
Uzhgorod
"
{
ec
{
"
Uzhgorod
"
}
}
"
Europe
:
Vaduz
"
{
ec
{
"
Vaduz
"
}
}
"
Europe
:
Vatican
"
{
ec
{
"
Vatican
"
}
}
"
Europe
:
Vienna
"
{
ec
{
"
Vienna
"
}
}
"
Europe
:
Vilnius
"
{
ec
{
"
Vilnius
"
}
}
"
Europe
:
Volgograd
"
{
ec
{
"
Volgograd
"
}
}
"
Europe
:
Warsaw
"
{
ec
{
"
Warsaw
"
}
}
"
Europe
:
Zagreb
"
{
ec
{
"
Zagreb
"
}
}
"
Europe
:
Zaporozhye
"
{
ec
{
"
Zaporozhye
"
}
}
"
Europe
:
Zurich
"
{
ec
{
"
Zurich
"
}
}
"
Indian
:
Antananarivo
"
{
ec
{
"
Antananarivo
"
}
}
"
Indian
:
Chagos
"
{
ec
{
"
Chagos
"
}
}
"
Indian
:
Christmas
"
{
ec
{
"
Christmas
"
}
}
"
Indian
:
Cocos
"
{
ec
{
"
Cocos
"
}
}
"
Indian
:
Comoro
"
{
ec
{
"
Comoro
"
}
}
"
Indian
:
Kerguelen
"
{
ec
{
"
Kerguelen
"
}
}
"
Indian
:
Mahe
"
{
ec
{
"
Mahe
"
}
}
"
Indian
:
Maldives
"
{
ec
{
"
Maldives
"
}
}
"
Indian
:
Mauritius
"
{
ec
{
"
Mauritius
"
}
}
"
Indian
:
Mayotte
"
{
ec
{
"
Mayotte
"
}
}
"
Indian
:
Reunion
"
{
ec
{
"
Reunion
"
}
}
"
Pacific
:
Apia
"
{
ec
{
"
Apia
"
}
}
"
Pacific
:
Auckland
"
{
ec
{
"
Auckland
"
}
}
"
Pacific
:
Bougainville
"
{
ec
{
"
Bougainville
"
}
}
"
Pacific
:
Chatham
"
{
ec
{
"
Chatham
"
}
}
"
Pacific
:
Easter
"
{
ec
{
"
Easter
"
}
}
"
Pacific
:
Efate
"
{
ec
{
"
Efate
"
}
}
"
Pacific
:
Enderbury
"
{
ec
{
"
Enderbury
"
}
}
"
Pacific
:
Fakaofo
"
{
ec
{
"
Fakaofo
"
}
}
"
Pacific
:
Fiji
"
{
ec
{
"
Fiji
"
}
}
"
Pacific
:
Funafuti
"
{
ec
{
"
Funafuti
"
}
}
"
Pacific
:
Galapagos
"
{
ec
{
"
Galapagos
"
}
}
"
Pacific
:
Gambier
"
{
ec
{
"
Gambier
"
}
}
"
Pacific
:
Guadalcanal
"
{
ec
{
"
Guadalcanal
"
}
}
"
Pacific
:
Guam
"
{
ec
{
"
Guam
"
}
}
"
Pacific
:
Honolulu
"
{
ec
{
"
Honolulu
"
}
}
"
Pacific
:
Johnston
"
{
ec
{
"
Johnston
"
}
}
"
Pacific
:
Kiritimati
"
{
ec
{
"
Kiritimati
"
}
}
"
Pacific
:
Kosrae
"
{
ec
{
"
Kosrae
"
}
}
"
Pacific
:
Kwajalein
"
{
ec
{
"
Kwajalein
"
}
}
"
Pacific
:
Majuro
"
{
ec
{
"
Majuro
"
}
}
"
Pacific
:
Marquesas
"
{
ec
{
"
Marquesas
"
}
}
"
Pacific
:
Midway
"
{
ec
{
"
Midway
"
}
}
"
Pacific
:
Nauru
"
{
ec
{
"
Nauru
"
}
}
"
Pacific
:
Niue
"
{
ec
{
"
Niue
"
}
}
"
Pacific
:
Norfolk
"
{
ec
{
"
Norfolk
"
}
}
"
Pacific
:
Noumea
"
{
ec
{
"
Noumea
"
}
}
"
Pacific
:
Pago_Pago
"
{
ec
{
"
Pago
Pago
"
}
}
"
Pacific
:
Palau
"
{
ec
{
"
Palau
"
}
}
"
Pacific
:
Pitcairn
"
{
ec
{
"
Pitcairn
"
}
}
"
Pacific
:
Ponape
"
{
ec
{
"
Pohnpei
"
}
}
"
Pacific
:
Port_Moresby
"
{
ec
{
"
Port
Moresby
"
}
}
"
Pacific
:
Rarotonga
"
{
ec
{
"
Rarotonga
"
}
}
"
Pacific
:
Saipan
"
{
ec
{
"
Saipan
"
}
}
"
Pacific
:
Tahiti
"
{
ec
{
"
Tahiti
"
}
}
"
Pacific
:
Tarawa
"
{
ec
{
"
Tarawa
"
}
}
"
Pacific
:
Tongatapu
"
{
ec
{
"
Tongatapu
"
}
}
"
Pacific
:
Truk
"
{
ec
{
"
Chuuk
"
}
}
"
Pacific
:
Wake
"
{
ec
{
"
Wake
"
}
}
"
Pacific
:
Wallis
"
{
ec
{
"
Wallis
"
}
}
"
meta
:
Afghanistan
"
{
ls
{
"
Afghanistan
ga
o
o
me
"
}
}
"
meta
:
Africa_Central
"
{
ls
{
"
Central
Africa
ga
o
o
me
"
}
ss
{
"
CAT
"
}
}
"
meta
:
Africa_Eastern
"
{
ls
{
"
East
Africa
ga
o
o
me
"
}
ss
{
"
EAT
"
}
}
"
meta
:
Africa_Southern
"
{
ls
{
"
South
Africa
nutome
ga
o
o
me
"
}
ss
{
"
SAST
"
}
}
"
meta
:
Africa_Western
"
{
ld
{
"
West
Africa
dzome
li
ga
o
o
me
"
}
lg
{
"
West
Africa
ga
o
o
me
"
}
ls
{
"
West
Africa
nutome
ga
o
o
me
"
}
sd
{
"
WAST
"
}
sg
{
"
WAT
"
}
ss
{
"
WAT
"
}
}
"
meta
:
Alaska
"
{
ld
{
"
Alaska
kele
ga
o
o
me
"
}
lg
{
"
Alaska
ga
o
ome
"
}
ls
{
"
Alaska
nutome
ga
o
o
me
"
}
}
"
meta
:
Amazon
"
{
ld
{
"
Amazon
dzome
li
ga
o
o
me
"
}
lg
{
"
Amazon
ga
o
ome
"
}
ls
{
"
Amazon
nutome
ga
o
o
me
"
}
}
"
meta
:
America_Central
"
{
ld
{
"
Titina
America
kele
ga
o
o
me
"
}
lg
{
"
Titina
America
ga
o
ome
"
}
ls
{
"
Titina
America
nutome
ga
o
o
me
"
}
}
"
meta
:
America_Eastern
"
{
ld
{
"
Eastern
America
kele
ga
o
o
me
"
}
lg
{
"
Eastern
America
ga
o
o
me
"
}
ls
{
"
Eastern
America
nutome
ga
o
o
me
"
}
}
"
meta
:
America_Mountain
"
{
ld
{
"
Mountain
kele
ga
o
o
me
"
}
lg
{
"
Mountain
ga
o
o
me
"
}
ls
{
"
Mountain
nutome
ga
o
o
me
"
}
}
"
meta
:
America_Pacific
"
{
ld
{
"
Pacific
kele
ga
o
o
me
"
}
lg
{
"
Pacific
ga
o
ome
"
}
ls
{
"
Pacific
nutome
ga
o
o
me
"
}
}
"
meta
:
Apia
"
{
ld
{
"
Apia
kele
ga
o
o
me
"
}
lg
{
"
Apia
ga
o
o
me
"
}
ls
{
"
Apia
nutome
ga
o
o
me
"
}
}
"
meta
:
Arabian
"
{
ld
{
"
Arabia
dzome
li
ga
o
o
me
"
}
lg
{
"
Arabia
ga
o
o
me
"
}
ls
{
"
Arabia
nutome
ga
o
o
me
"
}
}
"
meta
:
Argentina
"
{
ld
{
"
Argentina
dzome
li
ga
o
o
me
"
}
lg
{
"
Argentina
ga
o
o
me
"
}
ls
{
"
Argentina
nutome
ga
o
o
me
"
}
}
"
meta
:
Argentina_Western
"
{
ld
{
"
eto
o
e
Argentina
dzome
li
ga
o
o
me
"
}
lg
{
"
eto
o
e
Argentina
ga
o
o
me
"
}
ls
{
"
eto
o
e
Argentina
nutome
ga
o
o
me
"
}
}
"
meta
:
Armenia
"
{
ld
{
"
Armenia
dzome
li
ga
o
o
me
"
}
lg
{
"
Armenia
ga
o
o
me
"
}
ls
{
"
Armenia
nutome
ga
o
o
me
"
}
}
"
meta
:
Atlantic
"
{
ld
{
"
Atlantic
kele
ga
o
ome
"
}
lg
{
"
Atlantic
ga
o
ome
"
}
ls
{
"
Atlantic
nutome
ga
o
ome
"
}
}
"
meta
:
Australia_Central
"
{
ld
{
"
Australian
Central
dzomeli
ga
o
o
me
"
}
lg
{
"
Central
Australia
ga
o
o
me
"
}
ls
{
"
Australian
Central
nutome
ga
o
o
me
"
}
}
"
meta
:
Australia_CentralWestern
"
{
ld
{
"
Australian
Central
Western
kele
ga
o
o
me
"
}
lg
{
"
Australian
Central
Australia
eto
ofe
ga
o
o
me
"
}
ls
{
"
Australian
Central
Western
nutome
ga
o
o
me
"
}
}
"
meta
:
Australia_Eastern
"
{
ld
{
"
Australian
Eastern
kele
ga
o
o
me
"
}
lg
{
"
Eastern
Australia
ga
o
o
me
"
}
ls
{
"
Australian
Eastern
nutome
ga
o
o
me
"
}
}
"
meta
:
Australia_Western
"
{
ld
{
"
Australian
Western
kele
ga
o
o
me
"
}
lg
{
"
Western
Australia
ga
o
o
me
"
}
ls
{
"
Australian
Western
nutome
ga
o
o
me
"
}
}
"
meta
:
Azerbaijan
"
{
ld
{
"
Azerbaijan
dzome
li
ga
o
o
me
"
}
lg
{
"
Azerbaijan
ga
o
o
me
"
}
ls
{
"
Azerbaijan
nutome
ga
o
o
me
"
}
}
"
meta
:
Azores
"
{
ld
{
"
Azores
dzome
li
ga
o
o
me
"
}
lg
{
"
Azores
ga
o
o
me
"
}
ls
{
"
Azores
nutome
ga
o
o
me
"
}
}
"
meta
:
Bangladesh
"
{
ld
{
"
Bangladesh
dzome
li
ga
o
o
me
"
}
lg
{
"
Bangladesh
ga
o
o
me
"
}
ls
{
"
Bangladesh
nutome
ga
o
o
me
"
}
}
"
meta
:
Bhutan
"
{
ls
{
"
Bhutan
ga
o
o
me
"
}
}
"
meta
:
Bolivia
"
{
ls
{
"
Bolivia
ga
o
o
me
"
}
}
"
meta
:
Brasilia
"
{
ld
{
"
Brasilia
dzome
li
ga
o
o
me
"
}
lg
{
"
Brasilia
ga
o
o
me
"
}
ls
{
"
Brasilia
nutome
ga
o
o
me
"
}
}
"
meta
:
Brunei
"
{
ls
{
"
Brunei
Darussalam
ga
o
o
me
"
}
}
"
meta
:
Cape_Verde
"
{
ld
{
"
Cape
Verde
dzome
li
ga
o
o
me
"
}
lg
{
"
Cape
Verde
ga
o
o
me
"
}
ls
{
"
Cape
Verde
nutome
ga
o
o
me
"
}
}
"
meta
:
Chamorro
"
{
ls
{
"
Chamorro
ga
o
o
me
"
}
}
"
meta
:
Chatham
"
{
ld
{
"
Chatham
kele
ga
o
o
me
"
}
lg
{
"
Chatham
ga
o
o
me
"
}
ls
{
"
Chatham
nutome
ga
o
o
me
"
}
}
"
meta
:
Chile
"
{
ld
{
"
Chile
dzome
li
ga
o
o
me
"
}
lg
{
"
Chile
ga
o
o
me
"
}
ls
{
"
Chile
nutome
ga
o
o
me
"
}
}
"
meta
:
China
"
{
ld
{
"
China
kele
ga
o
o
me
"
}
lg
{
"
China
ga
o
o
me
"
}
ls
{
"
China
nutome
ga
o
o
me
"
}
}
"
meta
:
Choibalsan
"
{
ld
{
"
Choibalsan
dzome
li
ga
o
o
me
"
}
lg
{
"
Choibalsan
ga
o
o
me
"
}
ls
{
"
Choibalsan
nutome
ga
o
o
me
"
}
}
"
meta
:
Christmas
"
{
ls
{
"
Christmas
Island
ga
o
o
me
"
}
}
"
meta
:
Cocos
"
{
ls
{
"
Cocos
Islands
ga
o
o
me
"
}
}
"
meta
:
Colombia
"
{
ld
{
"
Colombia
dzome
li
ga
o
o
me
"
}
lg
{
"
Colombia
ga
o
o
me
"
}
ls
{
"
Colombia
nutome
ga
o
o
me
"
}
}
"
meta
:
Cook
"
{
ld
{
"
Cook
Islands
dzome
li
ga
o
o
me
"
}
lg
{
"
Cook
Islands
ga
o
o
me
"
}
ls
{
"
Cook
Islands
nutome
ga
o
o
me
"
}
}
"
meta
:
Cuba
"
{
ld
{
"
Cuba
kele
ga
o
ome
"
}
lg
{
"
Cuba
ga
o
ome
"
}
ls
{
"
Cuba
nutome
ga
o
ome
"
}
}
"
meta
:
Davis
"
{
ls
{
"
Davis
ga
o
o
me
"
}
}
"
meta
:
DumontDUrville
"
{
ls
{
"
Dumont
-
d
Urville
ga
o
o
me
"
}
}
"
meta
:
East_Timor
"
{
ls
{
"
East
Timor
ga
o
o
me
"
}
}
"
meta
:
Easter
"
{
ld
{
"
Easter
Island
dzome
li
ga
o
o
me
"
}
lg
{
"
Easter
Island
ga
o
o
me
"
}
ls
{
"
Easter
Island
nutome
ga
o
o
me
"
}
}
"
meta
:
Ecuador
"
{
ls
{
"
Ecuador
ga
o
o
me
"
}
}
"
meta
:
Europe_Central
"
{
ld
{
"
Central
Europe
dzome
li
ga
o
o
me
"
}
lg
{
"
Central
Europe
ga
o
o
me
"
}
ls
{
"
Central
Europe
nutome
ga
o
o
me
"
}
}
"
meta
:
Europe_Eastern
"
{
ld
{
"
edze
e
Europe
kekeme
ga
o
ome
"
}
lg
{
"
edze
e
Europe
ga
o
ome
"
}
ls
{
"
edze
e
Europe
ga
o
o
oanyime
"
}
}
"
meta
:
Europe_Western
"
{
ld
{
"
Western
Europe
dzome
li
ga
o
o
me
"
}
lg
{
"
Western
Europe
ga
o
o
me
"
}
ls
{
"
Western
Europe
nutome
ga
o
o
me
"
}
}
"
meta
:
Falkland
"
{
ld
{
"
Falkland
Islands
dzome
li
ga
o
o
me
"
}
lg
{
"
Falkland
Islands
ga
o
o
me
"
}
ls
{
"
Falkland
Islands
nutome
ga
o
o
me
"
}
}
"
meta
:
Fiji
"
{
ld
{
"
Fiji
dzome
li
ga
o
o
me
"
}
lg
{
"
Fiji
ga
o
o
me
"
}
ls
{
"
Fiji
nutome
ga
o
o
me
"
}
}
"
meta
:
French_Guiana
"
{
ls
{
"
French
Guiana
ga
o
o
me
"
}
}
"
meta
:
French_Southern
"
{
ls
{
"
French
Southern
&
Antarctic
ga
o
o
me
"
}
}
"
meta
:
GMT
"
{
ls
{
"
Greenwich
ga
o
o
me
"
}
}
"
meta
:
Galapagos
"
{
ls
{
"
Galapagos
ga
o
o
me
"
}
}
"
meta
:
Gambier
"
{
ls
{
"
Gambier
ga
o
o
me
"
}
}
"
meta
:
Georgia
"
{
ld
{
"
Georgia
dzome
li
ga
o
o
me
"
}
lg
{
"
Georgia
ga
o
o
me
"
}
ls
{
"
Georgia
nutome
ga
o
o
me
"
}
}
"
meta
:
Gilbert_Islands
"
{
ls
{
"
Gilbert
Islands
ga
o
o
me
"
}
}
"
meta
:
Greenland_Eastern
"
{
ld
{
"
East
Greenland
dzome
li
ga
o
o
me
"
}
lg
{
"
East
Greenland
ga
o
ome
"
}
ls
{
"
East
Greenland
nutome
ga
o
o
me
"
}
}
"
meta
:
Greenland_Western
"
{
ld
{
"
West
Greenland
kele
ga
o
o
me
"
}
lg
{
"
West
Greenland
ga
o
o
me
"
}
ls
{
"
West
Greenland
nutome
ga
o
o
me
"
}
}
"
meta
:
Gulf
"
{
ls
{
"
Gulf
nutome
ga
o
o
me
"
}
}
"
meta
:
Guyana
"
{
ls
{
"
Guyana
ga
o
o
me
"
}
}
"
meta
:
Hawaii_Aleutian
"
{
ld
{
"
Hawaii
-
Aleutia
kele
ga
o
o
me
"
}
lg
{
"
Hawaii
-
Aleutia
ga
o
o
me
"
}
ls
{
"
Hawaii
-
Aleutia
nutome
ga
o
o
me
"
}
}
"
meta
:
Hong_Kong
"
{
ld
{
"
Hong
Kong
dzome
li
ga
o
o
me
"
}
lg
{
"
Hong
Kong
ga
o
o
me
"
}
ls
{
"
Hong
Kong
nutome
ga
o
o
me
"
}
}
"
meta
:
Hovd
"
{
ld
{
"
Hovd
dzome
li
ga
o
o
me
"
}
lg
{
"
Hovd
ga
o
o
me
"
}
ls
{
"
Hovd
nutome
ga
o
o
me
"
}
}
"
meta
:
India
"
{
ls
{
"
India
ga
o
o
me
"
}
}
"
meta
:
Indian_Ocean
"
{
ls
{
"
Indian
Ocean
ga
o
o
me
"
}
}
"
meta
:
Indochina
"
{
ls
{
"
Indonesia
ga
o
o
me
"
}
}
"
meta
:
Indonesia_Central
"
{
ls
{
"
Central
Indonesia
ga
o
o
me
"
}
}
"
meta
:
Indonesia_Eastern
"
{
ls
{
"
Eastern
Indonesia
ga
o
o
me
"
}
}
"
meta
:
Indonesia_Western
"
{
ls
{
"
Western
Indonesia
ga
o
o
me
"
}
}
"
meta
:
Iran
"
{
ld
{
"
Iran
kele
ga
o
o
me
"
}
lg
{
"
Iran
ga
o
o
me
"
}
ls
{
"
Iran
nutome
ga
o
o
me
"
}
}
"
meta
:
Irkutsk
"
{
ld
{
"
Irkutsk
dzome
li
ga
o
o
me
"
}
lg
{
"
Irkutsk
ga
o
o
me
"
}
ls
{
"
Irkutsk
nutome
ga
o
o
me
"
}
}
"
meta
:
Israel
"
{
ld
{
"
Israel
kele
ga
o
o
me
"
}
lg
{
"
Israel
ga
o
o
me
"
}
ls
{
"
Israel
nutome
ga
o
o
me
"
}
}
"
meta
:
Japan
"
{
ld
{
"
Japan
dzome
li
ga
o
o
me
"
}
lg
{
"
Japan
ga
o
o
me
"
}
ls
{
"
Japan
nutome
ga
o
o
me
"
}
}
"
meta
:
Kazakhstan_Eastern
"
{
ls
{
"
East
Kazakhstan
ga
o
o
me
"
}
}
"
meta
:
Kazakhstan_Western
"
{
ls
{
"
West
Kazakhstan
ga
o
o
me
"
}
}
"
meta
:
Korea
"
{
ld
{
"
Korea
dzome
li
ga
o
o
me
"
}
lg
{
"
Korea
ga
o
o
me
"
}
ls
{
"
Korea
nutome
ga
o
o
me
"
}
}
"
meta
:
Kosrae
"
{
ls
{
"
Kosrae
ga
o
o
me
"
}
}
"
meta
:
Krasnoyarsk
"
{
ld
{
"
Krasnoyarsk
dzome
li
ga
o
o
me
"
}
lg
{
"
Krasnoyarsk
ga
o
o
me
"
}
ls
{
"
Krasnoyarsk
nutome
ga
o
o
me
"
}
}
"
meta
:
Kyrgystan
"
{
ls
{
"
Kyrgystan
ga
o
o
me
"
}
}
"
meta
:
Line_Islands
"
{
ls
{
"
Line
Islands
ga
o
o
me
"
}
}
"
meta
:
Lord_Howe
"
{
ld
{
"
Lord
Howe
kele
ga
o
o
me
"
}
lg
{
"
Lord
Howe
ga
o
o
me
"
}
ls
{
"
Lord
Howe
nutome
ga
o
o
me
"
}
}
"
meta
:
Macquarie
"
{
ls
{
"
Macquarie
Island
ga
o
o
me
"
}
}
"
meta
:
Magadan
"
{
ld
{
"
Magadan
dzome
li
ga
o
o
me
"
}
lg
{
"
Magadan
ga
o
o
me
"
}
ls
{
"
Magadan
nutome
ga
o
o
me
"
}
}
"
meta
:
Malaysia
"
{
ls
{
"
Malaysia
ga
o
o
me
"
}
}
"
meta
:
Maldives
"
{
ls
{
"
Maldives
ga
o
o
me
"
}
}
"
meta
:
Marquesas
"
{
ls
{
"
Marquesas
ga
o
o
me
"
}
}
"
meta
:
Marshall_Islands
"
{
ls
{
"
Marshall
Islands
ga
o
o
me
"
}
}
"
meta
:
Mauritius
"
{
ld
{
"
Mauritius
dzome
li
ga
o
o
me
"
}
lg
{
"
Mauritius
ga
o
o
me
"
}
ls
{
"
Mauritius
nutome
ga
o
o
me
"
}
}
"
meta
:
Mawson
"
{
ls
{
"
Mawson
ga
o
o
me
"
}
}
"
meta
:
Mexico_Northwest
"
{
ld
{
"
Northwest
Mexico
kele
ga
o
o
me
"
}
lg
{
"
Northwest
Mexico
ga
o
o
me
"
}
ls
{
"
Northwest
Mexico
nutome
ga
o
o
me
"
}
}
"
meta
:
Mexico_Pacific
"
{
ld
{
"
Mexican
Pacific
kele
ga
o
ome
"
}
lg
{
"
Mexican
Pacific
ga
o
o
me
"
}
ls
{
"
Mexican
Pacific
nutome
ga
o
o
me
"
}
}
"
meta
:
Mongolia
"
{
ld
{
"
Ulan
Bator
dzome
li
ga
o
o
me
"
}
lg
{
"
Ulan
Bator
ga
o
o
me
"
}
ls
{
"
Ulan
Bator
nutome
ga
o
o
me
"
}
}
"
meta
:
Moscow
"
{
ld
{
"
Moscow
dzome
li
ga
o
o
me
"
}
lg
{
"
Moscow
ga
o
o
me
"
}
ls
{
"
Moscow
nutome
ga
o
o
me
"
}
}
"
meta
:
Myanmar
"
{
ls
{
"
Myanmar
ga
o
o
me
"
}
}
"
meta
:
Nauru
"
{
ls
{
"
Nauru
ga
o
o
me
"
}
}
"
meta
:
Nepal
"
{
ls
{
"
Nepal
ga
o
o
me
"
}
}
"
meta
:
New_Caledonia
"
{
ld
{
"
New
Caledonia
dzome
li
ga
o
o
me
"
}
lg
{
"
New
Caledonia
ga
o
o
me
"
}
ls
{
"
New
Caledonia
nutome
ga
o
o
me
"
}
}
"
meta
:
New_Zealand
"
{
ld
{
"
New
Zealand
kele
ga
o
o
me
"
}
lg
{
"
New
Zealand
ga
o
o
me
"
}
ls
{
"
New
Zealand
nutome
ga
o
o
me
"
}
}
"
meta
:
Newfoundland
"
{
ld
{
"
Newfoundland
kele
ga
o
ome
"
}
lg
{
"
Newfoundland
ga
o
ome
"
}
ls
{
"
Newfoundland
nutome
ga
o
ome
"
}
}
"
meta
:
Niue
"
{
ls
{
"
Niue
ga
o
o
me
"
}
}
"
meta
:
Norfolk
"
{
ls
{
"
Norfolk
Island
ga
o
o
me
"
}
}
"
meta
:
Noronha
"
{
ld
{
"
Fernando
de
Noronha
dzome
li
ga
o
o
me
"
}
lg
{
"
Fernando
de
Noronha
ga
o
o
me
"
}
ls
{
"
Fernando
de
Noronha
nutome
ga
o
o
me
"
}
}
"
meta
:
Novosibirsk
"
{
ld
{
"
Novosibirsk
dzome
li
ga
o
o
me
"
}
lg
{
"
Novosibirsk
ga
o
o
me
"
}
ls
{
"
Novosibirsk
nutome
ga
o
o
me
"
}
}
"
meta
:
Omsk
"
{
ld
{
"
Omsk
dzome
li
ga
o
o
me
"
}
lg
{
"
Omsk
ga
o
o
me
"
}
ls
{
"
Omsk
nutome
ga
o
o
me
"
}
}
"
meta
:
Pakistan
"
{
ld
{
"
Pakistan
dzome
li
ga
o
o
me
"
}
lg
{
"
Pakistan
ga
o
o
me
"
}
ls
{
"
Pakistan
nutome
ga
o
o
me
"
}
}
"
meta
:
Palau
"
{
ls
{
"
Palau
ga
o
o
me
"
}
}
"
meta
:
Papua_New_Guinea
"
{
ls
{
"
Papua
New
Guinea
ga
o
o
me
"
}
}
"
meta
:
Paraguay
"
{
ld
{
"
Paraguay
dzome
li
ga
o
o
me
"
}
lg
{
"
Paraguay
ga
o
o
me
"
}
ls
{
"
Paraguay
nutome
ga
o
o
me
"
}
}
"
meta
:
Peru
"
{
ld
{
"
Peru
dzome
li
ga
o
ome
"
}
lg
{
"
Peru
ga
o
o
me
"
}
ls
{
"
Peru
nutome
ga
o
o
me
"
}
}
"
meta
:
Philippines
"
{
ld
{
"
Philippine
dzome
li
ga
o
o
me
"
}
lg
{
"
Philippine
ga
o
o
me
"
}
ls
{
"
Philippine
nutome
ga
o
o
me
"
}
}
"
meta
:
Phoenix_Islands
"
{
ls
{
"
Phoenix
Islands
ga
o
o
me
"
}
}
"
meta
:
Pierre_Miquelon
"
{
ld
{
"
St
.
Pierre
&
Miquelon
kele
ga
o
ome
"
}
lg
{
"
St
.
Pierre
&
Miquelon
ga
o
ome
"
}
ls
{
"
St
.
Pierre
&
Miquelon
nutome
ga
o
ome
"
}
}
"
meta
:
Pitcairn
"
{
ls
{
"
Pitcairn
ga
o
o
me
"
}
}
"
meta
:
Ponape
"
{
ls
{
"
Ponape
ga
o
o
me
"
}
}
"
meta
:
Pyongyang
"
{
ls
{
"
Pyongyang
ga
o
o
me
"
}
}
"
meta
:
Reunion
"
{
ls
{
"
Reunion
ga
o
o
me
"
}
}
"
meta
:
Rothera
"
{
ls
{
"
Rothera
ga
o
o
me
"
}
}
"
meta
:
Sakhalin
"
{
ld
{
"
Sakhalin
dzome
li
ga
o
o
me
"
}
lg
{
"
Sakhalin
ga
o
o
me
"
}
ls
{
"
Sakhalin
nutome
ga
o
o
me
"
}
}
"
meta
:
Samoa
"
{
ld
{
"
Samoa
kele
ga
o
o
me
"
}
lg
{
"
Samoa
ga
o
o
me
"
}
ls
{
"
Samoa
nutome
ga
o
o
me
"
}
}
"
meta
:
Seychelles
"
{
ls
{
"
Seychelles
ga
o
o
me
"
}
}
"
meta
:
Singapore
"
{
ls
{
"
Singapore
nutome
ga
o
o
me
"
}
}
"
meta
:
Solomon
"
{
ls
{
"
Solomon
Islands
ga
o
o
me
"
}
}
"
meta
:
South_Georgia
"
{
ls
{
"
South
Georgia
ga
o
o
me
"
}
}
"
meta
:
Suriname
"
{
ls
{
"
Suriname
ga
o
ome
"
}
}
"
meta
:
Syowa
"
{
ls
{
"
Syowa
ga
o
o
me
"
}
}
"
meta
:
Tahiti
"
{
ls
{
"
Tahiti
ga
o
o
me
"
}
}
"
meta
:
Taipei
"
{
ld
{
"
Taipei
kele
ga
o
o
me
"
}
lg
{
"
Taipei
ga
o
o
me
"
}
ls
{
"
Taipei
nutome
ga
o
o
me
"
}
}
"
meta
:
Tajikistan
"
{
ls
{
"
Tajikistan
ga
o
o
me
"
}
}
"
meta
:
Tokelau
"
{
ls
{
"
Tokelau
ga
o
o
me
"
}
}
"
meta
:
Tonga
"
{
ld
{
"
Tonga
dzome
li
ga
o
o
me
"
}
lg
{
"
Tonga
ga
o
o
me
"
}
ls
{
"
Tonga
nutome
ga
o
o
me
"
}
}
"
meta
:
Truk
"
{
ls
{
"
Chuuk
ga
o
o
me
"
}
}
"
meta
:
Turkmenistan
"
{
ld
{
"
Turkmenistan
dzome
li
ga
o
o
me
"
}
lg
{
"
Turkmenistan
ga
o
o
me
"
}
ls
{
"
Turkmenistan
nutome
ga
o
o
me
"
}
}
"
meta
:
Tuvalu
"
{
ls
{
"
Tuvalu
ga
o
o
me
"
}
}
"
meta
:
Uruguay
"
{
ld
{
"
Uruguay
dzome
li
ga
o
o
me
"
}
lg
{
"
Uruguay
ga
o
o
me
"
}
ls
{
"
Uruguay
nutome
ga
o
o
me
"
}
}
"
meta
:
Uzbekistan
"
{
ld
{
"
Uzbekistan
dzome
li
ga
o
o
me
"
}
lg
{
"
Uzbekistan
ga
o
o
me
"
}
ls
{
"
Uzbekistan
nutome
ga
o
o
me
"
}
}
"
meta
:
Vanuatu
"
{
ld
{
"
Vanuatu
dzome
li
ga
o
o
me
"
}
lg
{
"
Vanuatu
ga
o
o
me
"
}
ls
{
"
Vanuatu
nutome
ga
o
o
me
"
}
}
"
meta
:
Venezuela
"
{
ls
{
"
Venezuela
ga
o
o
me
"
}
}
"
meta
:
Vladivostok
"
{
ld
{
"
Vladivostok
dzome
li
ga
o
o
me
"
}
lg
{
"
Vladivostok
ga
o
o
me
"
}
ls
{
"
Vladivostok
nutome
ga
o
o
me
"
}
}
"
meta
:
Volgograd
"
{
ld
{
"
Vogograd
dzome
li
ga
o
o
me
"
}
lg
{
"
Volgograd
ga
o
o
me
"
}
ls
{
"
Volgograd
nutome
ga
o
o
me
"
}
}
"
meta
:
Vostok
"
{
ls
{
"
Vostok
ga
o
o
me
"
}
}
"
meta
:
Wake
"
{
ls
{
"
Wake
Island
ga
o
o
me
"
}
}
"
meta
:
Wallis
"
{
ls
{
"
Wallis
&
Futuna
ga
o
o
me
"
}
}
"
meta
:
Yakutsk
"
{
ld
{
"
Yakutsk
dzome
li
ga
o
o
me
"
}
lg
{
"
Yakutsk
ga
o
o
me
"
}
ls
{
"
Yakutsk
nutome
ga
o
o
me
"
}
}
"
meta
:
Yekaterinburg
"
{
ld
{
"
Yekaterinburg
dzome
li
ga
o
o
me
"
}
lg
{
"
Yekaterinburg
ga
o
o
me
"
}
ls
{
"
Yekaterinburg
nutome
ga
o
o
me
"
}
}
fallbackFormat
{
"
{
1
}
(
{
0
}
)
"
}
gmtFormat
{
"
{
0
}
GMT
"
}
gmtZeroFormat
{
"
GMT
"
}
hourFormat
{
"
+
HH
:
mm
;
-
HH
:
mm
"
}
regionFormat
{
"
{
0
}
ga
o
o
me
"
}
regionFormatDaylight
{
"
{
0
}
kele
ga
o
o
me
"
}
regionFormatStandard
{
"
{
0
}
nutome
ga
o
o
me
"
}
}
}
