/
/
2016
and
later
:
Unicode
Inc
.
and
others
.
/
/
License
&
terms
of
use
:
http
:
/
/
www
.
unicode
.
org
/
copyright
.
html
/
/
Generated
using
tools
/
cldr
/
cldr
-
to
-
icu
/
es
{
zoneStrings
{
"
Africa
:
Abidjan
"
{
ec
{
"
Abiy
n
"
}
}
"
Africa
:
Accra
"
{
ec
{
"
Acra
"
}
}
"
Africa
:
Addis_Ababa
"
{
ec
{
"
Ad
s
Abeba
"
}
}
"
Africa
:
Algiers
"
{
ec
{
"
Argel
"
}
}
"
Africa
:
Bissau
"
{
ec
{
"
Bis
u
"
}
}
"
Africa
:
Cairo
"
{
ec
{
"
El
Cairo
"
}
}
"
Africa
:
Conakry
"
{
ec
{
"
Conakri
"
}
}
"
Africa
:
Dar_es_Salaam
"
{
ec
{
"
Dar
es
-
Salam
"
}
}
"
Africa
:
Djibouti
"
{
ec
{
"
Yibuti
"
}
}
"
Africa
:
Douala
"
{
ec
{
"
Duala
"
}
}
"
Africa
:
El_Aaiun
"
{
ec
{
"
El
Aai
n
"
}
}
"
Africa
:
Johannesburg
"
{
ec
{
"
Johannesburgo
"
}
}
"
Africa
:
Khartoum
"
{
ec
{
"
Jartum
"
}
}
"
Africa
:
Lome
"
{
ec
{
"
Lom
"
}
}
"
Africa
:
Mogadishu
"
{
ec
{
"
Mogadiscio
"
}
}
"
Africa
:
Ndjamena
"
{
ec
{
"
Yamena
"
}
}
"
Africa
:
Nouakchott
"
{
ec
{
"
Nuakchot
"
}
}
"
Africa
:
Ouagadougou
"
{
ec
{
"
Uagadug
"
}
}
"
Africa
:
Porto
-
Novo
"
{
ec
{
"
Portonovo
"
}
}
"
Africa
:
Sao_Tome
"
{
ec
{
"
Santo
Tom
"
}
}
"
Africa
:
Tripoli
"
{
ec
{
"
Tr
poli
"
}
}
"
Africa
:
Tunis
"
{
ec
{
"
T
nez
"
}
}
"
America
:
Anguilla
"
{
ec
{
"
Anguila
"
}
}
"
America
:
Araguaina
"
{
ec
{
"
Aragua
na
"
}
}
"
America
:
Argentina
:
Rio_Gallegos
"
{
ec
{
"
R
o
Gallegos
"
}
}
"
America
:
Argentina
:
Tucuman
"
{
ec
{
"
Tucum
n
"
}
}
"
America
:
Bahia
"
{
ec
{
"
Bah
a
"
}
}
"
America
:
Belem
"
{
ec
{
"
Bel
n
"
}
}
"
America
:
Belize
"
{
ec
{
"
Belice
"
}
}
"
America
:
Bogota
"
{
ec
{
"
Bogot
"
}
}
"
America
:
Cayenne
"
{
ec
{
"
Cayena
"
}
}
"
America
:
Cayman
"
{
ec
{
"
Caim
n
"
}
}
"
America
:
Cordoba
"
{
ec
{
"
C
rdoba
"
}
}
"
America
:
Cuiaba
"
{
ec
{
"
Cuiab
"
}
}
"
America
:
Curacao
"
{
ec
{
"
Curazao
"
}
}
"
America
:
Eirunepe
"
{
ec
{
"
Eirunep
"
}
}
"
America
:
Grand_Turk
"
{
ec
{
"
Gran
Turca
"
}
}
"
America
:
Grenada
"
{
ec
{
"
Granada
"
}
}
"
America
:
Guadeloupe
"
{
ec
{
"
Guadalupe
"
}
}
"
America
:
Havana
"
{
ec
{
"
La
Habana
"
}
}
"
America
:
Indianapolis
"
{
ec
{
"
Indian
polis
"
}
}
"
America
:
Los_Angeles
"
{
ec
{
"
Los
ngeles
"
}
}
"
America
:
Maceio
"
{
ec
{
"
Macei
"
}
}
"
America
:
Manaus
"
{
ec
{
"
Manaos
"
}
}
"
America
:
Martinique
"
{
ec
{
"
Martinica
"
}
}
"
America
:
Mazatlan
"
{
ec
{
"
Mazatl
n
"
}
}
"
America
:
Mexico_City
"
{
ec
{
"
Ciudad
de
M
xico
"
}
}
"
America
:
Miquelon
"
{
ec
{
"
Miquel
n
"
}
}
"
America
:
New_York
"
{
ec
{
"
Nueva
York
"
}
}
"
America
:
North_Dakota
:
Beulah
"
{
ec
{
"
Beulah
Dakota
del
Norte
"
}
}
"
America
:
North_Dakota
:
Center
"
{
ec
{
"
Center
Dakota
del
Norte
"
}
}
"
America
:
North_Dakota
:
New_Salem
"
{
ec
{
"
New
Salem
Dakota
del
Norte
"
}
}
"
America
:
Panama
"
{
ec
{
"
Panam
"
}
}
"
America
:
Port
-
au
-
Prince
"
{
ec
{
"
Puerto
Pr
ncipe
"
}
}
"
America
:
Port_of_Spain
"
{
ec
{
"
Puerto
Espa
a
"
}
}
"
America
:
Rio_Branco
"
{
ec
{
"
R
o
Branco
"
}
}
"
America
:
Santarem
"
{
ec
{
"
Santar
m
"
}
}
"
America
:
Santiago
"
{
ec
{
"
Santiago
de
Chile
"
}
}
"
America
:
Sao_Paulo
"
{
ec
{
"
S
o
Paulo
"
}
}
"
America
:
St_Barthelemy
"
{
ec
{
"
San
Bartolom
"
}
}
"
America
:
St_Johns
"
{
ec
{
"
San
Juan
de
Terranova
"
}
}
"
America
:
St_Kitts
"
{
ec
{
"
San
Crist
bal
"
}
}
"
America
:
St_Lucia
"
{
ec
{
"
Santa
Luc
a
"
}
}
"
America
:
St_Vincent
"
{
ec
{
"
San
Vicente
"
}
}
"
America
:
Tortola
"
{
ec
{
"
T
rtola
"
}
}
"
Asia
:
Aden
"
{
ec
{
"
Ad
n
"
}
}
"
Asia
:
Amman
"
{
ec
{
"
Amm
n
"
}
}
"
Asia
:
Anadyr
"
{
ec
{
"
An
dyr
"
}
}
"
Asia
:
Aqtau
"
{
ec
{
"
Aktau
"
}
}
"
Asia
:
Aqtobe
"
{
ec
{
"
Aktobe
"
}
}
"
Asia
:
Ashgabat
"
{
ec
{
"
Asjabad
"
}
}
"
Asia
:
Baghdad
"
{
ec
{
"
Bagdad
"
}
}
"
Asia
:
Bahrain
"
{
ec
{
"
Bar
in
"
}
}
"
Asia
:
Baku
"
{
ec
{
"
Bak
"
}
}
"
Asia
:
Barnaul
"
{
ec
{
"
Barna
l
"
}
}
"
Asia
:
Brunei
"
{
ec
{
"
Brun
i
"
}
}
"
Asia
:
Calcutta
"
{
ec
{
"
Calcuta
"
}
}
"
Asia
:
Chita
"
{
ec
{
"
Chit
"
}
}
"
Asia
:
Damascus
"
{
ec
{
"
Damasco
"
}
}
"
Asia
:
Dhaka
"
{
ec
{
"
Daca
"
}
}
"
Asia
:
Dubai
"
{
ec
{
"
Dub
i
"
}
}
"
Asia
:
Dushanbe
"
{
ec
{
"
Dusamb
"
}
}
"
Asia
:
Hebron
"
{
ec
{
"
Hebr
n
"
}
}
"
Asia
:
Jakarta
"
{
ec
{
"
Yakarta
"
}
}
"
Asia
:
Jerusalem
"
{
ec
{
"
Jerusal
n
"
}
}
"
Asia
:
Katmandu
"
{
ec
{
"
Katmand
"
}
}
"
Asia
:
Khandyga
"
{
ec
{
"
Khandiga
"
}
}
"
Asia
:
Magadan
"
{
ec
{
"
Magad
n
"
}
}
"
Asia
:
Makassar
"
{
ec
{
"
Makasar
"
}
}
"
Asia
:
Muscat
"
{
ec
{
"
Mascate
"
}
}
"
Asia
:
Qatar
"
{
ec
{
"
Catar
"
}
}
"
Asia
:
Qostanay
"
{
ec
{
"
Kostan
i
"
}
}
"
Asia
:
Qyzylorda
"
{
ec
{
"
Kyzylorda
"
}
}
"
Asia
:
Rangoon
"
{
ec
{
"
Yang
n
(
Rang
n
)
"
}
}
"
Asia
:
Riyadh
"
{
ec
{
"
Riad
"
}
}
"
Asia
:
Saigon
"
{
ec
{
"
Ciudad
Ho
Chi
Minh
"
}
}
"
Asia
:
Sakhalin
"
{
ec
{
"
Sajal
n
"
}
}
"
Asia
:
Samarkand
"
{
ec
{
"
Samarcanda
"
}
}
"
Asia
:
Seoul
"
{
ec
{
"
Se
l
"
}
}
"
Asia
:
Shanghai
"
{
ec
{
"
Shangh
i
"
}
}
"
Asia
:
Singapore
"
{
ec
{
"
Singapur
"
}
}
"
Asia
:
Srednekolymsk
"
{
ec
{
"
Srednekolimsk
"
}
}
"
Asia
:
Taipei
"
{
ec
{
"
Taip
i
"
}
}
"
Asia
:
Tashkent
"
{
ec
{
"
Taskent
"
}
}
"
Asia
:
Tbilisi
"
{
ec
{
"
Tiflis
"
}
}
"
Asia
:
Tehran
"
{
ec
{
"
Teher
n
"
}
}
"
Asia
:
Thimphu
"
{
ec
{
"
Timbu
"
}
}
"
Asia
:
Tokyo
"
{
ec
{
"
Tokio
"
}
}
"
Asia
:
Ulaanbaatar
"
{
ec
{
"
Ul
n
Bator
"
}
}
"
Asia
:
Urumqi
"
{
ec
{
"
r
mqi
"
}
}
"
Asia
:
Vientiane
"
{
ec
{
"
Vienti
n
"
}
}
"
Asia
:
Yekaterinburg
"
{
ec
{
"
Ekaterimburgo
"
}
}
"
Asia
:
Yerevan
"
{
ec
{
"
Erev
n
"
}
}
"
Atlantic
:
Bermuda
"
{
ec
{
"
Bermudas
"
}
}
"
Atlantic
:
Canary
"
{
ec
{
"
Canarias
"
}
}
"
Atlantic
:
Cape_Verde
"
{
ec
{
"
Cabo
Verde
"
}
}
"
Atlantic
:
Faeroe
"
{
ec
{
"
Islas
Feroe
"
}
}
"
Atlantic
:
Reykjavik
"
{
ec
{
"
Reikiavik
"
}
}
"
Atlantic
:
South_Georgia
"
{
ec
{
"
Georgia
del
Sur
"
}
}
"
Atlantic
:
St_Helena
"
{
ec
{
"
Santa
Elena
"
}
}
"
Australia
:
Adelaide
"
{
ec
{
"
Adelaida
"
}
}
"
Australia
:
Sydney
"
{
ec
{
"
S
dney
"
}
}
"
Etc
:
UTC
"
{
ls
{
"
tiempo
universal
coordinado
"
}
}
"
Etc
:
Unknown
"
{
ec
{
"
Ciudad
desconocida
"
}
}
"
Europe
:
Amsterdam
"
{
ec
{
"
msterdam
"
}
}
"
Europe
:
Astrakhan
"
{
ec
{
"
Astrac
n
"
}
}
"
Europe
:
Athens
"
{
ec
{
"
Atenas
"
}
}
"
Europe
:
Belgrade
"
{
ec
{
"
Belgrado
"
}
}
"
Europe
:
Berlin
"
{
ec
{
"
Berl
n
"
}
}
"
Europe
:
Brussels
"
{
ec
{
"
Bruselas
"
}
}
"
Europe
:
Bucharest
"
{
ec
{
"
Bucarest
"
}
}
"
Europe
:
Chisinau
"
{
ec
{
"
Chisin
u
"
}
}
"
Europe
:
Copenhagen
"
{
ec
{
"
Copenhague
"
}
}
"
Europe
:
Dublin
"
{
ec
{
"
Dubl
n
"
}
ld
{
"
hora
de
verano
de
Irlanda
"
}
}
"
Europe
:
Guernsey
"
{
ec
{
"
Guernesey
"
}
}
"
Europe
:
Isle_of_Man
"
{
ec
{
"
Isla
de
Man
"
}
}
"
Europe
:
Istanbul
"
{
ec
{
"
Estambul
"
}
}
"
Europe
:
Kaliningrad
"
{
ec
{
"
Kaliningrado
"
}
}
"
Europe
:
Kiev
"
{
ec
{
"
Kiev
"
}
}
"
Europe
:
Kirov
"
{
ec
{
"
K
rov
"
}
}
"
Europe
:
Lisbon
"
{
ec
{
"
Lisboa
"
}
}
"
Europe
:
Ljubljana
"
{
ec
{
"
Liubliana
"
}
}
"
Europe
:
London
"
{
ec
{
"
Londres
"
}
ld
{
"
hora
de
verano
brit
nica
"
}
}
"
Europe
:
Luxembourg
"
{
ec
{
"
Luxemburgo
"
}
}
"
Europe
:
Monaco
"
{
ec
{
"
M
naco
"
}
}
"
Europe
:
Moscow
"
{
ec
{
"
Mosc
"
}
}
"
Europe
:
Paris
"
{
ec
{
"
Par
s
"
}
}
"
Europe
:
Prague
"
{
ec
{
"
Praga
"
}
}
"
Europe
:
Rome
"
{
ec
{
"
Roma
"
}
}
"
Europe
:
Saratov
"
{
ec
{
"
Sar
tov
"
}
}
"
Europe
:
Simferopol
"
{
ec
{
"
Simfer
pol
"
}
}
"
Europe
:
Skopje
"
{
ec
{
"
Skopie
"
}
}
"
Europe
:
Sofia
"
{
ec
{
"
Sof
a
"
}
}
"
Europe
:
Stockholm
"
{
ec
{
"
Estocolmo
"
}
}
"
Europe
:
Tallinn
"
{
ec
{
"
Tallin
"
}
}
"
Europe
:
Tirane
"
{
ec
{
"
Tirana
"
}
}
"
Europe
:
Ulyanovsk
"
{
ec
{
"
Uli
novsk
"
}
}
"
Europe
:
Vatican
"
{
ec
{
"
El
Vaticano
"
}
}
"
Europe
:
Vienna
"
{
ec
{
"
Viena
"
}
}
"
Europe
:
Vilnius
"
{
ec
{
"
Vilna
"
}
}
"
Europe
:
Volgograd
"
{
ec
{
"
Volgogrado
"
}
}
"
Europe
:
Warsaw
"
{
ec
{
"
Varsovia
"
}
}
"
Europe
:
Zurich
"
{
ec
{
"
Z
rich
"
}
}
"
Indian
:
Christmas
"
{
ec
{
"
Navidad
"
}
}
"
Indian
:
Comoro
"
{
ec
{
"
Comoras
"
}
}
"
Indian
:
Mahe
"
{
ec
{
"
Mah
"
}
}
"
Indian
:
Maldives
"
{
ec
{
"
Maldivas
"
}
}
"
Indian
:
Mauritius
"
{
ec
{
"
Mauricio
"
}
}
"
Indian
:
Reunion
"
{
ec
{
"
Reuni
n
"
}
}
"
Pacific
:
Easter
"
{
ec
{
"
Isla
de
Pascua
"
}
}
"
Pacific
:
Enderbury
"
{
ec
{
"
Enderbury
"
}
}
"
Pacific
:
Fiji
"
{
ec
{
"
Fiyi
"
}
}
"
Pacific
:
Galapagos
"
{
ec
{
"
Gal
pagos
"
}
}
"
Pacific
:
Honolulu
"
{
ec
{
"
Honolul
"
}
}
"
Pacific
:
Noumea
"
{
ec
{
"
Numea
"
}
}
"
Pacific
:
Palau
"
{
ec
{
"
Palaos
"
}
}
"
Pacific
:
Saipan
"
{
ec
{
"
Saip
n
"
}
}
"
Pacific
:
Tahiti
"
{
ec
{
"
Tahit
"
}
}
"
meta
:
Acre
"
{
ld
{
"
Hora
de
verano
de
Acre
"
}
lg
{
"
Hora
de
Acre
"
}
ls
{
"
Hora
est
ndar
de
Acre
"
}
}
"
meta
:
Afghanistan
"
{
ls
{
"
hora
de
Afganist
n
"
}
}
"
meta
:
Africa_Central
"
{
ls
{
"
hora
de
frica
central
"
}
}
"
meta
:
Africa_Eastern
"
{
ls
{
"
hora
de
frica
oriental
"
}
}
"
meta
:
Africa_Southern
"
{
ls
{
"
hora
de
Sud
frica
"
}
}
"
meta
:
Africa_Western
"
{
ld
{
"
hora
de
verano
de
frica
occidental
"
}
lg
{
"
hora
de
frica
occidental
"
}
ls
{
"
hora
est
ndar
de
frica
occidental
"
}
}
"
meta
:
Alaska
"
{
ld
{
"
hora
de
verano
de
Alaska
"
}
lg
{
"
hora
de
Alaska
"
}
ls
{
"
hora
est
ndar
de
Alaska
"
}
}
"
meta
:
Amazon
"
{
ld
{
"
hora
de
verano
del
Amazonas
"
}
lg
{
"
hora
del
Amazonas
"
}
ls
{
"
hora
est
ndar
del
Amazonas
"
}
}
"
meta
:
America_Central
"
{
ld
{
"
hora
de
verano
central
"
}
lg
{
"
hora
central
"
}
ls
{
"
hora
est
ndar
central
"
}
}
"
meta
:
America_Eastern
"
{
ld
{
"
hora
de
verano
oriental
"
}
lg
{
"
hora
oriental
"
}
ls
{
"
hora
est
ndar
oriental
"
}
}
"
meta
:
America_Mountain
"
{
ld
{
"
hora
de
verano
de
las
Monta
as
Rocosas
"
}
lg
{
"
hora
de
las
Monta
as
Rocosas
"
}
ls
{
"
hora
est
ndar
de
las
Monta
as
Rocosas
"
}
}
"
meta
:
America_Pacific
"
{
ld
{
"
hora
de
verano
del
Pac
fico
"
}
lg
{
"
hora
del
Pac
fico
"
}
ls
{
"
hora
est
ndar
del
Pac
fico
"
}
}
"
meta
:
Anadyr
"
{
ld
{
"
hora
de
verano
de
Anadyr
"
}
lg
{
"
hora
de
Anadyr
"
}
ls
{
"
hora
est
ndar
de
Anadyr
"
}
}
"
meta
:
Apia
"
{
ld
{
"
horario
de
verano
de
Apia
"
}
lg
{
"
hora
de
Apia
"
}
ls
{
"
hora
est
ndar
de
Apia
"
}
}
"
meta
:
Aqtau
"
{
ld
{
"
Hora
de
verano
de
Aktau
"
}
lg
{
"
Hora
de
Aktau
"
}
ls
{
"
Hora
est
ndar
de
Aktau
"
}
}
"
meta
:
Aqtobe
"
{
ld
{
"
Hora
de
verano
de
Aktobe
"
}
lg
{
"
Hora
de
Aktobe
"
}
ls
{
"
Hora
est
ndar
de
Aktobe
"
}
}
"
meta
:
Arabian
"
{
ld
{
"
hora
de
verano
de
Arabia
"
}
lg
{
"
hora
de
Arabia
"
}
ls
{
"
hora
est
ndar
de
Arabia
"
}
}
"
meta
:
Argentina
"
{
ld
{
"
hora
de
verano
de
Argentina
"
}
lg
{
"
hora
de
Argentina
"
}
ls
{
"
hora
est
ndar
de
Argentina
"
}
}
"
meta
:
Argentina_Western
"
{
ld
{
"
hora
de
verano
de
Argentina
occidental
"
}
lg
{
"
hora
de
Argentina
occidental
"
}
ls
{
"
hora
est
ndar
de
Argentina
occidental
"
}
}
"
meta
:
Armenia
"
{
ld
{
"
hora
de
verano
de
Armenia
"
}
lg
{
"
hora
de
Armenia
"
}
ls
{
"
hora
est
ndar
de
Armenia
"
}
}
"
meta
:
Atlantic
"
{
ld
{
"
hora
de
verano
del
Atl
ntico
"
}
lg
{
"
hora
del
Atl
ntico
"
}
ls
{
"
hora
est
ndar
del
Atl
ntico
"
}
}
"
meta
:
Australia_Central
"
{
ld
{
"
hora
de
verano
de
Australia
central
"
}
lg
{
"
hora
de
Australia
central
"
}
ls
{
"
hora
est
ndar
de
Australia
central
"
}
}
"
meta
:
Australia_CentralWestern
"
{
ld
{
"
hora
de
verano
de
Australia
centroccidental
"
}
lg
{
"
hora
de
Australia
centroccidental
"
}
ls
{
"
hora
est
ndar
de
Australia
centroccidental
"
}
}
"
meta
:
Australia_Eastern
"
{
ld
{
"
hora
de
verano
de
Australia
oriental
"
}
lg
{
"
hora
de
Australia
oriental
"
}
ls
{
"
hora
est
ndar
de
Australia
oriental
"
}
}
"
meta
:
Australia_Western
"
{
ld
{
"
hora
de
verano
de
Australia
occidental
"
}
lg
{
"
hora
de
Australia
occidental
"
}
ls
{
"
hora
est
ndar
de
Australia
occidental
"
}
}
"
meta
:
Azerbaijan
"
{
ld
{
"
hora
de
verano
de
Azerbaiy
n
"
}
lg
{
"
hora
de
Azerbaiy
n
"
}
ls
{
"
hora
est
ndar
de
Azerbaiy
n
"
}
}
"
meta
:
Azores
"
{
ld
{
"
hora
de
verano
de
las
Azores
"
}
lg
{
"
hora
de
las
Azores
"
}
ls
{
"
hora
est
ndar
de
las
Azores
"
}
}
"
meta
:
Bangladesh
"
{
ld
{
"
hora
de
verano
de
Banglad
s
"
}
lg
{
"
hora
de
Banglad
s
"
}
ls
{
"
hora
est
ndar
de
Banglad
s
"
}
}
"
meta
:
Bhutan
"
{
ls
{
"
hora
de
But
n
"
}
}
"
meta
:
Bolivia
"
{
ls
{
"
hora
de
Bolivia
"
}
}
"
meta
:
Brasilia
"
{
ld
{
"
hora
de
verano
de
Brasilia
"
}
lg
{
"
hora
de
Brasilia
"
}
ls
{
"
hora
est
ndar
de
Brasilia
"
}
}
"
meta
:
Brunei
"
{
ls
{
"
hora
de
Brun
i
"
}
}
"
meta
:
Cape_Verde
"
{
ld
{
"
hora
de
verano
de
Cabo
Verde
"
}
lg
{
"
hora
de
Cabo
Verde
"
}
ls
{
"
hora
est
ndar
de
Cabo
Verde
"
}
}
"
meta
:
Chamorro
"
{
ls
{
"
hora
est
ndar
de
Chamorro
"
}
}
"
meta
:
Chatham
"
{
ld
{
"
hora
de
verano
de
Chatham
"
}
lg
{
"
hora
de
Chatham
"
}
ls
{
"
hora
est
ndar
de
Chatham
"
}
}
"
meta
:
Chile
"
{
ld
{
"
hora
de
verano
de
Chile
"
}
lg
{
"
hora
de
Chile
"
}
ls
{
"
hora
est
ndar
de
Chile
"
}
}
"
meta
:
China
"
{
ld
{
"
hora
de
verano
de
China
"
}
lg
{
"
hora
de
China
"
}
ls
{
"
hora
est
ndar
de
China
"
}
}
"
meta
:
Christmas
"
{
ls
{
"
hora
de
la
Isla
de
Navidad
"
}
}
"
meta
:
Cocos
"
{
ls
{
"
hora
de
las
Islas
Cocos
"
}
}
"
meta
:
Colombia
"
{
ld
{
"
hora
de
verano
de
Colombia
"
}
lg
{
"
hora
de
Colombia
"
}
ls
{
"
hora
est
ndar
de
Colombia
"
}
}
"
meta
:
Cook
"
{
ld
{
"
hora
de
verano
media
de
las
Islas
Cook
"
}
lg
{
"
hora
de
las
Islas
Cook
"
}
ls
{
"
hora
est
ndar
de
las
Islas
Cook
"
}
}
"
meta
:
Cuba
"
{
ld
{
"
hora
de
verano
de
Cuba
"
}
lg
{
"
hora
de
Cuba
"
}
ls
{
"
hora
est
ndar
de
Cuba
"
}
}
"
meta
:
Davis
"
{
ls
{
"
hora
de
Davis
"
}
}
"
meta
:
DumontDUrville
"
{
ls
{
"
hora
de
Dumont
-
d
Urville
"
}
}
"
meta
:
East_Timor
"
{
ls
{
"
hora
de
Timor
Oriental
"
}
}
"
meta
:
Easter
"
{
ld
{
"
hora
de
verano
de
la
isla
de
Pascua
"
}
lg
{
"
hora
de
la
isla
de
Pascua
"
}
ls
{
"
hora
est
ndar
de
la
isla
de
Pascua
"
}
}
"
meta
:
Ecuador
"
{
ls
{
"
hora
de
Ecuador
"
}
}
"
meta
:
Europe_Central
"
{
ld
{
"
hora
de
verano
de
Europa
central
"
}
lg
{
"
hora
de
Europa
central
"
}
ls
{
"
hora
est
ndar
de
Europa
central
"
}
sd
{
"
CEST
"
}
sg
{
"
CET
"
}
ss
{
"
CET
"
}
}
"
meta
:
Europe_Eastern
"
{
ld
{
"
hora
de
verano
de
Europa
oriental
"
}
lg
{
"
hora
de
Europa
oriental
"
}
ls
{
"
hora
est
ndar
de
Europa
oriental
"
}
sd
{
"
EEST
"
}
sg
{
"
EET
"
}
ss
{
"
EET
"
}
}
"
meta
:
Europe_Further_Eastern
"
{
ls
{
"
hora
del
extremo
oriental
de
Europa
"
}
}
"
meta
:
Europe_Western
"
{
ld
{
"
hora
de
verano
de
Europa
occidental
"
}
lg
{
"
hora
de
Europa
occidental
"
}
ls
{
"
hora
est
ndar
de
Europa
occidental
"
}
sd
{
"
WEST
"
}
sg
{
"
WET
"
}
ss
{
"
WET
"
}
}
"
meta
:
Falkland
"
{
ld
{
"
hora
de
verano
de
las
islas
Malvinas
"
}
lg
{
"
hora
de
las
islas
Malvinas
"
}
ls
{
"
hora
est
ndar
de
las
islas
Malvinas
"
}
}
"
meta
:
Fiji
"
{
ld
{
"
hora
de
verano
de
Fiyi
"
}
lg
{
"
hora
de
Fiyi
"
}
ls
{
"
hora
est
ndar
de
Fiyi
"
}
}
"
meta
:
French_Guiana
"
{
ls
{
"
hora
de
la
Guayana
Francesa
"
}
}
"
meta
:
French_Southern
"
{
ls
{
"
hora
de
Ant
rtida
y
Territorios
Australes
Franceses
"
}
}
"
meta
:
GMT
"
{
ls
{
"
hora
del
meridiano
de
Greenwich
"
}
ss
{
"
GMT
"
}
}
"
meta
:
Galapagos
"
{
ls
{
"
hora
de
Gal
pagos
"
}
}
"
meta
:
Gambier
"
{
ls
{
"
hora
de
Gambier
"
}
}
"
meta
:
Georgia
"
{
ld
{
"
hora
de
verano
de
Georgia
"
}
lg
{
"
hora
de
Georgia
"
}
ls
{
"
hora
est
ndar
de
Georgia
"
}
}
"
meta
:
Gilbert_Islands
"
{
ls
{
"
hora
de
las
islas
Gilbert
"
}
}
"
meta
:
Greenland_Eastern
"
{
ld
{
"
hora
de
verano
de
Groenlandia
oriental
"
}
lg
{
"
hora
de
Groenlandia
oriental
"
}
ls
{
"
hora
est
ndar
de
Groenlandia
oriental
"
}
}
"
meta
:
Greenland_Western
"
{
ld
{
"
hora
de
verano
de
Groenlandia
occidental
"
}
lg
{
"
hora
de
Groenlandia
occidental
"
}
ls
{
"
hora
est
ndar
de
Groenlandia
occidental
"
}
}
"
meta
:
Guam
"
{
ls
{
"
Hora
est
ndar
de
Guam
"
}
}
"
meta
:
Gulf
"
{
ls
{
"
hora
est
ndar
del
Golfo
"
}
}
"
meta
:
Guyana
"
{
ls
{
"
hora
de
Guyana
"
}
}
"
meta
:
Hawaii_Aleutian
"
{
ld
{
"
hora
de
verano
de
Haw
i
-
Aleutianas
"
}
lg
{
"
hora
de
Haw
i
-
Aleutianas
"
}
ls
{
"
hora
est
ndar
de
Haw
i
-
Aleutianas
"
}
}
"
meta
:
Hong_Kong
"
{
ld
{
"
hora
de
verano
de
Hong
Kong
"
}
lg
{
"
hora
de
Hong
Kong
"
}
ls
{
"
hora
est
ndar
de
Hong
Kong
"
}
}
"
meta
:
Hovd
"
{
ld
{
"
hora
de
verano
de
Hovd
"
}
lg
{
"
hora
de
Hovd
"
}
ls
{
"
hora
est
ndar
de
Hovd
"
}
}
"
meta
:
India
"
{
ls
{
"
hora
est
ndar
de
la
India
"
}
}
"
meta
:
Indian_Ocean
"
{
ls
{
"
hora
del
oc
ano
ndico
"
}
}
"
meta
:
Indochina
"
{
ls
{
"
hora
de
Indochina
"
}
}
"
meta
:
Indonesia_Central
"
{
ls
{
"
hora
de
Indonesia
central
"
}
}
"
meta
:
Indonesia_Eastern
"
{
ls
{
"
hora
de
Indonesia
oriental
"
}
}
"
meta
:
Indonesia_Western
"
{
ls
{
"
hora
de
Indonesia
occidental
"
}
}
"
meta
:
Iran
"
{
ld
{
"
hora
de
verano
de
Ir
n
"
}
lg
{
"
hora
de
Ir
n
"
}
ls
{
"
hora
est
ndar
de
Ir
n
"
}
}
"
meta
:
Irkutsk
"
{
ld
{
"
hora
de
verano
de
Irkutsk
"
}
lg
{
"
hora
de
Irkutsk
"
}
ls
{
"
hora
est
ndar
de
Irkutsk
"
}
}
"
meta
:
Israel
"
{
ld
{
"
hora
de
verano
de
Israel
"
}
lg
{
"
hora
de
Israel
"
}
ls
{
"
hora
est
ndar
de
Israel
"
}
}
"
meta
:
Japan
"
{
ld
{
"
hora
de
verano
de
Jap
n
"
}
lg
{
"
hora
de
Jap
n
"
}
ls
{
"
hora
est
ndar
de
Jap
n
"
}
}
"
meta
:
Kamchatka
"
{
ld
{
"
hora
de
verano
de
Kamchatka
"
}
lg
{
"
hora
de
Kamchatka
"
}
ls
{
"
hora
est
ndar
de
Kamchatka
"
}
}
"
meta
:
Kazakhstan
"
{
ls
{
"
hora
de
Kazajist
n
"
}
}
"
meta
:
Kazakhstan_Eastern
"
{
ls
{
"
hora
de
Kazajist
n
oriental
"
}
}
"
meta
:
Kazakhstan_Western
"
{
ls
{
"
hora
de
Kazajist
n
occidental
"
}
}
"
meta
:
Korea
"
{
ld
{
"
hora
de
verano
de
Corea
"
}
lg
{
"
hora
de
Corea
"
}
ls
{
"
hora
est
ndar
de
Corea
"
}
}
"
meta
:
Kosrae
"
{
ls
{
"
hora
de
Kosrae
"
}
}
"
meta
:
Krasnoyarsk
"
{
ld
{
"
hora
de
verano
de
Krasnoyarsk
"
}
lg
{
"
hora
de
Krasnoyarsk
"
}
ls
{
"
hora
est
ndar
de
Krasnoyarsk
"
}
}
"
meta
:
Kyrgystan
"
{
ls
{
"
hora
de
Kirguist
n
"
}
}
"
meta
:
Lanka
"
{
ls
{
"
Hora
de
Sri
Lanka
"
}
}
"
meta
:
Line_Islands
"
{
ls
{
"
hora
de
las
Esp
radas
Ecuatoriales
"
}
}
"
meta
:
Lord_Howe
"
{
ld
{
"
hora
de
verano
de
Lord
Howe
"
}
lg
{
"
hora
de
Lord
Howe
"
}
ls
{
"
hora
est
ndar
de
Lord
Howe
"
}
}
"
meta
:
Macau
"
{
ld
{
"
Hora
de
verano
de
Macao
"
}
lg
{
"
Hora
de
Macao
"
}
ls
{
"
Hora
est
ndar
de
Macao
"
}
}
"
meta
:
Magadan
"
{
ld
{
"
hora
de
verano
de
Magad
n
"
}
lg
{
"
hora
de
Magad
n
"
}
ls
{
"
hora
est
ndar
de
Magad
n
"
}
}
"
meta
:
Malaysia
"
{
ls
{
"
hora
de
Malasia
"
}
}
"
meta
:
Maldives
"
{
ls
{
"
hora
de
Maldivas
"
}
}
"
meta
:
Marquesas
"
{
ls
{
"
hora
de
Marquesas
"
}
}
"
meta
:
Marshall_Islands
"
{
ls
{
"
hora
de
las
Islas
Marshall
"
}
}
"
meta
:
Mauritius
"
{
ld
{
"
hora
de
verano
de
Mauricio
"
}
lg
{
"
hora
de
Mauricio
"
}
ls
{
"
hora
est
ndar
de
Mauricio
"
}
}
"
meta
:
Mawson
"
{
ls
{
"
hora
de
Mawson
"
}
}
"
meta
:
Mexico_Pacific
"
{
ld
{
"
hora
de
verano
del
Pac
fico
de
M
xico
"
}
lg
{
"
hora
del
Pac
fico
de
M
xico
"
}
ls
{
"
hora
est
ndar
del
Pac
fico
de
M
xico
"
}
}
"
meta
:
Mongolia
"
{
ld
{
"
hora
de
verano
de
Ul
n
Bator
"
}
lg
{
"
hora
de
Ul
n
Bator
"
}
ls
{
"
hora
est
ndar
de
Ul
n
Bator
"
}
}
"
meta
:
Moscow
"
{
ld
{
"
hora
de
verano
de
Mosc
"
}
lg
{
"
hora
de
Mosc
"
}
ls
{
"
hora
est
ndar
de
Mosc
"
}
}
"
meta
:
Myanmar
"
{
ls
{
"
hora
de
Myanmar
"
}
}
"
meta
:
Nauru
"
{
ls
{
"
hora
de
Nauru
"
}
}
"
meta
:
Nepal
"
{
ls
{
"
hora
de
Nepal
"
}
}
"
meta
:
New_Caledonia
"
{
ld
{
"
hora
de
verano
de
Nueva
Caledonia
"
}
lg
{
"
hora
de
Nueva
Caledonia
"
}
ls
{
"
hora
est
ndar
de
Nueva
Caledonia
"
}
}
"
meta
:
New_Zealand
"
{
ld
{
"
hora
de
verano
de
Nueva
Zelanda
"
}
lg
{
"
hora
de
Nueva
Zelanda
"
}
ls
{
"
hora
est
ndar
de
Nueva
Zelanda
"
}
}
"
meta
:
Newfoundland
"
{
ld
{
"
hora
de
verano
de
Terranova
"
}
lg
{
"
hora
de
Terranova
"
}
ls
{
"
hora
est
ndar
de
Terranova
"
}
}
"
meta
:
Niue
"
{
ls
{
"
hora
de
Niue
"
}
}
"
meta
:
Norfolk
"
{
ld
{
"
hora
de
verano
de
la
isla
Norfolk
"
}
lg
{
"
hora
de
la
isla
Norfolk
"
}
ls
{
"
hora
est
ndar
de
la
isla
Norfolk
"
}
}
"
meta
:
Noronha
"
{
ld
{
"
hora
de
verano
de
Fernando
de
Noronha
"
}
lg
{
"
hora
de
Fernando
de
Noronha
"
}
ls
{
"
hora
est
ndar
de
Fernando
de
Noronha
"
}
}
"
meta
:
North_Mariana
"
{
ls
{
"
Hora
de
las
Islas
Marianas
del
Norte
"
}
}
"
meta
:
Novosibirsk
"
{
ld
{
"
hora
de
verano
de
Novosibirsk
"
}
lg
{
"
hora
de
Novosibirsk
"
}
ls
{
"
hora
est
ndar
de
Novosibirsk
"
}
}
"
meta
:
Omsk
"
{
ld
{
"
hora
de
verano
de
Omsk
"
}
lg
{
"
hora
de
Omsk
"
}
ls
{
"
hora
est
ndar
de
Omsk
"
}
}
"
meta
:
Pakistan
"
{
ld
{
"
hora
de
verano
de
Pakist
n
"
}
lg
{
"
hora
de
Pakist
n
"
}
ls
{
"
hora
est
ndar
de
Pakist
n
"
}
}
"
meta
:
Palau
"
{
ls
{
"
hora
de
Palaos
"
}
}
"
meta
:
Papua_New_Guinea
"
{
ls
{
"
hora
de
Pap
a
Nueva
Guinea
"
}
}
"
meta
:
Paraguay
"
{
ld
{
"
hora
de
verano
de
Paraguay
"
}
lg
{
"
hora
de
Paraguay
"
}
ls
{
"
hora
est
ndar
de
Paraguay
"
}
}
"
meta
:
Peru
"
{
ld
{
"
hora
de
verano
de
Per
"
}
lg
{
"
hora
de
Per
"
}
ls
{
"
hora
est
ndar
de
Per
"
}
}
"
meta
:
Philippines
"
{
ld
{
"
hora
de
verano
de
Filipinas
"
}
lg
{
"
hora
de
Filipinas
"
}
ls
{
"
hora
est
ndar
de
Filipinas
"
}
}
"
meta
:
Phoenix_Islands
"
{
ls
{
"
hora
de
las
Islas
F
nix
"
}
}
"
meta
:
Pierre_Miquelon
"
{
ld
{
"
hora
de
verano
de
San
Pedro
y
Miquel
n
"
}
lg
{
"
hora
de
San
Pedro
y
Miquel
n
"
}
ls
{
"
hora
est
ndar
de
San
Pedro
y
Miquel
n
"
}
}
"
meta
:
Pitcairn
"
{
ls
{
"
hora
de
Pitcairn
"
}
}
"
meta
:
Ponape
"
{
ls
{
"
hora
de
Pohnpei
"
}
}
"
meta
:
Pyongyang
"
{
ls
{
"
hora
de
Pyongyang
"
}
}
"
meta
:
Qyzylorda
"
{
ld
{
"
Hora
de
verano
de
Qyzylorda
"
}
lg
{
"
Hora
de
Qyzylorda
"
}
ls
{
"
Hora
est
ndar
de
Qyzylorda
"
}
}
"
meta
:
Reunion
"
{
ls
{
"
hora
de
Reuni
n
"
}
}
"
meta
:
Rothera
"
{
ls
{
"
hora
de
Rothera
"
}
}
"
meta
:
Sakhalin
"
{
ld
{
"
hora
de
verano
de
Sajal
n
"
}
lg
{
"
hora
de
Sajal
n
"
}
ls
{
"
hora
est
ndar
de
Sajal
n
"
}
}
"
meta
:
Samara
"
{
ld
{
"
hora
de
verano
de
Samara
"
}
lg
{
"
hora
de
Samara
"
}
ls
{
"
hora
est
ndar
de
Samara
"
}
}
"
meta
:
Samoa
"
{
ld
{
"
hora
de
verano
de
Samoa
"
}
lg
{
"
hora
de
Samoa
"
}
ls
{
"
hora
est
ndar
de
Samoa
"
}
}
"
meta
:
Seychelles
"
{
ls
{
"
hora
de
Seychelles
"
}
}
"
meta
:
Singapore
"
{
ls
{
"
hora
de
Singapur
"
}
}
"
meta
:
Solomon
"
{
ls
{
"
hora
de
las
Islas
Salom
n
"
}
}
"
meta
:
South_Georgia
"
{
ls
{
"
hora
de
Georgia
del
Sur
"
}
}
"
meta
:
Suriname
"
{
ls
{
"
hora
de
Surinam
"
}
}
"
meta
:
Syowa
"
{
ls
{
"
hora
de
Syowa
"
}
}
"
meta
:
Tahiti
"
{
ls
{
"
hora
de
Tahit
"
}
}
"
meta
:
Taipei
"
{
ld
{
"
hora
de
verano
de
Taip
i
"
}
lg
{
"
hora
de
Taip
i
"
}
ls
{
"
hora
est
ndar
de
Taip
i
"
}
}
"
meta
:
Tajikistan
"
{
ls
{
"
hora
de
Tayikist
n
"
}
}
"
meta
:
Tokelau
"
{
ls
{
"
hora
de
Tokelau
"
}
}
"
meta
:
Tonga
"
{
ld
{
"
hora
de
verano
de
Tonga
"
}
lg
{
"
hora
de
Tonga
"
}
ls
{
"
hora
est
ndar
de
Tonga
"
}
}
"
meta
:
Truk
"
{
ls
{
"
hora
de
Chuuk
"
}
}
"
meta
:
Turkmenistan
"
{
ld
{
"
hora
de
verano
de
Turkmenist
n
"
}
lg
{
"
hora
de
Turkmenist
n
"
}
ls
{
"
hora
est
ndar
de
Turkmenist
n
"
}
}
"
meta
:
Tuvalu
"
{
ls
{
"
hora
de
Tuvalu
"
}
}
"
meta
:
Uruguay
"
{
ld
{
"
hora
de
verano
de
Uruguay
"
}
lg
{
"
hora
de
Uruguay
"
}
ls
{
"
hora
est
ndar
de
Uruguay
"
}
}
"
meta
:
Uzbekistan
"
{
ld
{
"
hora
de
verano
de
Uzbekist
n
"
}
lg
{
"
hora
de
Uzbekist
n
"
}
ls
{
"
hora
est
ndar
de
Uzbekist
n
"
}
}
"
meta
:
Vanuatu
"
{
ld
{
"
hora
de
verano
de
Vanuatu
"
}
lg
{
"
hora
de
Vanuatu
"
}
ls
{
"
hora
est
ndar
de
Vanuatu
"
}
}
"
meta
:
Venezuela
"
{
ls
{
"
hora
de
Venezuela
"
}
}
"
meta
:
Vladivostok
"
{
ld
{
"
hora
de
verano
de
Vladivostok
"
}
lg
{
"
hora
de
Vladivostok
"
}
ls
{
"
hora
est
ndar
de
Vladivostok
"
}
}
"
meta
:
Volgograd
"
{
ld
{
"
hora
de
verano
de
Volgogrado
"
}
lg
{
"
hora
de
Volgogrado
"
}
ls
{
"
hora
est
ndar
de
Volgogrado
"
}
}
"
meta
:
Vostok
"
{
ls
{
"
hora
de
Vostok
"
}
}
"
meta
:
Wake
"
{
ls
{
"
hora
de
la
isla
Wake
"
}
}
"
meta
:
Wallis
"
{
ls
{
"
hora
de
Wallis
y
Futuna
"
}
}
"
meta
:
Yakutsk
"
{
ld
{
"
hora
de
verano
de
Yakutsk
"
}
lg
{
"
hora
de
Yakutsk
"
}
ls
{
"
hora
est
ndar
de
Yakutsk
"
}
}
"
meta
:
Yekaterinburg
"
{
ld
{
"
hora
de
verano
de
Ekaterimburgo
"
}
lg
{
"
hora
de
Ekaterimburgo
"
}
ls
{
"
hora
est
ndar
de
Ekaterimburgo
"
}
}
"
meta
:
Yukon
"
{
ls
{
"
hora
de
Yuk
n
"
}
}
regionFormat
{
"
hora
de
{
0
}
"
}
regionFormatDaylight
{
"
horario
de
verano
de
{
0
}
"
}
regionFormatStandard
{
"
horario
est
ndar
de
{
0
}
"
}
}
}
