/
/
2016
and
later
:
Unicode
Inc
.
and
others
.
/
/
License
&
terms
of
use
:
http
:
/
/
www
.
unicode
.
org
/
copyright
.
html
#
License
fi
{
Version
{
"
36
.
1
"
}
zoneStrings
{
"
Africa
:
Abidjan
"
{
ec
{
"
Abidjan
"
}
}
"
Africa
:
Accra
"
{
ec
{
"
Accra
"
}
}
"
Africa
:
Addis_Ababa
"
{
ec
{
"
Addis
Abeba
"
}
}
"
Africa
:
Algiers
"
{
ec
{
"
Alger
"
}
}
"
Africa
:
Asmera
"
{
ec
{
"
Asmara
"
}
}
"
Africa
:
Bamako
"
{
ec
{
"
Bamako
"
}
}
"
Africa
:
Bangui
"
{
ec
{
"
Bangui
"
}
}
"
Africa
:
Banjul
"
{
ec
{
"
Banjul
"
}
}
"
Africa
:
Bissau
"
{
ec
{
"
Bissau
"
}
}
"
Africa
:
Blantyre
"
{
ec
{
"
Blantyre
"
}
}
"
Africa
:
Brazzaville
"
{
ec
{
"
Brazzaville
"
}
}
"
Africa
:
Bujumbura
"
{
ec
{
"
Bujumbura
"
}
}
"
Africa
:
Cairo
"
{
ec
{
"
Kairo
"
}
}
"
Africa
:
Casablanca
"
{
ec
{
"
Casablanca
"
}
}
"
Africa
:
Ceuta
"
{
ec
{
"
Ceuta
"
}
}
"
Africa
:
Conakry
"
{
ec
{
"
Conakry
"
}
}
"
Africa
:
Dakar
"
{
ec
{
"
Dakar
"
}
}
"
Africa
:
Dar_es_Salaam
"
{
ec
{
"
Dar
es
Salaam
"
}
}
"
Africa
:
Djibouti
"
{
ec
{
"
Djibouti
"
}
}
"
Africa
:
Douala
"
{
ec
{
"
Douala
"
}
}
"
Africa
:
El_Aaiun
"
{
ec
{
"
El
Aai
n
"
}
}
"
Africa
:
Freetown
"
{
ec
{
"
Freetown
"
}
}
"
Africa
:
Gaborone
"
{
ec
{
"
Gaborone
"
}
}
"
Africa
:
Harare
"
{
ec
{
"
Harare
"
}
}
"
Africa
:
Johannesburg
"
{
ec
{
"
Johannesburg
"
}
}
"
Africa
:
Juba
"
{
ec
{
"
Juba
"
}
}
"
Africa
:
Kampala
"
{
ec
{
"
Kampala
"
}
}
"
Africa
:
Khartoum
"
{
ec
{
"
Khartum
"
}
}
"
Africa
:
Kigali
"
{
ec
{
"
Kigali
"
}
}
"
Africa
:
Kinshasa
"
{
ec
{
"
Kinshasa
"
}
}
"
Africa
:
Lagos
"
{
ec
{
"
Lagos
"
}
}
"
Africa
:
Libreville
"
{
ec
{
"
Libreville
"
}
}
"
Africa
:
Lome
"
{
ec
{
"
Lom
"
}
}
"
Africa
:
Luanda
"
{
ec
{
"
Luanda
"
}
}
"
Africa
:
Lubumbashi
"
{
ec
{
"
Lubumbashi
"
}
}
"
Africa
:
Lusaka
"
{
ec
{
"
Lusaka
"
}
}
"
Africa
:
Malabo
"
{
ec
{
"
Malabo
"
}
}
"
Africa
:
Maputo
"
{
ec
{
"
Maputo
"
}
}
"
Africa
:
Maseru
"
{
ec
{
"
Maseru
"
}
}
"
Africa
:
Mbabane
"
{
ec
{
"
Mbabane
"
}
}
"
Africa
:
Mogadishu
"
{
ec
{
"
Mogadishu
"
}
}
"
Africa
:
Monrovia
"
{
ec
{
"
Monrovia
"
}
}
"
Africa
:
Nairobi
"
{
ec
{
"
Nairobi
"
}
}
"
Africa
:
Ndjamena
"
{
ec
{
"
N
Djamena
"
}
}
"
Africa
:
Niamey
"
{
ec
{
"
Niamey
"
}
}
"
Africa
:
Nouakchott
"
{
ec
{
"
Nouakchott
"
}
}
"
Africa
:
Ouagadougou
"
{
ec
{
"
Ouagadougou
"
}
}
"
Africa
:
Porto
-
Novo
"
{
ec
{
"
Porto
-
Novo
"
}
}
"
Africa
:
Sao_Tome
"
{
ec
{
"
S
o
Tom
"
}
}
"
Africa
:
Tripoli
"
{
ec
{
"
Tripoli
"
}
}
"
Africa
:
Tunis
"
{
ec
{
"
Tunis
"
}
}
"
Africa
:
Windhoek
"
{
ec
{
"
Windhoek
"
}
}
"
America
:
Adak
"
{
ec
{
"
Adak
"
}
}
"
America
:
Anchorage
"
{
ec
{
"
Anchorage
"
}
}
"
America
:
Anguilla
"
{
ec
{
"
Anguilla
"
}
}
"
America
:
Antigua
"
{
ec
{
"
Antigua
"
}
}
"
America
:
Araguaina
"
{
ec
{
"
Aragua
na
"
}
}
"
America
:
Argentina
:
La_Rioja
"
{
ec
{
"
La
Rioja
"
}
}
"
America
:
Argentina
:
Rio_Gallegos
"
{
ec
{
"
Rio
Gallegos
"
}
}
"
America
:
Argentina
:
Salta
"
{
ec
{
"
Salta
"
}
}
"
America
:
Argentina
:
San_Juan
"
{
ec
{
"
San
Juan
"
}
}
"
America
:
Argentina
:
San_Luis
"
{
ec
{
"
San
Luis
"
}
}
"
America
:
Argentina
:
Tucuman
"
{
ec
{
"
Tucum
n
"
}
}
"
America
:
Argentina
:
Ushuaia
"
{
ec
{
"
Ushuaia
"
}
}
"
America
:
Aruba
"
{
ec
{
"
Aruba
"
}
}
"
America
:
Asuncion
"
{
ec
{
"
Asunci
n
"
}
}
"
America
:
Bahia
"
{
ec
{
"
Bahia
"
}
}
"
America
:
Bahia_Banderas
"
{
ec
{
"
Bah
a
de
Banderas
"
}
}
"
America
:
Barbados
"
{
ec
{
"
Barbados
"
}
}
"
America
:
Belem
"
{
ec
{
"
Belem
"
}
}
"
America
:
Belize
"
{
ec
{
"
Belize
"
}
}
"
America
:
Blanc
-
Sablon
"
{
ec
{
"
Blanc
-
Sablon
"
}
}
"
America
:
Boa_Vista
"
{
ec
{
"
Boa
Vista
"
}
}
"
America
:
Bogota
"
{
ec
{
"
Bogot
"
}
}
"
America
:
Boise
"
{
ec
{
"
Boise
"
}
}
"
America
:
Buenos_Aires
"
{
ec
{
"
Buenos
Aires
"
}
}
"
America
:
Cambridge_Bay
"
{
ec
{
"
Cambridge
Bay
"
}
}
"
America
:
Campo_Grande
"
{
ec
{
"
Campo
Grande
"
}
}
"
America
:
Cancun
"
{
ec
{
"
Canc
n
"
}
}
"
America
:
Caracas
"
{
ec
{
"
Caracas
"
}
}
"
America
:
Catamarca
"
{
ec
{
"
Catamarca
"
}
}
"
America
:
Cayenne
"
{
ec
{
"
Cayenne
"
}
}
"
America
:
Cayman
"
{
ec
{
"
Cayman
"
}
}
"
America
:
Chicago
"
{
ec
{
"
Chicago
"
}
}
"
America
:
Chihuahua
"
{
ec
{
"
Chihuahua
"
}
}
"
America
:
Coral_Harbour
"
{
ec
{
"
Atikokan
"
}
}
"
America
:
Cordoba
"
{
ec
{
"
C
rdoba
"
}
}
"
America
:
Costa_Rica
"
{
ec
{
"
Costa
Rica
"
}
}
"
America
:
Creston
"
{
ec
{
"
Creston
"
}
}
"
America
:
Cuiaba
"
{
ec
{
"
Cuiab
"
}
}
"
America
:
Curacao
"
{
ec
{
"
Cura
ao
"
}
}
"
America
:
Danmarkshavn
"
{
ec
{
"
Danmarkshavn
"
}
}
"
America
:
Dawson
"
{
ec
{
"
Dawson
"
}
}
"
America
:
Dawson_Creek
"
{
ec
{
"
Dawson
Creek
"
}
}
"
America
:
Denver
"
{
ec
{
"
Denver
"
}
}
"
America
:
Detroit
"
{
ec
{
"
Detroit
"
}
}
"
America
:
Dominica
"
{
ec
{
"
Dominica
"
}
}
"
America
:
Edmonton
"
{
ec
{
"
Edmonton
"
}
}
"
America
:
Eirunepe
"
{
ec
{
"
Eirunep
"
}
}
"
America
:
El_Salvador
"
{
ec
{
"
El
Salvador
"
}
}
"
America
:
Fort_Nelson
"
{
ec
{
"
Fort
Nelson
"
}
}
"
America
:
Fortaleza
"
{
ec
{
"
Fortaleza
"
}
}
"
America
:
Glace_Bay
"
{
ec
{
"
Glace
Bay
"
}
}
"
America
:
Godthab
"
{
ec
{
"
Nuuk
"
}
ec
%
secondary
{
"
Godth
b
"
}
}
"
America
:
Goose_Bay
"
{
ec
{
"
Goose
Bay
"
}
}
"
America
:
Grand_Turk
"
{
ec
{
"
Grand
Turk
"
}
}
"
America
:
Grenada
"
{
ec
{
"
Grenada
"
}
}
"
America
:
Guadeloupe
"
{
ec
{
"
Guadeloupe
"
}
}
"
America
:
Guatemala
"
{
ec
{
"
Guatemala
"
}
}
"
America
:
Guayaquil
"
{
ec
{
"
Guayaquil
"
}
}
"
America
:
Guyana
"
{
ec
{
"
Guyana
"
}
}
"
America
:
Halifax
"
{
ec
{
"
Halifax
"
}
}
"
America
:
Havana
"
{
ec
{
"
Havanna
"
}
}
"
America
:
Hermosillo
"
{
ec
{
"
Hermosillo
"
}
}
"
America
:
Indiana
:
Knox
"
{
ec
{
"
Knox
Indiana
"
}
}
"
America
:
Indiana
:
Marengo
"
{
ec
{
"
Marengo
Indiana
"
}
}
"
America
:
Indiana
:
Petersburg
"
{
ec
{
"
Petersburg
Indiana
"
}
}
"
America
:
Indiana
:
Tell_City
"
{
ec
{
"
Tell
City
Indiana
"
}
}
"
America
:
Indiana
:
Vevay
"
{
ec
{
"
Vevay
Indiana
"
}
}
"
America
:
Indiana
:
Vincennes
"
{
ec
{
"
Vincennes
Indiana
"
}
}
"
America
:
Indiana
:
Winamac
"
{
ec
{
"
Winamac
Indiana
"
}
}
"
America
:
Indianapolis
"
{
ec
{
"
Indianapolis
"
}
}
"
America
:
Inuvik
"
{
ec
{
"
Inuvik
"
}
}
"
America
:
Iqaluit
"
{
ec
{
"
Iqaluit
"
}
}
"
America
:
Jamaica
"
{
ec
{
"
Jamaika
"
}
}
"
America
:
Jujuy
"
{
ec
{
"
Jujuy
"
}
}
"
America
:
Juneau
"
{
ec
{
"
Juneau
"
}
}
"
America
:
Kentucky
:
Monticello
"
{
ec
{
"
Monticello
Kentucky
"
}
}
"
America
:
Kralendijk
"
{
ec
{
"
Kralendijk
"
}
}
"
America
:
La_Paz
"
{
ec
{
"
La
Paz
"
}
}
"
America
:
Lima
"
{
ec
{
"
Lima
"
}
}
"
America
:
Los_Angeles
"
{
ec
{
"
Los
Angeles
"
}
}
"
America
:
Louisville
"
{
ec
{
"
Louisville
"
}
}
"
America
:
Lower_Princes
"
{
ec
{
"
Lower
Prince
s
Quarter
"
}
}
"
America
:
Maceio
"
{
ec
{
"
Macei
"
}
}
"
America
:
Managua
"
{
ec
{
"
Managua
"
}
}
"
America
:
Manaus
"
{
ec
{
"
Manaus
"
}
}
"
America
:
Marigot
"
{
ec
{
"
Marigot
"
}
}
"
America
:
Martinique
"
{
ec
{
"
Martinique
"
}
}
"
America
:
Matamoros
"
{
ec
{
"
Matamoros
"
}
}
"
America
:
Mazatlan
"
{
ec
{
"
Mazatl
n
"
}
}
"
America
:
Mendoza
"
{
ec
{
"
Mendoza
"
}
}
"
America
:
Menominee
"
{
ec
{
"
Menominee
"
}
}
"
America
:
Merida
"
{
ec
{
"
M
rida
"
}
}
"
America
:
Metlakatla
"
{
ec
{
"
Metlakatla
"
}
}
"
America
:
Mexico_City
"
{
ec
{
"
Ciudad
de
M
xico
"
}
}
"
America
:
Miquelon
"
{
ec
{
"
Miquelon
"
}
}
"
America
:
Moncton
"
{
ec
{
"
Moncton
"
}
}
"
America
:
Monterrey
"
{
ec
{
"
Monterrey
"
}
}
"
America
:
Montevideo
"
{
ec
{
"
Montevideo
"
}
}
"
America
:
Montserrat
"
{
ec
{
"
Montserrat
"
}
}
"
America
:
Nassau
"
{
ec
{
"
Nassau
"
}
}
"
America
:
New_York
"
{
ec
{
"
New
York
"
}
}
"
America
:
Nipigon
"
{
ec
{
"
Nipigon
"
}
}
"
America
:
Nome
"
{
ec
{
"
Nome
"
}
}
"
America
:
Noronha
"
{
ec
{
"
Noronha
"
}
}
"
America
:
North_Dakota
:
Beulah
"
{
ec
{
"
Beulah
Pohjois
-
Dakota
"
}
}
"
America
:
North_Dakota
:
Center
"
{
ec
{
"
Center
Pohjois
-
Dakota
"
}
}
"
America
:
North_Dakota
:
New_Salem
"
{
ec
{
"
New
Salem
Pohjois
-
Dakota
"
}
}
"
America
:
Ojinaga
"
{
ec
{
"
Ojinaga
"
}
}
"
America
:
Panama
"
{
ec
{
"
Panama
"
}
}
"
America
:
Pangnirtung
"
{
ec
{
"
Pangnirtung
"
}
}
"
America
:
Paramaribo
"
{
ec
{
"
Paramaribo
"
}
}
"
America
:
Phoenix
"
{
ec
{
"
Phoenix
"
}
}
"
America
:
Port
-
au
-
Prince
"
{
ec
{
"
Port
-
au
-
Prince
"
}
}
"
America
:
Port_of_Spain
"
{
ec
{
"
Port
of
Spain
"
}
}
"
America
:
Porto_Velho
"
{
ec
{
"
Porto
Velho
"
}
}
"
America
:
Puerto_Rico
"
{
ec
{
"
Puerto
Rico
"
}
}
"
America
:
Punta_Arenas
"
{
ec
{
"
Punta
Arenas
"
}
}
"
America
:
Rainy_River
"
{
ec
{
"
Rainy
River
"
}
}
"
America
:
Rankin_Inlet
"
{
ec
{
"
Rankin
Inlet
"
}
}
"
America
:
Recife
"
{
ec
{
"
Recife
"
}
}
"
America
:
Regina
"
{
ec
{
"
Regina
"
}
}
"
America
:
Resolute
"
{
ec
{
"
Resolute
"
}
}
"
America
:
Rio_Branco
"
{
ec
{
"
Rio
Branco
"
}
}
"
America
:
Santa_Isabel
"
{
ec
{
"
Santa
Isabel
"
}
}
"
America
:
Santarem
"
{
ec
{
"
Santar
m
"
}
}
"
America
:
Santiago
"
{
ec
{
"
Santiago
de
Chile
"
}
}
"
America
:
Santo_Domingo
"
{
ec
{
"
Santo
Domingo
"
}
}
"
America
:
Sao_Paulo
"
{
ec
{
"
S
o
Paulo
"
}
}
"
America
:
Scoresbysund
"
{
ec
{
"
Ittoqqortoormiit
"
}
ec
%
secondary
{
"
Scoresbysund
"
}
}
"
America
:
Sitka
"
{
ec
{
"
Sitka
"
}
}
"
America
:
St_Barthelemy
"
{
ec
{
"
Saint
-
Barth
lemy
"
}
}
"
America
:
St_Johns
"
{
ec
{
"
St
.
John
s
"
}
}
"
America
:
St_Kitts
"
{
ec
{
"
Saint
Kitts
"
}
}
"
America
:
St_Lucia
"
{
ec
{
"
Saint
Lucia
"
}
}
"
America
:
St_Thomas
"
{
ec
{
"
Saint
Thomas
"
}
}
"
America
:
St_Vincent
"
{
ec
{
"
Saint
Vincent
"
}
}
"
America
:
Swift_Current
"
{
ec
{
"
Swift
Current
"
}
}
"
America
:
Tegucigalpa
"
{
ec
{
"
Tegucigalpa
"
}
}
"
America
:
Thule
"
{
ec
{
"
Thule
"
}
ec
%
secondary
{
"
Qaanaaq
"
}
}
"
America
:
Thunder_Bay
"
{
ec
{
"
Thunder
Bay
"
}
}
"
America
:
Tijuana
"
{
ec
{
"
Tijuana
"
}
}
"
America
:
Toronto
"
{
ec
{
"
Toronto
"
}
}
"
America
:
Tortola
"
{
ec
{
"
Tortola
"
}
}
"
America
:
Vancouver
"
{
ec
{
"
Vancouver
"
}
}
"
America
:
Whitehorse
"
{
ec
{
"
Whitehorse
"
}
}
"
America
:
Winnipeg
"
{
ec
{
"
Winnipeg
"
}
}
"
America
:
Yakutat
"
{
ec
{
"
Yakutat
"
}
}
"
America
:
Yellowknife
"
{
ec
{
"
Yellowknife
"
}
}
"
Antarctica
:
Casey
"
{
ec
{
"
Casey
"
}
}
"
Antarctica
:
Davis
"
{
ec
{
"
Davis
"
}
}
"
Antarctica
:
DumontDUrville
"
{
ec
{
"
Dumont
d
Urville
"
}
}
"
Antarctica
:
Macquarie
"
{
ec
{
"
Macquariensaari
"
}
}
"
Antarctica
:
Mawson
"
{
ec
{
"
Mawson
"
}
}
"
Antarctica
:
McMurdo
"
{
ec
{
"
McMurdo
"
}
}
"
Antarctica
:
Palmer
"
{
ec
{
"
Palmer
"
}
}
"
Antarctica
:
Rothera
"
{
ec
{
"
Rothera
"
}
}
"
Antarctica
:
Syowa
"
{
ec
{
"
Syowa
"
}
}
"
Antarctica
:
Troll
"
{
ec
{
"
Troll
"
}
}
"
Antarctica
:
Vostok
"
{
ec
{
"
Vostok
"
}
}
"
Arctic
:
Longyearbyen
"
{
ec
{
"
Longyearbyen
"
}
}
"
Asia
:
Aden
"
{
ec
{
"
Aden
"
}
}
"
Asia
:
Almaty
"
{
ec
{
"
Almaty
"
}
}
"
Asia
:
Amman
"
{
ec
{
"
Amman
"
}
}
"
Asia
:
Anadyr
"
{
ec
{
"
Anadyr
"
}
}
"
Asia
:
Aqtau
"
{
ec
{
"
Aqtaw
"
}
}
"
Asia
:
Aqtobe
"
{
ec
{
"
Aqt
be
"
}
}
"
Asia
:
Ashgabat
"
{
ec
{
"
A
gabat
"
}
}
"
Asia
:
Atyrau
"
{
ec
{
"
At
raw
"
}
}
"
Asia
:
Baghdad
"
{
ec
{
"
Bagdad
"
}
}
"
Asia
:
Bahrain
"
{
ec
{
"
Bahrain
"
}
}
"
Asia
:
Baku
"
{
ec
{
"
Baku
"
}
}
"
Asia
:
Bangkok
"
{
ec
{
"
Bangkok
"
}
}
"
Asia
:
Barnaul
"
{
ec
{
"
Barnaul
"
}
}
"
Asia
:
Beirut
"
{
ec
{
"
Beirut
"
}
}
"
Asia
:
Bishkek
"
{
ec
{
"
Bi
kek
"
}
}
"
Asia
:
Brunei
"
{
ec
{
"
Brunei
"
}
}
"
Asia
:
Calcutta
"
{
ec
{
"
Kalkutta
"
}
}
"
Asia
:
Chita
"
{
ec
{
"
T
ita
"
}
}
"
Asia
:
Choibalsan
"
{
ec
{
"
T
oibalsa
"
}
}
"
Asia
:
Colombo
"
{
ec
{
"
Colombo
"
}
}
"
Asia
:
Damascus
"
{
ec
{
"
Damaskos
"
}
}
"
Asia
:
Dhaka
"
{
ec
{
"
Dhaka
"
}
}
"
Asia
:
Dili
"
{
ec
{
"
Dili
"
}
}
"
Asia
:
Dubai
"
{
ec
{
"
Dubai
"
}
}
"
Asia
:
Dushanbe
"
{
ec
{
"
Du
anbe
"
}
}
"
Asia
:
Famagusta
"
{
ec
{
"
Famagusta
"
}
}
"
Asia
:
Gaza
"
{
ec
{
"
Gaza
"
}
}
"
Asia
:
Hebron
"
{
ec
{
"
Hebron
"
}
}
"
Asia
:
Hong_Kong
"
{
ec
{
"
Hongkong
"
}
}
"
Asia
:
Hovd
"
{
ec
{
"
Hovd
"
}
}
"
Asia
:
Irkutsk
"
{
ec
{
"
Irkutsk
"
}
}
"
Asia
:
Jakarta
"
{
ec
{
"
Jakarta
"
}
}
"
Asia
:
Jayapura
"
{
ec
{
"
Jayapura
"
}
}
"
Asia
:
Jerusalem
"
{
ec
{
"
Jerusalem
"
}
}
"
Asia
:
Kabul
"
{
ec
{
"
Kabul
"
}
}
"
Asia
:
Kamchatka
"
{
ec
{
"
Kamt
atka
"
}
}
"
Asia
:
Karachi
"
{
ec
{
"
Karachi
"
}
}
"
Asia
:
Katmandu
"
{
ec
{
"
Kathmandu
"
}
}
"
Asia
:
Khandyga
"
{
ec
{
"
Handyga
"
}
}
"
Asia
:
Krasnoyarsk
"
{
ec
{
"
Krasnojarsk
"
}
}
"
Asia
:
Kuala_Lumpur
"
{
ec
{
"
Kuala
Lumpur
"
}
}
"
Asia
:
Kuching
"
{
ec
{
"
Kuching
"
}
}
"
Asia
:
Kuwait
"
{
ec
{
"
Kuwait
"
}
}
"
Asia
:
Macau
"
{
ec
{
"
Macao
"
}
}
"
Asia
:
Magadan
"
{
ec
{
"
Magadan
"
}
}
"
Asia
:
Makassar
"
{
ec
{
"
Makassar
"
}
}
"
Asia
:
Manila
"
{
ec
{
"
Manila
"
}
}
"
Asia
:
Muscat
"
{
ec
{
"
Masqat
"
}
}
"
Asia
:
Nicosia
"
{
ec
{
"
Nikosia
"
}
}
"
Asia
:
Novokuznetsk
"
{
ec
{
"
Novokuznetsk
"
}
}
"
Asia
:
Novosibirsk
"
{
ec
{
"
Novosibirsk
"
}
}
"
Asia
:
Omsk
"
{
ec
{
"
Omsk
"
}
}
"
Asia
:
Oral
"
{
ec
{
"
Uralsk
"
}
}
"
Asia
:
Phnom_Penh
"
{
ec
{
"
Phnom
Penh
"
}
}
"
Asia
:
Pontianak
"
{
ec
{
"
Pontianak
"
}
}
"
Asia
:
Pyongyang
"
{
ec
{
"
Pjongjang
"
}
}
"
Asia
:
Qatar
"
{
ec
{
"
Qatar
"
}
}
"
Asia
:
Qyzylorda
"
{
ec
{
"
Q
z
lorda
"
}
}
"
Asia
:
Rangoon
"
{
ec
{
"
Yangon
"
}
}
"
Asia
:
Riyadh
"
{
ec
{
"
Riad
"
}
}
"
Asia
:
Saigon
"
{
ec
{
"
H
Ch
Minhin
kaupunki
"
}
}
"
Asia
:
Sakhalin
"
{
ec
{
"
Sahalin
"
}
}
"
Asia
:
Samarkand
"
{
ec
{
"
Samarkand
"
}
}
"
Asia
:
Seoul
"
{
ec
{
"
Soul
"
}
}
"
Asia
:
Shanghai
"
{
ec
{
"
Shanghai
"
}
}
"
Asia
:
Singapore
"
{
ec
{
"
Singapore
"
}
}
"
Asia
:
Srednekolymsk
"
{
ec
{
"
Srednekolymsk
"
}
}
"
Asia
:
Taipei
"
{
ec
{
"
Taipei
"
}
}
"
Asia
:
Tashkent
"
{
ec
{
"
Ta
kent
"
}
}
"
Asia
:
Tbilisi
"
{
ec
{
"
Tbilisi
"
}
}
"
Asia
:
Tehran
"
{
ec
{
"
Teheran
"
}
}
"
Asia
:
Thimphu
"
{
ec
{
"
Thimphu
"
}
}
"
Asia
:
Tokyo
"
{
ec
{
"
Tokio
"
}
}
"
Asia
:
Tomsk
"
{
ec
{
"
Tomsk
"
}
}
"
Asia
:
Ulaanbaatar
"
{
ec
{
"
Ulan
Bator
"
}
}
"
Asia
:
Urumqi
"
{
ec
{
"
r
mqi
"
}
}
"
Asia
:
Ust
-
Nera
"
{
ec
{
"
Ust
-
Nera
"
}
}
"
Asia
:
Vientiane
"
{
ec
{
"
Vientiane
"
}
}
"
Asia
:
Vladivostok
"
{
ec
{
"
Vladivostok
"
}
}
"
Asia
:
Yakutsk
"
{
ec
{
"
Jakutsk
"
}
}
"
Asia
:
Yekaterinburg
"
{
ec
{
"
Jekaterinburg
"
}
}
"
Asia
:
Yerevan
"
{
ec
{
"
Jerevan
"
}
}
"
Atlantic
:
Azores
"
{
ec
{
"
Azorit
"
}
}
"
Atlantic
:
Bermuda
"
{
ec
{
"
Bermuda
"
}
}
"
Atlantic
:
Canary
"
{
ec
{
"
Kanariansaaret
"
}
}
"
Atlantic
:
Cape_Verde
"
{
ec
{
"
Kap
Verde
"
}
}
"
Atlantic
:
Faeroe
"
{
ec
{
"
F
rsaaret
"
}
}
"
Atlantic
:
Madeira
"
{
ec
{
"
Madeira
"
}
}
"
Atlantic
:
Reykjavik
"
{
ec
{
"
Reykjav
k
"
}
}
"
Atlantic
:
South_Georgia
"
{
ec
{
"
Etel
-
Georgia
"
}
}
"
Atlantic
:
St_Helena
"
{
ec
{
"
Saint
Helena
"
}
}
"
Atlantic
:
Stanley
"
{
ec
{
"
Stanley
"
}
}
"
Australia
:
Adelaide
"
{
ec
{
"
Adelaide
"
}
}
"
Australia
:
Brisbane
"
{
ec
{
"
Brisbane
"
}
}
"
Australia
:
Broken_Hill
"
{
ec
{
"
Broken
Hill
"
}
}
"
Australia
:
Currie
"
{
ec
{
"
Currie
"
}
}
"
Australia
:
Darwin
"
{
ec
{
"
Darwin
"
}
}
"
Australia
:
Eucla
"
{
ec
{
"
Eucla
"
}
}
"
Australia
:
Hobart
"
{
ec
{
"
Hobart
"
}
}
"
Australia
:
Lindeman
"
{
ec
{
"
Lindeman
"
}
}
"
Australia
:
Lord_Howe
"
{
ec
{
"
Lord
Howe
"
}
}
"
Australia
:
Melbourne
"
{
ec
{
"
Melbourne
"
}
}
"
Australia
:
Perth
"
{
ec
{
"
Perth
"
}
}
"
Australia
:
Sydney
"
{
ec
{
"
Sydney
"
}
}
"
Etc
:
UTC
"
{
ls
{
"
UTC
-
yleisaika
"
}
}
"
Etc
:
Unknown
"
{
ec
{
"
tuntematon
"
}
}
"
Europe
:
Amsterdam
"
{
ec
{
"
Amsterdam
"
}
}
"
Europe
:
Andorra
"
{
ec
{
"
Andorra
"
}
}
"
Europe
:
Astrakhan
"
{
ec
{
"
Astrahan
"
}
}
"
Europe
:
Athens
"
{
ec
{
"
Ateena
"
}
}
"
Europe
:
Belgrade
"
{
ec
{
"
Belgrad
"
}
}
"
Europe
:
Berlin
"
{
ec
{
"
Berliini
"
}
}
"
Europe
:
Bratislava
"
{
ec
{
"
Bratislava
"
}
}
"
Europe
:
Brussels
"
{
ec
{
"
Bryssel
"
}
}
"
Europe
:
Bucharest
"
{
ec
{
"
Bukarest
"
}
}
"
Europe
:
Budapest
"
{
ec
{
"
Budapest
"
}
}
"
Europe
:
Busingen
"
{
ec
{
"
B
singen
"
}
}
"
Europe
:
Chisinau
"
{
ec
{
"
Chi
in
u
"
}
}
"
Europe
:
Copenhagen
"
{
ec
{
"
K
penhamina
"
}
}
"
Europe
:
Dublin
"
{
ec
{
"
Dublin
"
}
ld
{
"
Irlannin
kes
aika
"
}
}
"
Europe
:
Gibraltar
"
{
ec
{
"
Gibraltar
"
}
}
"
Europe
:
Guernsey
"
{
ec
{
"
Guernsey
"
}
}
"
Europe
:
Helsinki
"
{
ec
{
"
Helsinki
"
}
}
"
Europe
:
Isle_of_Man
"
{
ec
{
"
Mansaari
"
}
}
"
Europe
:
Istanbul
"
{
ec
{
"
Istanbul
"
}
}
"
Europe
:
Jersey
"
{
ec
{
"
Jersey
"
}
}
"
Europe
:
Kaliningrad
"
{
ec
{
"
Kaliningrad
"
}
}
"
Europe
:
Kiev
"
{
ec
{
"
Kiova
"
}
}
"
Europe
:
Kirov
"
{
ec
{
"
Kirov
"
}
}
"
Europe
:
Lisbon
"
{
ec
{
"
Lissabon
"
}
}
"
Europe
:
Ljubljana
"
{
ec
{
"
Ljubljana
"
}
}
"
Europe
:
London
"
{
ec
{
"
Lontoo
"
}
ld
{
"
Britannian
kes
aika
"
}
}
"
Europe
:
Luxembourg
"
{
ec
{
"
Luxemburg
"
}
}
"
Europe
:
Madrid
"
{
ec
{
"
Madrid
"
}
}
"
Europe
:
Malta
"
{
ec
{
"
Malta
"
}
}
"
Europe
:
Mariehamn
"
{
ec
{
"
Maarianhamina
"
}
ec
%
secondary
{
"
Mariehamn
"
}
}
"
Europe
:
Minsk
"
{
ec
{
"
Minsk
"
}
}
"
Europe
:
Monaco
"
{
ec
{
"
Monaco
"
}
}
"
Europe
:
Moscow
"
{
ec
{
"
Moskova
"
}
}
"
Europe
:
Oslo
"
{
ec
{
"
Oslo
"
}
}
"
Europe
:
Paris
"
{
ec
{
"
Pariisi
"
}
}
"
Europe
:
Podgorica
"
{
ec
{
"
Podgorica
"
}
}
"
Europe
:
Prague
"
{
ec
{
"
Praha
"
}
}
"
Europe
:
Riga
"
{
ec
{
"
Riika
"
}
}
"
Europe
:
Rome
"
{
ec
{
"
Rooma
"
}
}
"
Europe
:
Samara
"
{
ec
{
"
Samara
"
}
}
"
Europe
:
San_Marino
"
{
ec
{
"
San
Marino
"
}
}
"
Europe
:
Sarajevo
"
{
ec
{
"
Sarajevo
"
}
}
"
Europe
:
Saratov
"
{
ec
{
"
Saratov
"
}
}
"
Europe
:
Simferopol
"
{
ec
{
"
Simferopol
"
}
}
"
Europe
:
Skopje
"
{
ec
{
"
Skopje
"
}
}
"
Europe
:
Sofia
"
{
ec
{
"
Sofia
"
}
}
"
Europe
:
Stockholm
"
{
ec
{
"
Tukholma
"
}
}
"
Europe
:
Tallinn
"
{
ec
{
"
Tallinna
"
}
}
"
Europe
:
Tirane
"
{
ec
{
"
Tirana
"
}
}
"
Europe
:
Ulyanovsk
"
{
ec
{
"
Uljanovsk
"
}
}
"
Europe
:
Uzhgorod
"
{
ec
{
"
U
gorod
"
}
}
"
Europe
:
Vaduz
"
{
ec
{
"
Vaduz
"
}
}
"
Europe
:
Vatican
"
{
ec
{
"
Vatikaani
"
}
}
"
Europe
:
Vienna
"
{
ec
{
"
Wien
"
}
}
"
Europe
:
Vilnius
"
{
ec
{
"
Vilna
"
}
}
"
Europe
:
Volgograd
"
{
ec
{
"
Volgograd
"
}
}
"
Europe
:
Warsaw
"
{
ec
{
"
Varsova
"
}
}
"
Europe
:
Zagreb
"
{
ec
{
"
Zagreb
"
}
}
"
Europe
:
Zaporozhye
"
{
ec
{
"
Zapori
ja
"
}
}
"
Europe
:
Zurich
"
{
ec
{
"
Z
rich
"
}
}
"
Indian
:
Antananarivo
"
{
ec
{
"
Antananarivo
"
}
}
"
Indian
:
Chagos
"
{
ec
{
"
Chagos
"
}
}
"
Indian
:
Christmas
"
{
ec
{
"
Joulusaari
"
}
}
"
Indian
:
Cocos
"
{
ec
{
"
Kookossaaret
"
}
}
"
Indian
:
Comoro
"
{
ec
{
"
Komorit
"
}
}
"
Indian
:
Kerguelen
"
{
ec
{
"
Kerguelensaaret
"
}
}
"
Indian
:
Mahe
"
{
ec
{
"
Mah
"
}
}
"
Indian
:
Maldives
"
{
ec
{
"
Malediivit
"
}
}
"
Indian
:
Mauritius
"
{
ec
{
"
Mauritius
"
}
}
"
Indian
:
Mayotte
"
{
ec
{
"
Mayotte
"
}
}
"
Indian
:
Reunion
"
{
ec
{
"
R
union
"
}
}
"
Pacific
:
Apia
"
{
ec
{
"
Apia
"
}
}
"
Pacific
:
Auckland
"
{
ec
{
"
Auckland
"
}
}
"
Pacific
:
Bougainville
"
{
ec
{
"
Bougainville
"
}
}
"
Pacific
:
Chatham
"
{
ec
{
"
Chathamsaaret
"
}
}
"
Pacific
:
Easter
"
{
ec
{
"
P
si
issaari
"
}
}
"
Pacific
:
Efate
"
{
ec
{
"
Efate
"
}
}
"
Pacific
:
Enderbury
"
{
ec
{
"
Enderbury
"
}
}
"
Pacific
:
Fakaofo
"
{
ec
{
"
Fakaofo
"
}
}
"
Pacific
:
Fiji
"
{
ec
{
"
Fid
i
"
}
}
"
Pacific
:
Funafuti
"
{
ec
{
"
Funafuti
"
}
}
"
Pacific
:
Galapagos
"
{
ec
{
"
Galapagos
"
}
}
"
Pacific
:
Gambier
"
{
ec
{
"
Gambiersaaret
"
}
}
"
Pacific
:
Guadalcanal
"
{
ec
{
"
Guadalcanal
"
}
}
"
Pacific
:
Guam
"
{
ec
{
"
Guam
"
}
}
"
Pacific
:
Honolulu
"
{
ec
{
"
Honolulu
"
}
}
"
Pacific
:
Johnston
"
{
ec
{
"
Johnston
"
}
}
"
Pacific
:
Kiritimati
"
{
ec
{
"
Kiritimati
"
}
}
"
Pacific
:
Kosrae
"
{
ec
{
"
Kosrae
"
}
}
"
Pacific
:
Kwajalein
"
{
ec
{
"
Kwajalein
"
}
}
"
Pacific
:
Majuro
"
{
ec
{
"
Majuro
"
}
}
"
Pacific
:
Marquesas
"
{
ec
{
"
Marquesassaaret
"
}
}
"
Pacific
:
Midway
"
{
ec
{
"
Midwaysaaret
"
}
}
"
Pacific
:
Nauru
"
{
ec
{
"
Nauru
"
}
}
"
Pacific
:
Niue
"
{
ec
{
"
Niue
"
}
}
"
Pacific
:
Norfolk
"
{
ec
{
"
Norfolk
"
}
}
"
Pacific
:
Noumea
"
{
ec
{
"
Noum
a
"
}
}
"
Pacific
:
Pago_Pago
"
{
ec
{
"
Pago
Pago
"
}
}
"
Pacific
:
Palau
"
{
ec
{
"
Palau
"
}
}
"
Pacific
:
Pitcairn
"
{
ec
{
"
Pitcairn
"
}
}
"
Pacific
:
Ponape
"
{
ec
{
"
Pohnpei
"
}
}
"
Pacific
:
Port_Moresby
"
{
ec
{
"
Port
Moresby
"
}
}
"
Pacific
:
Rarotonga
"
{
ec
{
"
Rarotonga
"
}
}
"
Pacific
:
Saipan
"
{
ec
{
"
Saipan
"
}
}
"
Pacific
:
Tahiti
"
{
ec
{
"
Tahiti
"
}
}
"
Pacific
:
Tarawa
"
{
ec
{
"
Tarawa
"
}
}
"
Pacific
:
Tongatapu
"
{
ec
{
"
Tongatapu
"
}
}
"
Pacific
:
Truk
"
{
ec
{
"
Chuuk
"
}
}
"
Pacific
:
Wake
"
{
ec
{
"
Wake
"
}
}
"
Pacific
:
Wallis
"
{
ec
{
"
Wallis
"
}
}
"
meta
:
Acre
"
{
ld
{
"
Acren
kes
aika
"
}
lg
{
"
Acren
aika
"
}
ls
{
"
Acren
normaaliaika
"
}
}
"
meta
:
Afghanistan
"
{
ls
{
"
Afganistanin
aika
"
}
}
"
meta
:
Africa_Central
"
{
ls
{
"
Keski
-
Afrikan
aika
"
}
}
"
meta
:
Africa_Eastern
"
{
ls
{
"
It
-
Afrikan
aika
"
}
}
"
meta
:
Africa_Southern
"
{
ls
{
"
Etel
-
Afrikan
aika
"
}
}
"
meta
:
Africa_Western
"
{
ld
{
"
L
nsi
-
Afrikan
kes
aika
"
}
lg
{
"
L
nsi
-
Afrikan
aika
"
}
ls
{
"
L
nsi
-
Afrikan
normaaliaika
"
}
}
"
meta
:
Alaska
"
{
ld
{
"
Alaskan
kes
aika
"
}
lg
{
"
Alaskan
aika
"
}
ls
{
"
Alaskan
normaaliaika
"
}
}
"
meta
:
Almaty
"
{
ld
{
"
Almatyn
kes
aika
"
}
lg
{
"
Almatyn
aika
"
}
ls
{
"
Almatyn
normaaliaika
"
}
}
"
meta
:
Amazon
"
{
ld
{
"
Amazonin
kes
aika
"
}
lg
{
"
Amazonin
aika
"
}
ls
{
"
Amazonin
normaaliaika
"
}
}
"
meta
:
America_Central
"
{
ld
{
"
Yhdysvaltain
keskinen
kes
aika
"
}
lg
{
"
Yhdysvaltain
keskinen
aika
"
}
ls
{
"
Yhdysvaltain
keskinen
normaaliaika
"
}
}
"
meta
:
America_Eastern
"
{
ld
{
"
Yhdysvaltain
it
inen
kes
aika
"
}
lg
{
"
Yhdysvaltain
it
inen
aika
"
}
ls
{
"
Yhdysvaltain
it
inen
normaaliaika
"
}
}
"
meta
:
America_Mountain
"
{
ld
{
"
Kalliovuorten
kes
aika
"
}
lg
{
"
Kalliovuorten
aika
"
}
ls
{
"
Kalliovuorten
normaaliaika
"
}
}
"
meta
:
America_Pacific
"
{
ld
{
"
Yhdysvaltain
Tyynenmeren
kes
aika
"
}
lg
{
"
Yhdysvaltain
Tyynenmeren
aika
"
}
ls
{
"
Yhdysvaltain
Tyynenmeren
normaaliaika
"
}
}
"
meta
:
Anadyr
"
{
ld
{
"
Anadyrin
kes
aika
"
}
lg
{
"
Anadyrin
aika
"
}
ls
{
"
Anadyrin
normaaliaika
"
}
}
"
meta
:
Apia
"
{
ld
{
"
Apian
kes
aika
"
}
lg
{
"
Apian
aika
"
}
ls
{
"
Apian
normaaliaika
"
}
}
"
meta
:
Aqtau
"
{
ld
{
"
Aqtaw
n
kes
aika
"
}
lg
{
"
Aqtaw
n
aika
"
}
ls
{
"
Aqtaw
n
normaaliaika
"
}
}
"
meta
:
Aqtobe
"
{
ld
{
"
Aqt
ben
kes
aika
"
}
lg
{
"
Aqt
ben
aika
"
}
ls
{
"
Aqt
ben
normaaliaika
"
}
}
"
meta
:
Arabian
"
{
ld
{
"
Saudi
-
Arabian
kes
aika
"
}
lg
{
"
Saudi
-
Arabian
aika
"
}
ls
{
"
Saudi
-
Arabian
normaaliaika
"
}
}
"
meta
:
Argentina
"
{
ld
{
"
Argentiinan
kes
aika
"
}
lg
{
"
Argentiinan
aika
"
}
ls
{
"
Argentiinan
normaaliaika
"
}
}
"
meta
:
Argentina_Western
"
{
ld
{
"
L
nsi
-
Argentiinan
kes
aika
"
}
lg
{
"
L
nsi
-
Argentiinan
aika
"
}
ls
{
"
L
nsi
-
Argentiinan
normaaliaika
"
}
}
"
meta
:
Armenia
"
{
ld
{
"
Armenian
kes
aika
"
}
lg
{
"
Armenian
aika
"
}
ls
{
"
Armenian
normaaliaika
"
}
}
"
meta
:
Atlantic
"
{
ld
{
"
Kanadan
Atlantin
kes
aika
"
}
lg
{
"
Kanadan
Atlantin
aika
"
}
ls
{
"
Kanadan
Atlantin
normaaliaika
"
}
}
"
meta
:
Australia_Central
"
{
ld
{
"
Keski
-
Australian
kes
aika
"
}
lg
{
"
Keski
-
Australian
aika
"
}
ls
{
"
Keski
-
Australian
normaaliaika
"
}
}
"
meta
:
Australia_CentralWestern
"
{
ld
{
"
L
ntisen
Keski
-
Australian
kes
aika
"
}
lg
{
"
L
ntisen
Keski
-
Australian
aika
"
}
ls
{
"
L
ntisen
Keski
-
Australian
normaaliaika
"
}
}
"
meta
:
Australia_Eastern
"
{
ld
{
"
It
-
Australian
kes
aika
"
}
lg
{
"
It
-
Australian
aika
"
}
ls
{
"
It
-
Australian
normaaliaika
"
}
}
"
meta
:
Australia_Western
"
{
ld
{
"
L
nsi
-
Australian
kes
aika
"
}
lg
{
"
L
nsi
-
Australian
aika
"
}
ls
{
"
L
nsi
-
Australian
normaaliaika
"
}
}
"
meta
:
Azerbaijan
"
{
ld
{
"
Azerbaid
anin
kes
aika
"
}
lg
{
"
Azerbaid
anin
aika
"
}
ls
{
"
Azerbaid
anin
normaaliaika
"
}
}
"
meta
:
Azores
"
{
ld
{
"
Azorien
kes
aika
"
}
lg
{
"
Azorien
aika
"
}
ls
{
"
Azorien
normaaliaika
"
}
}
"
meta
:
Bangladesh
"
{
ld
{
"
Bangladeshin
kes
aika
"
}
lg
{
"
Bangladeshin
aika
"
}
ls
{
"
Bangladeshin
normaaliaika
"
}
}
"
meta
:
Bhutan
"
{
ls
{
"
Bhutanin
aika
"
}
}
"
meta
:
Bolivia
"
{
ls
{
"
Bolivian
aika
"
}
}
"
meta
:
Brasilia
"
{
ld
{
"
Brasilian
kes
aika
"
}
lg
{
"
Brasilian
aika
"
}
ls
{
"
Brasilian
normaaliaika
"
}
}
"
meta
:
Brunei
"
{
ls
{
"
Brunein
aika
"
}
}
"
meta
:
Cape_Verde
"
{
ld
{
"
Kap
Verden
kes
aika
"
}
lg
{
"
Kap
Verden
aika
"
}
ls
{
"
Kap
Verden
normaaliaika
"
}
}
"
meta
:
Casey
"
{
ls
{
"
Caseyn
aika
"
}
}
"
meta
:
Chamorro
"
{
ls
{
"
T
amorron
aika
"
}
}
"
meta
:
Chatham
"
{
ld
{
"
Chathamin
kes
aika
"
}
lg
{
"
Chathamin
aika
"
}
ls
{
"
Chathamin
normaaliaika
"
}
}
"
meta
:
Chile
"
{
ld
{
"
Chilen
kes
aika
"
}
lg
{
"
Chilen
aika
"
}
ls
{
"
Chilen
normaaliaika
"
}
}
"
meta
:
China
"
{
ld
{
"
Kiinan
kes
aika
"
}
lg
{
"
Kiinan
aika
"
}
ls
{
"
Kiinan
normaaliaika
"
}
}
"
meta
:
Choibalsan
"
{
ld
{
"
T
oibalsan
kes
aika
"
}
lg
{
"
T
oibalsan
aika
"
}
ls
{
"
T
oibalsan
normaaliaika
"
}
}
"
meta
:
Christmas
"
{
ls
{
"
Joulusaaren
aika
"
}
}
"
meta
:
Cocos
"
{
ls
{
"
Kookossaarten
aika
"
}
}
"
meta
:
Colombia
"
{
ld
{
"
Kolumbian
kes
aika
"
}
lg
{
"
Kolumbian
aika
"
}
ls
{
"
Kolumbian
normaaliaika
"
}
}
"
meta
:
Cook
"
{
ld
{
"
Cookinsaarten
kes
aika
"
}
lg
{
"
Cookinsaarten
aika
"
}
ls
{
"
Cookinsaarten
normaaliaika
"
}
}
"
meta
:
Cuba
"
{
ld
{
"
Kuuban
kes
aika
"
}
lg
{
"
Kuuban
aika
"
}
ls
{
"
Kuuban
normaaliaika
"
}
}
"
meta
:
Davis
"
{
ls
{
"
Davisin
aika
"
}
}
"
meta
:
DumontDUrville
"
{
ls
{
"
Dumont
d
Urvillen
aika
"
}
}
"
meta
:
East_Timor
"
{
ls
{
"
It
-
Timorin
aika
"
}
}
"
meta
:
Easter
"
{
ld
{
"
P
si
issaaren
kes
aika
"
}
lg
{
"
P
si
issaaren
aika
"
}
ls
{
"
P
si
issaaren
normaaliaika
"
}
}
"
meta
:
Ecuador
"
{
ls
{
"
Ecuadorin
aika
"
}
}
"
meta
:
Europe_Central
"
{
ld
{
"
Keski
-
Euroopan
kes
aika
"
}
lg
{
"
Keski
-
Euroopan
aika
"
}
ls
{
"
Keski
-
Euroopan
normaaliaika
"
}
}
"
meta
:
Europe_Eastern
"
{
ld
{
"
It
-
Euroopan
kes
aika
"
}
lg
{
"
It
-
Euroopan
aika
"
}
ls
{
"
It
-
Euroopan
normaaliaika
"
}
}
"
meta
:
Europe_Further_Eastern
"
{
ls
{
"
It
isemm
n
Euroopan
aika
"
}
}
"
meta
:
Europe_Western
"
{
ld
{
"
L
nsi
-
Euroopan
kes
aika
"
}
lg
{
"
L
nsi
-
Euroopan
aika
"
}
ls
{
"
L
nsi
-
Euroopan
normaaliaika
"
}
}
"
meta
:
Falkland
"
{
ld
{
"
Falklandinsaarten
kes
aika
"
}
lg
{
"
Falklandinsaarten
aika
"
}
ls
{
"
Falklandinsaarten
normaaliaika
"
}
}
"
meta
:
Fiji
"
{
ld
{
"
Fid
in
kes
aika
"
}
lg
{
"
Fid
in
aika
"
}
ls
{
"
Fid
in
normaaliaika
"
}
}
"
meta
:
French_Guiana
"
{
ls
{
"
Ranskan
Guayanan
aika
"
}
}
"
meta
:
French_Southern
"
{
ls
{
"
Ranskan
etel
isten
ja
antarktisten
alueiden
aika
"
}
}
"
meta
:
GMT
"
{
ls
{
"
Greenwichin
normaaliaika
"
}
}
"
meta
:
Galapagos
"
{
ls
{
"
Gal
pagossaarten
aika
"
}
}
"
meta
:
Gambier
"
{
ls
{
"
Gambiersaarten
aika
"
}
}
"
meta
:
Georgia
"
{
ld
{
"
Georgian
kes
aika
"
}
lg
{
"
Georgian
aika
"
}
ls
{
"
Georgian
normaaliaika
"
}
}
"
meta
:
Gilbert_Islands
"
{
ls
{
"
Gilbertsaarten
aika
"
}
}
"
meta
:
Greenland_Eastern
"
{
ld
{
"
It
-
Gr
nlannin
kes
aika
"
}
lg
{
"
It
-
Gr
nlannin
aika
"
}
ls
{
"
It
-
Gr
nlannin
normaaliaika
"
}
}
"
meta
:
Greenland_Western
"
{
ld
{
"
L
nsi
-
Gr
nlannin
kes
aika
"
}
lg
{
"
L
nsi
-
Gr
nlannin
aika
"
}
ls
{
"
L
nsi
-
Gr
nlannin
normaaliaika
"
}
}
"
meta
:
Guam
"
{
ls
{
"
Guamin
aika
"
}
}
"
meta
:
Gulf
"
{
ls
{
"
Arabiemiirikuntien
normaaliaika
"
}
}
"
meta
:
Guyana
"
{
ls
{
"
Guyanan
aika
"
}
}
"
meta
:
Hawaii_Aleutian
"
{
ld
{
"
Havaijin
-
Aleuttien
kes
aika
"
}
lg
{
"
Havaijin
-
Aleuttien
aika
"
}
ls
{
"
Havaijin
-
Aleuttien
normaaliaika
"
}
}
"
meta
:
Hong_Kong
"
{
ld
{
"
Hongkongin
kes
aika
"
}
lg
{
"
Hongkongin
aika
"
}
ls
{
"
Hongkongin
normaaliaika
"
}
}
"
meta
:
Hovd
"
{
ld
{
"
Hovdin
kes
aika
"
}
lg
{
"
Hovdin
aika
"
}
ls
{
"
Hovdin
normaaliaika
"
}
}
"
meta
:
India
"
{
ls
{
"
Intian
aika
"
}
}
"
meta
:
Indian_Ocean
"
{
ls
{
"
Intian
valtameren
aika
"
}
}
"
meta
:
Indochina
"
{
ls
{
"
Indokiinan
aika
"
}
}
"
meta
:
Indonesia_Central
"
{
ls
{
"
Keski
-
Indonesian
aika
"
}
}
"
meta
:
Indonesia_Eastern
"
{
ls
{
"
It
-
Indonesian
aika
"
}
}
"
meta
:
Indonesia_Western
"
{
ls
{
"
L
nsi
-
Indonesian
aika
"
}
}
"
meta
:
Iran
"
{
ld
{
"
Iranin
kes
aika
"
}
lg
{
"
Iranin
aika
"
}
ls
{
"
Iranin
normaaliaika
"
}
}
"
meta
:
Irkutsk
"
{
ld
{
"
Irkutskin
kes
aika
"
}
lg
{
"
Irkutskin
aika
"
}
ls
{
"
Irkutskin
normaaliaika
"
}
}
"
meta
:
Israel
"
{
ld
{
"
Israelin
kes
aika
"
}
lg
{
"
Israelin
aika
"
}
ls
{
"
Israelin
normaaliaika
"
}
}
"
meta
:
Japan
"
{
ld
{
"
Japanin
kes
aika
"
}
lg
{
"
Japanin
aika
"
}
ls
{
"
Japanin
normaaliaika
"
}
}
"
meta
:
Kamchatka
"
{
ld
{
"
Kamt
atkan
kes
aika
"
}
lg
{
"
Kamt
atkan
aika
"
}
ls
{
"
Kamt
atkan
normaaliaika
"
}
}
"
meta
:
Kazakhstan_Eastern
"
{
ls
{
"
It
-
Kazakstanin
aika
"
}
}
"
meta
:
Kazakhstan_Western
"
{
ls
{
"
L
nsi
-
Kazakstanin
aika
"
}
}
"
meta
:
Korea
"
{
ld
{
"
Korean
kes
aika
"
}
lg
{
"
Korean
aika
"
}
ls
{
"
Korean
normaaliaika
"
}
}
"
meta
:
Kosrae
"
{
ls
{
"
Kosraen
aika
"
}
}
"
meta
:
Krasnoyarsk
"
{
ld
{
"
Krasnojarskin
kes
aika
"
}
lg
{
"
Krasnojarskin
aika
"
}
ls
{
"
Krasnojarskin
normaaliaika
"
}
}
"
meta
:
Kyrgystan
"
{
ls
{
"
Kirgisian
aika
"
}
}
"
meta
:
Lanka
"
{
ls
{
"
Sri
Lankan
aika
"
}
}
"
meta
:
Line_Islands
"
{
ls
{
"
Linesaarten
aika
"
}
}
"
meta
:
Lord_Howe
"
{
ld
{
"
Lord
Howen
kes
aika
"
}
lg
{
"
Lord
Howen
aika
"
}
ls
{
"
Lord
Howen
normaaliaika
"
}
}
"
meta
:
Macau
"
{
ld
{
"
Macaon
kes
aika
"
}
lg
{
"
Macaon
aika
"
}
ls
{
"
Macaon
normaaliaika
"
}
}
"
meta
:
Macquarie
"
{
ls
{
"
Macquariensaaren
aika
"
}
}
"
meta
:
Magadan
"
{
ld
{
"
Magadanin
kes
aika
"
}
lg
{
"
Magadanin
aika
"
}
ls
{
"
Magadanin
normaaliaika
"
}
}
"
meta
:
Malaysia
"
{
ls
{
"
Malesian
aika
"
}
}
"
meta
:
Maldives
"
{
ls
{
"
Malediivien
aika
"
}
}
"
meta
:
Marquesas
"
{
ls
{
"
Marquesassaarten
aika
"
}
}
"
meta
:
Marshall_Islands
"
{
ls
{
"
Marshallinsaarten
aika
"
}
}
"
meta
:
Mauritius
"
{
ld
{
"
Mauritiuksen
kes
aika
"
}
lg
{
"
Mauritiuksen
aika
"
}
ls
{
"
Mauritiuksen
normaaliaika
"
}
}
"
meta
:
Mawson
"
{
ls
{
"
Mawsonin
aika
"
}
}
"
meta
:
Mexico_Northwest
"
{
ld
{
"
Luoteis
-
Meksikon
kes
aika
"
}
lg
{
"
Luoteis
-
Meksikon
aika
"
}
ls
{
"
Luoteis
-
Meksikon
normaaliaika
"
}
}
"
meta
:
Mexico_Pacific
"
{
ld
{
"
Meksikon
Tyynenmeren
kes
aika
"
}
lg
{
"
Meksikon
Tyynenmeren
aika
"
}
ls
{
"
Meksikon
Tyynenmeren
normaaliaika
"
}
}
"
meta
:
Mongolia
"
{
ld
{
"
Ulan
Batorin
kes
aika
"
}
lg
{
"
Ulan
Batorin
aika
"
}
ls
{
"
Ulan
Batorin
normaaliaika
"
}
}
"
meta
:
Moscow
"
{
ld
{
"
Moskovan
kes
aika
"
}
lg
{
"
Moskovan
aika
"
}
ls
{
"
Moskovan
normaaliaika
"
}
}
"
meta
:
Myanmar
"
{
ls
{
"
Myanmarin
aika
"
}
}
"
meta
:
Nauru
"
{
ls
{
"
Naurun
aika
"
}
}
"
meta
:
Nepal
"
{
ls
{
"
Nepalin
aika
"
}
}
"
meta
:
New_Caledonia
"
{
ld
{
"
Uuden
-
Kaledonian
kes
aika
"
}
lg
{
"
Uuden
-
Kaledonian
aika
"
}
ls
{
"
Uuden
-
Kaledonian
normaaliaika
"
}
}
"
meta
:
New_Zealand
"
{
ld
{
"
Uuden
-
Seelannin
kes
aika
"
}
lg
{
"
Uuden
-
Seelannin
aika
"
}
ls
{
"
Uuden
-
Seelannin
normaaliaika
"
}
}
"
meta
:
Newfoundland
"
{
ld
{
"
Newfoundlandin
kes
aika
"
}
lg
{
"
Newfoundlandin
aika
"
}
ls
{
"
Newfoundlandin
normaaliaika
"
}
}
"
meta
:
Niue
"
{
ls
{
"
Niuen
aika
"
}
}
"
meta
:
Norfolk
"
{
ls
{
"
Norfolkinsaaren
aika
"
}
}
"
meta
:
Noronha
"
{
ld
{
"
Fernando
de
Noronhan
kes
aika
"
}
lg
{
"
Fernando
de
Noronhan
aika
"
}
ls
{
"
Fernando
de
Noronhan
normaaliaika
"
}
}
"
meta
:
North_Mariana
"
{
ls
{
"
Pohjois
-
Mariaanien
aika
"
}
}
"
meta
:
Novosibirsk
"
{
ld
{
"
Novosibirskin
kes
aika
"
}
lg
{
"
Novosibirskin
aika
"
}
ls
{
"
Novosibirskin
normaaliaika
"
}
}
"
meta
:
Omsk
"
{
ld
{
"
Omskin
kes
aika
"
}
lg
{
"
Omskin
aika
"
}
ls
{
"
Omskin
normaaliaika
"
}
}
"
meta
:
Pakistan
"
{
ld
{
"
Pakistanin
kes
aika
"
}
lg
{
"
Pakistanin
aika
"
}
ls
{
"
Pakistanin
normaaliaika
"
}
}
"
meta
:
Palau
"
{
ls
{
"
Palaun
aika
"
}
}
"
meta
:
Papua_New_Guinea
"
{
ls
{
"
Papua
-
Uuden
-
Guinean
aika
"
}
}
"
meta
:
Paraguay
"
{
ld
{
"
Paraguayn
kes
aika
"
}
lg
{
"
Paraguayn
aika
"
}
ls
{
"
Paraguayn
normaaliaika
"
}
}
"
meta
:
Peru
"
{
ld
{
"
Perun
kes
aika
"
}
lg
{
"
Perun
aika
"
}
ls
{
"
Perun
normaaliaika
"
}
}
"
meta
:
Philippines
"
{
ld
{
"
Filippiinien
kes
aika
"
}
lg
{
"
Filippiinien
aika
"
}
ls
{
"
Filippiinien
normaaliaika
"
}
}
"
meta
:
Phoenix_Islands
"
{
ls
{
"
Phoenixsaarten
aika
"
}
}
"
meta
:
Pierre_Miquelon
"
{
ld
{
"
Saint
-
Pierren
ja
Miquelonin
kes
aika
"
}
lg
{
"
Saint
-
Pierren
ja
Miquelonin
aika
"
}
ls
{
"
Saint
-
Pierren
ja
Miquelonin
normaaliaika
"
}
}
"
meta
:
Pitcairn
"
{
ls
{
"
Pitcairnin
aika
"
}
}
"
meta
:
Ponape
"
{
ls
{
"
Pohnpein
aika
"
}
}
"
meta
:
Pyongyang
"
{
ls
{
"
Pjongjangin
aika
"
}
}
"
meta
:
Qyzylorda
"
{
ld
{
"
Q
z
lordan
kes
aika
"
}
lg
{
"
Q
z
lordan
aika
"
}
ls
{
"
Q
z
lordan
normaaliaika
"
}
}
"
meta
:
Reunion
"
{
ls
{
"
R
unionin
aika
"
}
}
"
meta
:
Rothera
"
{
ls
{
"
Rotheran
aika
"
}
}
"
meta
:
Sakhalin
"
{
ld
{
"
Sahalinin
kes
aika
"
}
lg
{
"
Sahalinin
aika
"
}
ls
{
"
Sahalinin
normaaliaika
"
}
}
"
meta
:
Samara
"
{
ld
{
"
Samaran
kes
aika
"
}
lg
{
"
Samaran
aika
"
}
ls
{
"
Samaran
normaaliaika
"
}
}
"
meta
:
Samoa
"
{
ld
{
"
Samoan
kes
aika
"
}
lg
{
"
Samoan
aika
"
}
ls
{
"
Samoan
normaaliaika
"
}
}
"
meta
:
Seychelles
"
{
ls
{
"
Seychellien
aika
"
}
}
"
meta
:
Singapore
"
{
ls
{
"
Singaporen
aika
"
}
}
"
meta
:
Solomon
"
{
ls
{
"
Salomonsaarten
aika
"
}
}
"
meta
:
South_Georgia
"
{
ls
{
"
Etel
-
Georgian
aika
"
}
}
"
meta
:
Suriname
"
{
ls
{
"
Surinamen
aika
"
}
}
"
meta
:
Syowa
"
{
ls
{
"
Syowan
aika
"
}
}
"
meta
:
Tahiti
"
{
ls
{
"
Tahitin
aika
"
}
}
"
meta
:
Taipei
"
{
ld
{
"
Taipein
kes
aika
"
}
lg
{
"
Taipein
aika
"
}
ls
{
"
Taipein
normaaliaika
"
}
}
"
meta
:
Tajikistan
"
{
ls
{
"
Tad
ikistanin
aika
"
}
}
"
meta
:
Tokelau
"
{
ls
{
"
Tokelaun
aika
"
}
}
"
meta
:
Tonga
"
{
ld
{
"
Tongan
kes
aika
"
}
lg
{
"
Tongan
aika
"
}
ls
{
"
Tongan
normaaliaika
"
}
}
"
meta
:
Truk
"
{
ls
{
"
Chuukin
aika
"
}
}
"
meta
:
Turkmenistan
"
{
ld
{
"
Turkmenistanin
kes
aika
"
}
lg
{
"
Turkmenistanin
aika
"
}
ls
{
"
Turkmenistanin
normaaliaika
"
}
}
"
meta
:
Tuvalu
"
{
ls
{
"
Tuvalun
aika
"
}
}
"
meta
:
Uruguay
"
{
ld
{
"
Uruguayn
kes
aika
"
}
lg
{
"
Uruguayn
aika
"
}
ls
{
"
Uruguayn
normaaliaika
"
}
}
"
meta
:
Uzbekistan
"
{
ld
{
"
Uzbekistanin
kes
aika
"
}
lg
{
"
Uzbekistanin
aika
"
}
ls
{
"
Uzbekistanin
normaaliaika
"
}
}
"
meta
:
Vanuatu
"
{
ld
{
"
Vanuatun
kes
aika
"
}
lg
{
"
Vanuatun
aika
"
}
ls
{
"
Vanuatun
normaaliaika
"
}
}
"
meta
:
Venezuela
"
{
ls
{
"
Venezuelan
aika
"
}
}
"
meta
:
Vladivostok
"
{
ld
{
"
Vladivostokin
kes
aika
"
}
lg
{
"
Vladivostokin
aika
"
}
ls
{
"
Vladivostokin
normaaliaika
"
}
}
"
meta
:
Volgograd
"
{
ld
{
"
Volgogradin
kes
aika
"
}
lg
{
"
Volgogradin
aika
"
}
ls
{
"
Volgogradin
normaaliaika
"
}
}
"
meta
:
Vostok
"
{
ls
{
"
Vostokin
aika
"
}
}
"
meta
:
Wake
"
{
ls
{
"
Waken
aika
"
}
}
"
meta
:
Wallis
"
{
ls
{
"
Wallisin
ja
Futunan
aika
"
}
}
"
meta
:
Yakutsk
"
{
ld
{
"
Jakutskin
kes
aika
"
}
lg
{
"
Jakutskin
aika
"
}
ls
{
"
Jakutskin
normaaliaika
"
}
}
"
meta
:
Yekaterinburg
"
{
ld
{
"
Jekaterinburgin
kes
aika
"
}
lg
{
"
Jekaterinburgin
aika
"
}
ls
{
"
Jekaterinburgin
normaaliaika
"
}
}
fallbackFormat
{
"
{
1
}
(
{
0
}
)
"
}
gmtFormat
{
"
UTC
{
0
}
"
}
gmtZeroFormat
{
"
UTC
"
}
hourFormat
{
"
+
H
.
mm
;
-
H
.
mm
"
}
regionFormat
{
"
aikavy
hyke
:
{
0
}
"
}
regionFormatDaylight
{
"
{
0
}
(
kes
aika
)
"
}
regionFormatStandard
{
"
{
0
}
(
normaaliaika
)
"
}
}
}
