/
/
2016
and
later
:
Unicode
Inc
.
and
others
.
/
/
License
&
terms
of
use
:
http
:
/
/
www
.
unicode
.
org
/
copyright
.
html
#
License
ga
{
Version
{
"
36
.
1
"
}
zoneStrings
{
"
Africa
:
Abidjan
"
{
ec
{
"
Abidjan
"
}
}
"
Africa
:
Accra
"
{
ec
{
"
Accra
"
}
}
"
Africa
:
Addis_Ababa
"
{
ec
{
"
Adas
Ababa
"
}
}
"
Africa
:
Algiers
"
{
ec
{
"
Cathair
na
hAilg
ire
"
}
}
"
Africa
:
Asmera
"
{
ec
{
"
Asmara
"
}
}
"
Africa
:
Bamako
"
{
ec
{
"
Bamako
"
}
}
"
Africa
:
Bangui
"
{
ec
{
"
Bangui
"
}
}
"
Africa
:
Banjul
"
{
ec
{
"
Banjul
"
}
}
"
Africa
:
Bissau
"
{
ec
{
"
Bissau
"
}
}
"
Africa
:
Blantyre
"
{
ec
{
"
Baile
an
tSaoir
"
}
}
"
Africa
:
Brazzaville
"
{
ec
{
"
Brazzaville
"
}
}
"
Africa
:
Bujumbura
"
{
ec
{
"
Bujumbura
"
}
}
"
Africa
:
Cairo
"
{
ec
{
"
Caireo
"
}
}
"
Africa
:
Casablanca
"
{
ec
{
"
Casablanca
"
}
}
"
Africa
:
Ceuta
"
{
ec
{
"
Ceuta
"
}
}
"
Africa
:
Conakry
"
{
ec
{
"
Conacra
"
}
}
"
Africa
:
Dakar
"
{
ec
{
"
Dac
r
"
}
}
"
Africa
:
Dar_es_Salaam
"
{
ec
{
"
D
rasal
m
"
}
}
"
Africa
:
Djibouti
"
{
ec
{
"
Djibouti
"
}
}
"
Africa
:
Douala
"
{
ec
{
"
Douala
"
}
}
"
Africa
:
El_Aaiun
"
{
ec
{
"
El
Aaiun
"
}
}
"
Africa
:
Freetown
"
{
ec
{
"
Freetown
"
}
}
"
Africa
:
Gaborone
"
{
ec
{
"
Gaborone
"
}
}
"
Africa
:
Harare
"
{
ec
{
"
Harare
"
}
}
"
Africa
:
Johannesburg
"
{
ec
{
"
Johannesburg
"
}
}
"
Africa
:
Juba
"
{
ec
{
"
Juba
"
}
}
"
Africa
:
Kampala
"
{
ec
{
"
Kampala
"
}
}
"
Africa
:
Khartoum
"
{
ec
{
"
Cart
m
"
}
}
"
Africa
:
Kigali
"
{
ec
{
"
Kigali
"
}
}
"
Africa
:
Kinshasa
"
{
ec
{
"
Cinseasa
"
}
}
"
Africa
:
Lagos
"
{
ec
{
"
Lagos
"
}
}
"
Africa
:
Libreville
"
{
ec
{
"
Libreville
"
}
}
"
Africa
:
Lome
"
{
ec
{
"
Lome
"
}
}
"
Africa
:
Luanda
"
{
ec
{
"
Luanda
"
}
}
"
Africa
:
Lubumbashi
"
{
ec
{
"
Lubumbashi
"
}
}
"
Africa
:
Lusaka
"
{
ec
{
"
Lusaka
"
}
}
"
Africa
:
Malabo
"
{
ec
{
"
Malabo
"
}
}
"
Africa
:
Maputo
"
{
ec
{
"
Map
t
"
}
}
"
Africa
:
Maseru
"
{
ec
{
"
Maseru
"
}
}
"
Africa
:
Mbabane
"
{
ec
{
"
Mbabane
"
}
}
"
Africa
:
Mogadishu
"
{
ec
{
"
Mogaidisi
"
}
}
"
Africa
:
Monrovia
"
{
ec
{
"
Monrovia
"
}
}
"
Africa
:
Nairobi
"
{
ec
{
"
Nairobi
"
}
}
"
Africa
:
Ndjamena
"
{
ec
{
"
Ndjamena
"
}
}
"
Africa
:
Niamey
"
{
ec
{
"
Niamey
"
}
}
"
Africa
:
Nouakchott
"
{
ec
{
"
Nuacsat
"
}
}
"
Africa
:
Ouagadougou
"
{
ec
{
"
Ouagadougou
"
}
}
"
Africa
:
Porto
-
Novo
"
{
ec
{
"
Porto
-
Novo
"
}
}
"
Africa
:
Sao_Tome
"
{
ec
{
"
S
o
Tom
"
}
}
"
Africa
:
Tripoli
"
{
ec
{
"
Tripil
"
}
}
"
Africa
:
Tunis
"
{
ec
{
"
T
inis
"
}
}
"
Africa
:
Windhoek
"
{
ec
{
"
Windhoek
"
}
}
"
America
:
Adak
"
{
ec
{
"
Adak
"
}
}
"
America
:
Anchorage
"
{
ec
{
"
Anchorage
"
}
}
"
America
:
Anguilla
"
{
ec
{
"
Anga
le
"
}
}
"
America
:
Antigua
"
{
ec
{
"
Antigua
"
}
}
"
America
:
Araguaina
"
{
ec
{
"
Araguaina
"
}
}
"
America
:
Argentina
:
La_Rioja
"
{
ec
{
"
La
Rioja
"
}
}
"
America
:
Argentina
:
Rio_Gallegos
"
{
ec
{
"
Rio
Gallegos
"
}
}
"
America
:
Argentina
:
Salta
"
{
ec
{
"
Salta
"
}
}
"
America
:
Argentina
:
San_Juan
"
{
ec
{
"
San
Juan
"
}
}
"
America
:
Argentina
:
San_Luis
"
{
ec
{
"
San
Luis
"
}
}
"
America
:
Argentina
:
Tucuman
"
{
ec
{
"
Tucuman
"
}
}
"
America
:
Argentina
:
Ushuaia
"
{
ec
{
"
Ushuaia
"
}
}
"
America
:
Aruba
"
{
ec
{
"
Ar
ba
"
}
}
"
America
:
Asuncion
"
{
ec
{
"
As
inseon
"
}
}
"
America
:
Bahia
"
{
ec
{
"
Bahia
"
}
}
"
America
:
Bahia_Banderas
"
{
ec
{
"
Bahia
Banderas
"
}
}
"
America
:
Barbados
"
{
ec
{
"
Barbad
s
"
}
}
"
America
:
Belem
"
{
ec
{
"
Bel
m
"
}
}
"
America
:
Belize
"
{
ec
{
"
an
Bheil
s
"
}
}
"
America
:
Blanc
-
Sablon
"
{
ec
{
"
Blanc
-
Sablon
"
}
}
"
America
:
Boa_Vista
"
{
ec
{
"
Boa
Vista
"
}
}
"
America
:
Bogota
"
{
ec
{
"
Bogat
"
}
}
"
America
:
Boise
"
{
ec
{
"
Boise
"
}
}
"
America
:
Buenos_Aires
"
{
ec
{
"
Buenos
Aires
"
}
}
"
America
:
Cambridge_Bay
"
{
ec
{
"
Cambridge
Bay
"
}
}
"
America
:
Campo_Grande
"
{
ec
{
"
Campo
Grande
"
}
}
"
America
:
Cancun
"
{
ec
{
"
Canc
n
"
}
}
"
America
:
Caracas
"
{
ec
{
"
Caracas
"
}
}
"
America
:
Catamarca
"
{
ec
{
"
Catamarca
"
}
}
"
America
:
Cayenne
"
{
ec
{
"
Cayenne
"
}
}
"
America
:
Cayman
"
{
ec
{
"
Cayman
"
}
}
"
America
:
Chicago
"
{
ec
{
"
Chicago
"
}
}
"
America
:
Chihuahua
"
{
ec
{
"
Chihuahua
"
}
}
"
America
:
Coral_Harbour
"
{
ec
{
"
Atikokan
"
}
}
"
America
:
Cordoba
"
{
ec
{
"
C
rdoba
"
}
}
"
America
:
Costa_Rica
"
{
ec
{
"
C
sta
R
ce
"
}
}
"
America
:
Creston
"
{
ec
{
"
Creston
"
}
}
"
America
:
Cuiaba
"
{
ec
{
"
Cuiab
"
}
}
"
America
:
Curacao
"
{
ec
{
"
Cura
ao
"
}
}
"
America
:
Danmarkshavn
"
{
ec
{
"
Danmarkshavn
"
}
}
"
America
:
Dawson
"
{
ec
{
"
Dawson
"
}
}
"
America
:
Dawson_Creek
"
{
ec
{
"
Dawson
Creek
"
}
}
"
America
:
Denver
"
{
ec
{
"
Denver
"
}
}
"
America
:
Detroit
"
{
ec
{
"
Detroit
"
}
}
"
America
:
Dominica
"
{
ec
{
"
Doiminice
"
}
}
"
America
:
Edmonton
"
{
ec
{
"
Edmonton
"
}
}
"
America
:
Eirunepe
"
{
ec
{
"
Eirunep
"
}
}
"
America
:
El_Salvador
"
{
ec
{
"
an
tSalvad
ir
"
}
}
"
America
:
Fort_Nelson
"
{
ec
{
"
Fort
Nelson
"
}
}
"
America
:
Fortaleza
"
{
ec
{
"
Fortaleza
"
}
}
"
America
:
Glace_Bay
"
{
ec
{
"
Glace
Bay
"
}
}
"
America
:
Godthab
"
{
ec
{
"
Nuuk
"
}
}
"
America
:
Goose_Bay
"
{
ec
{
"
Goose
Bay
"
}
}
"
America
:
Grand_Turk
"
{
ec
{
"
Grand
Turk
"
}
}
"
America
:
Grenada
"
{
ec
{
"
Grean
da
"
}
}
"
America
:
Guadeloupe
"
{
ec
{
"
Guadal
ip
"
}
}
"
America
:
Guatemala
"
{
ec
{
"
Guatamala
"
}
}
"
America
:
Guayaquil
"
{
ec
{
"
Guayaquil
"
}
}
"
America
:
Guyana
"
{
ec
{
"
an
Ghu
in
"
}
}
"
America
:
Halifax
"
{
ec
{
"
Halifax
"
}
}
"
America
:
Havana
"
{
ec
{
"
Hav
na
"
}
}
"
America
:
Hermosillo
"
{
ec
{
"
Hermosillo
"
}
}
"
America
:
Indiana
:
Knox
"
{
ec
{
"
Knox
Indiana
"
}
}
"
America
:
Indiana
:
Marengo
"
{
ec
{
"
Marengo
Indiana
"
}
}
"
America
:
Indiana
:
Petersburg
"
{
ec
{
"
Petersburg
Indiana
"
}
}
"
America
:
Indiana
:
Tell_City
"
{
ec
{
"
Tell
City
Indiana
"
}
}
"
America
:
Indiana
:
Vevay
"
{
ec
{
"
Vevay
Indiana
"
}
}
"
America
:
Indiana
:
Vincennes
"
{
ec
{
"
Vincennes
Indiana
"
}
}
"
America
:
Indiana
:
Winamac
"
{
ec
{
"
Winamac
Indiana
"
}
}
"
America
:
Indianapolis
"
{
ec
{
"
Indianapolis
"
}
}
"
America
:
Inuvik
"
{
ec
{
"
Inuvik
"
}
}
"
America
:
Iqaluit
"
{
ec
{
"
Iqaluit
"
}
}
"
America
:
Jamaica
"
{
ec
{
"
Iam
ice
"
}
}
"
America
:
Jujuy
"
{
ec
{
"
Jujuy
"
}
}
"
America
:
Juneau
"
{
ec
{
"
Juneau
"
}
}
"
America
:
Kentucky
:
Monticello
"
{
ec
{
"
Monticello
Kentucky
"
}
}
"
America
:
Kralendijk
"
{
ec
{
"
Kralendijk
"
}
}
"
America
:
La_Paz
"
{
ec
{
"
La
Paz
"
}
}
"
America
:
Lima
"
{
ec
{
"
L
oma
"
}
}
"
America
:
Los_Angeles
"
{
ec
{
"
Los
Angeles
"
}
}
"
America
:
Louisville
"
{
ec
{
"
Louisville
"
}
}
"
America
:
Lower_Princes
"
{
ec
{
"
Lower
Prince
s
Quarter
"
}
}
"
America
:
Maceio
"
{
ec
{
"
Macei
"
}
}
"
America
:
Managua
"
{
ec
{
"
Managua
"
}
}
"
America
:
Manaus
"
{
ec
{
"
Manaus
"
}
}
"
America
:
Marigot
"
{
ec
{
"
Marigot
"
}
}
"
America
:
Martinique
"
{
ec
{
"
Martinique
"
}
}
"
America
:
Matamoros
"
{
ec
{
"
Matamoros
"
}
}
"
America
:
Mazatlan
"
{
ec
{
"
Mazatlan
"
}
}
"
America
:
Mendoza
"
{
ec
{
"
Mendoza
"
}
}
"
America
:
Menominee
"
{
ec
{
"
Menominee
"
}
}
"
America
:
Merida
"
{
ec
{
"
Merida
"
}
}
"
America
:
Metlakatla
"
{
ec
{
"
Metlakatla
"
}
}
"
America
:
Mexico_City
"
{
ec
{
"
Cathair
Mheicsiceo
"
}
}
"
America
:
Miquelon
"
{
ec
{
"
Miquelon
"
}
}
"
America
:
Moncton
"
{
ec
{
"
Moncton
"
}
}
"
America
:
Monterrey
"
{
ec
{
"
Monterrey
"
}
}
"
America
:
Montevideo
"
{
ec
{
"
Montevideo
"
}
}
"
America
:
Montserrat
"
{
ec
{
"
Montsarat
"
}
}
"
America
:
Nassau
"
{
ec
{
"
Nassau
"
}
}
"
America
:
New_York
"
{
ec
{
"
Nua
-
Eabhrac
"
}
}
"
America
:
Nipigon
"
{
ec
{
"
Nipigon
"
}
}
"
America
:
Nome
"
{
ec
{
"
Nome
"
}
}
"
America
:
Noronha
"
{
ec
{
"
Noronha
"
}
}
"
America
:
North_Dakota
:
Beulah
"
{
ec
{
"
Beulah
North
Dakota
"
}
}
"
America
:
North_Dakota
:
Center
"
{
ec
{
"
Center
North
Dakota
"
}
}
"
America
:
North_Dakota
:
New_Salem
"
{
ec
{
"
New
Salem
North
Dakota
"
}
}
"
America
:
Ojinaga
"
{
ec
{
"
Ojinaga
"
}
}
"
America
:
Panama
"
{
ec
{
"
Panama
"
}
}
"
America
:
Pangnirtung
"
{
ec
{
"
Pangnirtung
"
}
}
"
America
:
Paramaribo
"
{
ec
{
"
Paramaribo
"
}
}
"
America
:
Phoenix
"
{
ec
{
"
Phoenix
"
}
}
"
America
:
Port
-
au
-
Prince
"
{
ec
{
"
Port
-
au
-
Prince
"
}
}
"
America
:
Port_of_Spain
"
{
ec
{
"
Port
of
Spain
"
}
}
"
America
:
Porto_Velho
"
{
ec
{
"
Porto
Velho
"
}
}
"
America
:
Puerto_Rico
"
{
ec
{
"
Port
R
ce
"
}
}
"
America
:
Punta_Arenas
"
{
ec
{
"
Punta
Arenas
"
}
}
"
America
:
Rainy_River
"
{
ec
{
"
Rainy
River
"
}
}
"
America
:
Rankin_Inlet
"
{
ec
{
"
Rankin
Inlet
"
}
}
"
America
:
Recife
"
{
ec
{
"
Recife
"
}
}
"
America
:
Regina
"
{
ec
{
"
Regina
"
}
}
"
America
:
Resolute
"
{
ec
{
"
Resolute
"
}
}
"
America
:
Rio_Branco
"
{
ec
{
"
Rio
Branco
"
}
}
"
America
:
Santa_Isabel
"
{
ec
{
"
Santa
Isabel
"
}
}
"
America
:
Santarem
"
{
ec
{
"
Santar
m
"
}
}
"
America
:
Santiago
"
{
ec
{
"
Saintiag
"
}
}
"
America
:
Santo_Domingo
"
{
ec
{
"
Santo
Domingo
"
}
}
"
America
:
Sao_Paulo
"
{
ec
{
"
S
o
Paulo
"
}
}
"
America
:
Scoresbysund
"
{
ec
{
"
Ittoqqortoormiit
"
}
}
"
America
:
Sitka
"
{
ec
{
"
Sitka
"
}
}
"
America
:
St_Barthelemy
"
{
ec
{
"
Saint
Barth
lemy
"
}
}
"
America
:
St_Johns
"
{
ec
{
"
St
.
John
s
"
}
}
"
America
:
St_Kitts
"
{
ec
{
"
San
Cr
ost
ir
"
}
}
"
America
:
St_Lucia
"
{
ec
{
"
St
.
Lucia
"
}
}
"
America
:
St_Thomas
"
{
ec
{
"
St
.
Thomas
"
}
}
"
America
:
St_Vincent
"
{
ec
{
"
San
Uinseann
"
}
}
"
America
:
Swift_Current
"
{
ec
{
"
Swift
Current
"
}
}
"
America
:
Tegucigalpa
"
{
ec
{
"
Tegucigalpa
"
}
}
"
America
:
Thule
"
{
ec
{
"
Thule
"
}
}
"
America
:
Thunder_Bay
"
{
ec
{
"
Thunder
Bay
"
}
}
"
America
:
Tijuana
"
{
ec
{
"
Tijuana
"
}
}
"
America
:
Toronto
"
{
ec
{
"
Toronto
"
}
}
"
America
:
Tortola
"
{
ec
{
"
Tortola
"
}
}
"
America
:
Vancouver
"
{
ec
{
"
Vancouver
"
}
}
"
America
:
Whitehorse
"
{
ec
{
"
Whitehorse
"
}
}
"
America
:
Winnipeg
"
{
ec
{
"
Winnipeg
"
}
}
"
America
:
Yakutat
"
{
ec
{
"
Yakutat
"
}
}
"
America
:
Yellowknife
"
{
ec
{
"
Yellowknife
"
}
}
"
Antarctica
:
Casey
"
{
ec
{
"
Casey
"
}
}
"
Antarctica
:
Davis
"
{
ec
{
"
Davis
"
}
}
"
Antarctica
:
DumontDUrville
"
{
ec
{
"
Dumont
d
Urville
"
}
}
"
Antarctica
:
Macquarie
"
{
ec
{
"
Mac
Guaire
"
}
}
"
Antarctica
:
Mawson
"
{
ec
{
"
Mawson
"
}
}
"
Antarctica
:
McMurdo
"
{
ec
{
"
McMurdo
"
}
}
"
Antarctica
:
Palmer
"
{
ec
{
"
Palmer
"
}
}
"
Antarctica
:
Rothera
"
{
ec
{
"
Rothera
"
}
}
"
Antarctica
:
Syowa
"
{
ec
{
"
Syowa
"
}
}
"
Antarctica
:
Troll
"
{
ec
{
"
Troll
"
}
}
"
Antarctica
:
Vostok
"
{
ec
{
"
Vostok
"
}
}
"
Arctic
:
Longyearbyen
"
{
ec
{
"
Longyearbyen
"
}
}
"
Asia
:
Aden
"
{
ec
{
"
idin
"
}
}
"
Asia
:
Almaty
"
{
ec
{
"
Almaty
"
}
}
"
Asia
:
Amman
"
{
ec
{
"
Amman
"
}
}
"
Asia
:
Anadyr
"
{
ec
{
"
Anadyr
"
}
}
"
Asia
:
Aqtau
"
{
ec
{
"
Aqtau
"
}
}
"
Asia
:
Aqtobe
"
{
ec
{
"
Aqtobe
"
}
}
"
Asia
:
Ashgabat
"
{
ec
{
"
Ashgabat
"
}
}
"
Asia
:
Atyrau
"
{
ec
{
"
Atyrau
"
}
}
"
Asia
:
Baghdad
"
{
ec
{
"
Bagdad
"
}
}
"
Asia
:
Bahrain
"
{
ec
{
"
Bair
in
"
}
}
"
Asia
:
Baku
"
{
ec
{
"
Baku
"
}
}
"
Asia
:
Bangkok
"
{
ec
{
"
Bangkok
"
}
}
"
Asia
:
Barnaul
"
{
ec
{
"
Barnaul
"
}
}
"
Asia
:
Beirut
"
{
ec
{
"
B
iri
t
"
}
}
"
Asia
:
Bishkek
"
{
ec
{
"
Bishkek
"
}
}
"
Asia
:
Brunei
"
{
ec
{
"
Br
in
"
}
}
"
Asia
:
Calcutta
"
{
ec
{
"
Calc
ta
"
}
}
"
Asia
:
Chita
"
{
ec
{
"
Chita
"
}
}
"
Asia
:
Choibalsan
"
{
ec
{
"
Choibalsan
"
}
}
"
Asia
:
Colombo
"
{
ec
{
"
Colombo
"
}
}
"
Asia
:
Damascus
"
{
ec
{
"
an
Damaisc
"
}
}
"
Asia
:
Dhaka
"
{
ec
{
"
Dhaka
"
}
}
"
Asia
:
Dili
"
{
ec
{
"
Dili
"
}
}
"
Asia
:
Dubai
"
{
ec
{
"
Dubai
"
}
}
"
Asia
:
Dushanbe
"
{
ec
{
"
Dushanbe
"
}
}
"
Asia
:
Famagusta
"
{
ec
{
"
Famagusta
"
}
}
"
Asia
:
Gaza
"
{
ec
{
"
Gaza
"
}
}
"
Asia
:
Hebron
"
{
ec
{
"
Heabr
n
"
}
}
"
Asia
:
Hong_Kong
"
{
ec
{
"
Hong
Cong
"
}
}
"
Asia
:
Hovd
"
{
ec
{
"
Hovd
"
}
}
"
Asia
:
Irkutsk
"
{
ec
{
"
Irkutsk
"
}
}
"
Asia
:
Jakarta
"
{
ec
{
"
Iac
rta
"
}
}
"
Asia
:
Jayapura
"
{
ec
{
"
Jayapura
"
}
}
"
Asia
:
Jerusalem
"
{
ec
{
"
Iar
sail
im
"
}
}
"
Asia
:
Kabul
"
{
ec
{
"
Cab
l
"
}
}
"
Asia
:
Kamchatka
"
{
ec
{
"
Kamchatka
"
}
}
"
Asia
:
Karachi
"
{
ec
{
"
Karachi
"
}
}
"
Asia
:
Katmandu
"
{
ec
{
"
Kathmandu
"
}
}
"
Asia
:
Khandyga
"
{
ec
{
"
Khandyga
"
}
}
"
Asia
:
Krasnoyarsk
"
{
ec
{
"
Krasnoyarsk
"
}
}
"
Asia
:
Kuala_Lumpur
"
{
ec
{
"
Kuala
Lumpur
"
}
}
"
Asia
:
Kuching
"
{
ec
{
"
Kuching
"
}
}
"
Asia
:
Kuwait
"
{
ec
{
"
Cu
it
"
}
}
"
Asia
:
Macau
"
{
ec
{
"
Macao
"
}
}
"
Asia
:
Magadan
"
{
ec
{
"
Magadan
"
}
}
"
Asia
:
Makassar
"
{
ec
{
"
Makassar
"
}
}
"
Asia
:
Manila
"
{
ec
{
"
Mainile
"
}
}
"
Asia
:
Muscat
"
{
ec
{
"
Muscat
"
}
}
"
Asia
:
Nicosia
"
{
ec
{
"
an
Nioc
is
"
}
}
"
Asia
:
Novokuznetsk
"
{
ec
{
"
Novokuznetsk
"
}
}
"
Asia
:
Novosibirsk
"
{
ec
{
"
Novosibirsk
"
}
}
"
Asia
:
Omsk
"
{
ec
{
"
Omsk
"
}
}
"
Asia
:
Oral
"
{
ec
{
"
Oral
"
}
}
"
Asia
:
Phnom_Penh
"
{
ec
{
"
Phnom
Penh
"
}
}
"
Asia
:
Pontianak
"
{
ec
{
"
Pontianak
"
}
}
"
Asia
:
Pyongyang
"
{
ec
{
"
Pyongyang
"
}
}
"
Asia
:
Qatar
"
{
ec
{
"
Catar
"
}
}
"
Asia
:
Qyzylorda
"
{
ec
{
"
Qyzylorda
"
}
}
"
Asia
:
Rangoon
"
{
ec
{
"
Rang
n
"
}
}
"
Asia
:
Riyadh
"
{
ec
{
"
Riyadh
"
}
}
"
Asia
:
Saigon
"
{
ec
{
"
Cathair
Ho
Chi
Minh
"
}
}
"
Asia
:
Sakhalin
"
{
ec
{
"
Sakhalin
"
}
}
"
Asia
:
Samarkand
"
{
ec
{
"
Samarkand
"
}
}
"
Asia
:
Seoul
"
{
ec
{
"
S
l
"
}
}
"
Asia
:
Shanghai
"
{
ec
{
"
Shang
-
hai
"
}
}
"
Asia
:
Singapore
"
{
ec
{
"
Singeap
r
"
}
}
"
Asia
:
Srednekolymsk
"
{
ec
{
"
Srednekolymsk
"
}
}
"
Asia
:
Taipei
"
{
ec
{
"
Taipei
"
}
}
"
Asia
:
Tashkent
"
{
ec
{
"
Tashkent
"
}
}
"
Asia
:
Tbilisi
"
{
ec
{
"
Tbilisi
"
}
}
"
Asia
:
Tehran
"
{
ec
{
"
Tehran
"
}
}
"
Asia
:
Thimphu
"
{
ec
{
"
Thimphu
"
}
}
"
Asia
:
Tokyo
"
{
ec
{
"
T
iceo
"
}
}
"
Asia
:
Tomsk
"
{
ec
{
"
Tomsk
"
}
}
"
Asia
:
Ulaanbaatar
"
{
ec
{
"
Ulaanbaatar
"
}
}
"
Asia
:
Urumqi
"
{
ec
{
"
Urumqi
"
}
}
"
Asia
:
Ust
-
Nera
"
{
ec
{
"
Ust
-
Nera
"
}
}
"
Asia
:
Vientiane
"
{
ec
{
"
Vientiane
"
}
}
"
Asia
:
Vladivostok
"
{
ec
{
"
Vladivostok
"
}
}
"
Asia
:
Yakutsk
"
{
ec
{
"
Iac
tsc
"
}
}
"
Asia
:
Yekaterinburg
"
{
ec
{
"
Yekaterinburg
"
}
}
"
Asia
:
Yerevan
"
{
ec
{
"
Eireav
n
"
}
}
"
Atlantic
:
Azores
"
{
ec
{
"
na
hAs
ir
"
}
}
"
Atlantic
:
Bermuda
"
{
ec
{
"
Beirmi
da
"
}
}
"
Atlantic
:
Canary
"
{
ec
{
"
na
hOile
in
Chan
racha
"
}
}
"
Atlantic
:
Cape_Verde
"
{
ec
{
"
Rinn
Verde
"
}
}
"
Atlantic
:
Faeroe
"
{
ec
{
"
Oile
in
Fhar
"
}
}
"
Atlantic
:
Madeira
"
{
ec
{
"
Maid
ara
"
}
}
"
Atlantic
:
Reykjavik
"
{
ec
{
"
R
iciv
c
"
}
}
"
Atlantic
:
South_Georgia
"
{
ec
{
"
an
tSeoirsia
Theas
"
}
}
"
Atlantic
:
St_Helena
"
{
ec
{
"
San
H
ilin
"
}
}
"
Atlantic
:
Stanley
"
{
ec
{
"
Stanley
"
}
}
"
Australia
:
Adelaide
"
{
ec
{
"
Adelaide
"
}
}
"
Australia
:
Brisbane
"
{
ec
{
"
Brisbane
"
}
}
"
Australia
:
Broken_Hill
"
{
ec
{
"
Broken
Hill
"
}
}
"
Australia
:
Currie
"
{
ec
{
"
Currie
"
}
}
"
Australia
:
Darwin
"
{
ec
{
"
Darwin
"
}
}
"
Australia
:
Eucla
"
{
ec
{
"
Eucla
"
}
}
"
Australia
:
Hobart
"
{
ec
{
"
Hobart
"
}
}
"
Australia
:
Lindeman
"
{
ec
{
"
Lindeman
"
}
}
"
Australia
:
Lord_Howe
"
{
ec
{
"
Lord
Howe
"
}
}
"
Australia
:
Melbourne
"
{
ec
{
"
Melbourne
"
}
}
"
Australia
:
Perth
"
{
ec
{
"
Perth
"
}
}
"
Australia
:
Sydney
"
{
ec
{
"
Sydney
"
}
}
"
Etc
:
UTC
"
{
ls
{
"
Am
Uil
och
L
rnach
"
}
}
"
Etc
:
Unknown
"
{
ec
{
"
Cathair
Anaithnid
"
}
}
"
Europe
:
Amsterdam
"
{
ec
{
"
Amstardam
"
}
}
"
Europe
:
Andorra
"
{
ec
{
"
And
ra
"
}
}
"
Europe
:
Astrakhan
"
{
ec
{
"
an
Astrac
in
"
}
}
"
Europe
:
Athens
"
{
ec
{
"
an
Aithin
"
}
}
"
Europe
:
Belgrade
"
{
ec
{
"
B
algr
d
"
}
}
"
Europe
:
Berlin
"
{
ec
{
"
Beirl
n
"
}
}
"
Europe
:
Bratislava
"
{
ec
{
"
an
Bhratasl
iv
"
}
}
"
Europe
:
Brussels
"
{
ec
{
"
an
Bhruis
il
"
}
}
"
Europe
:
Bucharest
"
{
ec
{
"
B
cairist
"
}
}
"
Europe
:
Budapest
"
{
ec
{
"
B
daipeist
"
}
}
"
Europe
:
Busingen
"
{
ec
{
"
Busingen
"
}
}
"
Europe
:
Chisinau
"
{
ec
{
"
C
sine
"
}
}
"
Europe
:
Copenhagen
"
{
ec
{
"
C
banh
van
"
}
}
"
Europe
:
Dublin
"
{
ec
{
"
Baile
tha
Cliath
"
}
ld
{
"
Am
Caighd
anach
na
h
ireann
"
}
sd
{
"
AC
"
}
}
"
Europe
:
Gibraltar
"
{
ec
{
"
Giobr
ltar
"
}
}
"
Europe
:
Guernsey
"
{
ec
{
"
Geansa
"
}
}
"
Europe
:
Helsinki
"
{
ec
{
"
Heilsinc
"
}
}
"
Europe
:
Isle_of_Man
"
{
ec
{
"
Oile
n
Mhanann
"
}
}
"
Europe
:
Istanbul
"
{
ec
{
"
Iostanb
l
"
}
}
"
Europe
:
Jersey
"
{
ec
{
"
Geirs
"
}
}
"
Europe
:
Kaliningrad
"
{
ec
{
"
Kaliningrad
"
}
}
"
Europe
:
Kiev
"
{
ec
{
"
C
v
"
}
}
"
Europe
:
Kirov
"
{
ec
{
"
Kirov
"
}
}
"
Europe
:
Lisbon
"
{
ec
{
"
Liosp
in
"
}
}
"
Europe
:
Ljubljana
"
{
ec
{
"
Li
ible
na
"
}
}
"
Europe
:
London
"
{
ec
{
"
Londain
"
}
ld
{
"
Am
Samhraidh
na
Breataine
"
}
sd
{
"
ASB
"
}
}
"
Europe
:
Luxembourg
"
{
ec
{
"
Lucsamburg
"
}
}
"
Europe
:
Madrid
"
{
ec
{
"
Maidrid
"
}
}
"
Europe
:
Malta
"
{
ec
{
"
M
lta
"
}
}
"
Europe
:
Mariehamn
"
{
ec
{
"
Mariehamn
"
}
}
"
Europe
:
Minsk
"
{
ec
{
"
Mionsc
"
}
}
"
Europe
:
Monaco
"
{
ec
{
"
Monac
"
}
}
"
Europe
:
Moscow
"
{
ec
{
"
Mosc
"
}
}
"
Europe
:
Oslo
"
{
ec
{
"
Osl
"
}
}
"
Europe
:
Paris
"
{
ec
{
"
P
ras
"
}
}
"
Europe
:
Podgorica
"
{
ec
{
"
Podgair
tse
"
}
}
"
Europe
:
Prague
"
{
ec
{
"
Pr
g
"
}
}
"
Europe
:
Riga
"
{
ec
{
"
R
ge
"
}
}
"
Europe
:
Rome
"
{
ec
{
"
an
R
imh
"
}
}
"
Europe
:
Samara
"
{
ec
{
"
Samara
"
}
}
"
Europe
:
San_Marino
"
{
ec
{
"
San
Mair
ne
"
}
}
"
Europe
:
Sarajevo
"
{
ec
{
"
Sair
av
"
}
}
"
Europe
:
Saratov
"
{
ec
{
"
Saratov
"
}
}
"
Europe
:
Simferopol
"
{
ec
{
"
Simferopol
"
}
}
"
Europe
:
Skopje
"
{
ec
{
"
Sc
ip
"
}
}
"
Europe
:
Sofia
"
{
ec
{
"
S
ifia
"
}
}
"
Europe
:
Stockholm
"
{
ec
{
"
St
c
lm
"
}
}
"
Europe
:
Tallinn
"
{
ec
{
"
Taillinn
"
}
}
"
Europe
:
Tirane
"
{
ec
{
"
Tirane
"
}
}
"
Europe
:
Ulyanovsk
"
{
ec
{
"
Ulyanovsk
"
}
}
"
Europe
:
Uzhgorod
"
{
ec
{
"
Uzhgorod
"
}
}
"
Europe
:
Vaduz
"
{
ec
{
"
Vad
s
"
}
}
"
Europe
:
Vatican
"
{
ec
{
"
Cathair
na
Vatac
ine
"
}
}
"
Europe
:
Vienna
"
{
ec
{
"
V
n
"
}
}
"
Europe
:
Vilnius
"
{
ec
{
"
Vilnias
"
}
}
"
Europe
:
Volgograd
"
{
ec
{
"
Volgograd
"
}
}
"
Europe
:
Warsaw
"
{
ec
{
"
V
rs
"
}
}
"
Europe
:
Zagreb
"
{
ec
{
"
S
grab
"
}
}
"
Europe
:
Zaporozhye
"
{
ec
{
"
Zaporozhye
"
}
}
"
Europe
:
Zurich
"
{
ec
{
"
Z
rich
"
}
}
"
Indian
:
Antananarivo
"
{
ec
{
"
Antananair
veo
"
}
}
"
Indian
:
Chagos
"
{
ec
{
"
Chagos
"
}
}
"
Indian
:
Christmas
"
{
ec
{
"
Oile
n
na
Nollag
"
}
}
"
Indian
:
Cocos
"
{
ec
{
"
Oile
n
Cocos
"
}
}
"
Indian
:
Comoro
"
{
ec
{
"
Oile
in
Chom
ra
"
}
}
"
Indian
:
Kerguelen
"
{
ec
{
"
Kerguelen
"
}
}
"
Indian
:
Mahe
"
{
ec
{
"
Mahe
"
}
}
"
Indian
:
Maldives
"
{
ec
{
"
Oile
in
Mhaild
ve
"
}
}
"
Indian
:
Mauritius
"
{
ec
{
"
Oile
n
Mhuir
s
"
}
}
"
Indian
:
Mayotte
"
{
ec
{
"
Mayotte
"
}
}
"
Indian
:
Reunion
"
{
ec
{
"
La
R
union
"
}
}
"
Pacific
:
Apia
"
{
ec
{
"
Apia
"
}
}
"
Pacific
:
Auckland
"
{
ec
{
"
Auckland
"
}
}
"
Pacific
:
Bougainville
"
{
ec
{
"
Bougainville
"
}
}
"
Pacific
:
Chatham
"
{
ec
{
"
Chatham
"
}
}
"
Pacific
:
Easter
"
{
ec
{
"
Oile
n
na
C
sca
"
}
}
"
Pacific
:
Efate
"
{
ec
{
"
Efate
"
}
}
"
Pacific
:
Enderbury
"
{
ec
{
"
Enderbury
"
}
}
"
Pacific
:
Fakaofo
"
{
ec
{
"
Fakaofo
"
}
}
"
Pacific
:
Fiji
"
{
ec
{
"
Fids
"
}
}
"
Pacific
:
Funafuti
"
{
ec
{
"
Funafuti
"
}
}
"
Pacific
:
Galapagos
"
{
ec
{
"
Gal
pagos
"
}
}
"
Pacific
:
Gambier
"
{
ec
{
"
Gambier
"
}
}
"
Pacific
:
Guadalcanal
"
{
ec
{
"
Guadalcanal
"
}
}
"
Pacific
:
Guam
"
{
ec
{
"
Guam
"
}
}
"
Pacific
:
Honolulu
"
{
ec
{
"
Honolulu
"
}
}
"
Pacific
:
Johnston
"
{
ec
{
"
Johnston
"
}
}
"
Pacific
:
Kiritimati
"
{
ec
{
"
Kiritimati
"
}
}
"
Pacific
:
Kosrae
"
{
ec
{
"
Kosrae
"
}
}
"
Pacific
:
Kwajalein
"
{
ec
{
"
Kwajalein
"
}
}
"
Pacific
:
Majuro
"
{
ec
{
"
Majuro
"
}
}
"
Pacific
:
Marquesas
"
{
ec
{
"
na
hOile
in
Mharcasacha
"
}
}
"
Pacific
:
Midway
"
{
ec
{
"
Oile
in
Midway
"
}
}
"
Pacific
:
Nauru
"
{
ec
{
"
N
r
"
}
}
"
Pacific
:
Niue
"
{
ec
{
"
Niue
"
}
}
"
Pacific
:
Norfolk
"
{
ec
{
"
Norfolk
"
}
}
"
Pacific
:
Noumea
"
{
ec
{
"
Noumea
"
}
}
"
Pacific
:
Pago_Pago
"
{
ec
{
"
Pago
Pago
"
}
}
"
Pacific
:
Palau
"
{
ec
{
"
Palau
"
}
}
"
Pacific
:
Pitcairn
"
{
ec
{
"
Pitcairn
"
}
}
"
Pacific
:
Ponape
"
{
ec
{
"
Pohnpei
"
}
}
"
Pacific
:
Port_Moresby
"
{
ec
{
"
Port
Moresby
"
}
}
"
Pacific
:
Rarotonga
"
{
ec
{
"
Rarotonga
"
}
}
"
Pacific
:
Saipan
"
{
ec
{
"
Saipan
"
}
}
"
Pacific
:
Tahiti
"
{
ec
{
"
Taih
t
"
}
}
"
Pacific
:
Tarawa
"
{
ec
{
"
Tarawa
"
}
}
"
Pacific
:
Tongatapu
"
{
ec
{
"
Tongatapu
"
}
}
"
Pacific
:
Truk
"
{
ec
{
"
Chuuk
"
}
}
"
Pacific
:
Wake
"
{
ec
{
"
Oile
n
Wake
"
}
}
"
Pacific
:
Wallis
"
{
ec
{
"
Vail
s
"
}
}
"
meta
:
Acre
"
{
ld
{
"
Am
Samhraidh
Acre
"
}
lg
{
"
Am
Acre
"
}
ls
{
"
Am
Caighde
nach
Acre
"
}
}
"
meta
:
Afghanistan
"
{
ls
{
"
Am
na
hAfganast
ine
"
}
}
"
meta
:
Africa_Central
"
{
ls
{
"
Am
L
r
na
hAfraice
"
}
}
"
meta
:
Africa_Eastern
"
{
ls
{
"
Am
Oirthear
na
hAfraice
"
}
}
"
meta
:
Africa_Southern
"
{
ls
{
"
Am
Caighde
nach
na
hAfraice
Theas
"
}
}
"
meta
:
Africa_Western
"
{
ld
{
"
Am
Samhraidh
Iarthar
na
hAfraice
"
}
lg
{
"
Am
Iarthar
na
hAfraice
"
}
ls
{
"
Am
Caighde
nach
Iarthar
na
hAfraice
"
}
}
"
meta
:
Alaska
"
{
ld
{
"
Am
Samhraidh
Alasca
"
}
lg
{
"
Am
Alasca
"
}
ls
{
"
Am
Caighde
nach
Alasca
"
}
}
"
meta
:
Almaty
"
{
ld
{
"
Am
Samhraidh
Almaty
"
}
lg
{
"
Am
Almaty
"
}
ls
{
"
Am
Caighde
nach
Almaty
"
}
}
"
meta
:
Amazon
"
{
ld
{
"
Am
Samhraidh
na
hAmas
ine
"
}
lg
{
"
Am
na
hAmas
ine
"
}
ls
{
"
Am
Caighde
nach
na
hAmas
ine
"
}
}
"
meta
:
America_Central
"
{
ld
{
"
Am
Samhraidh
L
rnach
"
}
lg
{
"
Am
L
rnach
"
}
ls
{
"
Am
Caighde
nach
L
rnach
"
}
}
"
meta
:
America_Eastern
"
{
ld
{
"
Am
Samhraidh
an
Oirthir
"
}
lg
{
"
Am
an
Oirthir
"
}
ls
{
"
Am
Caighde
nach
an
Oirthir
"
}
}
"
meta
:
America_Mountain
"
{
ld
{
"
Am
Samhraidh
na
Sl
ibhte
"
}
lg
{
"
Am
na
Sl
ibhte
"
}
ls
{
"
Am
Caighde
nach
na
Sl
ibhte
"
}
}
"
meta
:
America_Pacific
"
{
ld
{
"
Am
Samhraidh
an
Aig
in
Chi
in
"
}
lg
{
"
Am
an
Aig
in
Chi
in
"
}
ls
{
"
Am
Caighde
nach
an
Aig
in
Chi
in
"
}
sd
{
"
ASAC
"
}
sg
{
"
AAC
"
}
ss
{
"
ACAC
"
}
}
"
meta
:
Anadyr
"
{
ld
{
"
Am
Samhraidh
Anadyr
"
}
lg
{
"
Am
Anadyr
"
}
ls
{
"
Am
Caighde
nach
Anadyr
"
}
}
"
meta
:
Apia
"
{
ld
{
"
Am
Samhraidh
Apia
"
}
lg
{
"
Am
Apia
"
}
ls
{
"
Am
Caighde
nach
Apia
"
}
}
"
meta
:
Aqtau
"
{
ld
{
"
Am
Samhraidh
Aqtau
"
}
lg
{
"
Am
Aqtau
"
}
ls
{
"
Am
Caighde
nach
Aqtau
"
}
}
"
meta
:
Aqtobe
"
{
ld
{
"
Am
Samhraidh
Aqtobe
"
}
lg
{
"
Am
Aqtobe
"
}
ls
{
"
Am
Caighde
nach
Aqtobe
"
}
}
"
meta
:
Arabian
"
{
ld
{
"
Am
Samhraidh
na
hAraibe
"
}
lg
{
"
Am
na
hAraibe
"
}
ls
{
"
Am
Caighde
nach
na
hAraibe
"
}
}
"
meta
:
Argentina
"
{
ld
{
"
Am
Samhraidh
na
hAirgint
ne
"
}
lg
{
"
Am
na
hAirgint
ne
"
}
ls
{
"
Am
Caighde
nach
na
hAirgint
ne
"
}
}
"
meta
:
Argentina_Western
"
{
ld
{
"
Am
Samhraidh
Iarthar
na
hAirgint
ne
"
}
lg
{
"
Am
Iarthar
na
hAirgint
ne
"
}
ls
{
"
Am
Caighde
nach
Iarthar
na
hAirgint
ne
"
}
}
"
meta
:
Armenia
"
{
ld
{
"
Am
Samhraidh
na
hAirm
ine
"
}
lg
{
"
Am
na
hAirm
ine
"
}
ls
{
"
Am
Caighde
nach
na
hAirm
ine
"
}
}
"
meta
:
Atlantic
"
{
ld
{
"
Am
Samhraidh
an
Atlantaigh
"
}
lg
{
"
Am
an
Atlantaigh
"
}
ls
{
"
Am
Caighde
nach
an
Atlantaigh
"
}
}
"
meta
:
Australia_Central
"
{
ld
{
"
Am
Samhraidh
L
r
na
hAstr
ile
"
}
lg
{
"
Am
L
r
na
hAstr
ile
"
}
ls
{
"
Am
Caighde
nach
L
r
na
hAstr
ile
"
}
}
"
meta
:
Australia_CentralWestern
"
{
ld
{
"
Am
Samhraidh
Mhe
niarthar
na
hAstr
ile
"
}
lg
{
"
Am
Mhe
niarthar
na
hAstr
ile
"
}
ls
{
"
Am
Caighde
nach
Mhe
niarthar
na
hAstr
ile
"
}
}
"
meta
:
Australia_Eastern
"
{
ld
{
"
Am
Samhraidh
Oirthear
na
hAstr
ile
"
}
lg
{
"
Am
Oirthear
na
hAstr
ile
"
}
ls
{
"
Am
Caighde
nach
Oirthear
na
hAstr
ile
"
}
}
"
meta
:
Australia_Western
"
{
ld
{
"
Am
Samhraidh
Iarthar
na
hAstr
ile
"
}
lg
{
"
Am
Iarthar
na
hAstr
ile
"
}
ls
{
"
Am
Caighde
nach
Iarthar
na
hAstr
ile
"
}
}
"
meta
:
Azerbaijan
"
{
ld
{
"
Am
Samhraidh
na
hAsarbaise
ine
"
}
lg
{
"
Am
na
hAsarbaise
ine
"
}
ls
{
"
Am
Caighde
nach
na
hAsarbaise
ine
"
}
}
"
meta
:
Azores
"
{
ld
{
"
Am
Samhraidh
na
nAs
r
"
}
lg
{
"
Am
na
nAs
r
"
}
ls
{
"
Am
Caighde
nach
na
nAs
r
"
}
}
"
meta
:
Bangladesh
"
{
ld
{
"
Am
Samhraidh
na
Banglaid
ise
"
}
lg
{
"
Am
na
Banglaid
ise
"
}
ls
{
"
Am
Caighde
nach
na
Banglaid
ise
"
}
}
"
meta
:
Bhutan
"
{
ls
{
"
Am
na
B
t
ine
"
}
}
"
meta
:
Bolivia
"
{
ls
{
"
Am
na
Bolaive
"
}
}
"
meta
:
Brasilia
"
{
ld
{
"
Am
Samhraidh
Bhras
lia
"
}
lg
{
"
Am
Bhras
lia
"
}
ls
{
"
Am
Caighde
nach
Bhras
lia
"
}
}
"
meta
:
Brunei
"
{
ls
{
"
Am
Br
in
Darasal
m
"
}
}
"
meta
:
Cape_Verde
"
{
ld
{
"
Am
Samhraidh
Rinn
Verde
"
}
lg
{
"
Am
Rinn
Verde
"
}
ls
{
"
Am
Caighde
nach
Rinn
Verde
"
}
}
"
meta
:
Casey
"
{
ls
{
"
Am
St
isi
n
Casey
"
}
}
"
meta
:
Chamorro
"
{
ls
{
"
Am
Caighde
nach
Seam
rach
"
}
}
"
meta
:
Chatham
"
{
ld
{
"
Am
Samhraidh
Chatham
"
}
lg
{
"
Am
Chatham
"
}
ls
{
"
Am
Caighde
nach
Chatham
"
}
}
"
meta
:
Chile
"
{
ld
{
"
Am
Samhraidh
na
Sile
"
}
lg
{
"
Am
na
Sile
"
}
ls
{
"
Am
Caighde
nach
na
Sile
"
}
}
"
meta
:
China
"
{
ld
{
"
Am
Samhraidh
na
S
ne
"
}
lg
{
"
Am
na
S
ne
"
}
ls
{
"
Am
Caighde
nach
na
S
ne
"
}
}
"
meta
:
Choibalsan
"
{
ld
{
"
Am
Samhraidh
Choibalsan
"
}
lg
{
"
Am
Choibalsan
"
}
ls
{
"
Am
Caighde
nach
Choibalsan
"
}
}
"
meta
:
Christmas
"
{
ls
{
"
Am
Oile
n
na
Nollag
"
}
}
"
meta
:
Cocos
"
{
ls
{
"
Am
Oile
in
Cocos
"
}
}
"
meta
:
Colombia
"
{
ld
{
"
Am
Samhraidh
na
Col
ime
"
}
lg
{
"
Am
na
Col
ime
"
}
ls
{
"
Am
Caighde
nach
na
Col
ime
"
}
}
"
meta
:
Cook
"
{
ld
{
"
Am
Leathshamhraidh
Oile
in
Cook
"
}
lg
{
"
Am
Oile
in
Cook
"
}
ls
{
"
Am
Caighde
nach
Oile
in
Cook
"
}
}
"
meta
:
Cuba
"
{
ld
{
"
Am
Samhraidh
Ch
ba
"
}
lg
{
"
Am
Ch
ba
"
}
ls
{
"
Am
Caighde
nach
Ch
ba
"
}
}
"
meta
:
Davis
"
{
ls
{
"
Am
St
isi
n
Davis
"
}
}
"
meta
:
DumontDUrville
"
{
ls
{
"
Am
St
isi
n
Dumont
-
d
Urville
"
}
}
"
meta
:
East_Timor
"
{
ls
{
"
Am
Th
om
r
Thoir
"
}
}
"
meta
:
Easter
"
{
ld
{
"
Am
Samhraidh
Oile
n
na
C
sca
"
}
lg
{
"
Am
Oile
n
na
C
sca
"
}
ls
{
"
Am
Caighde
nach
Oile
n
na
C
sca
"
}
}
"
meta
:
Ecuador
"
{
ls
{
"
Am
Eacuad
r
"
}
}
"
meta
:
Europe_Central
"
{
ld
{
"
Am
Samhraidh
L
r
na
hEorpa
"
}
lg
{
"
Am
L
r
na
hEorpa
"
}
ls
{
"
Am
Caighde
nach
L
r
na
hEorpa
"
}
sd
{
"
CEST
"
}
sg
{
"
CET
"
}
ss
{
"
CET
"
}
}
"
meta
:
Europe_Eastern
"
{
ld
{
"
Am
Samhraidh
Oirthear
na
hEorpa
"
}
lg
{
"
Am
Oirthear
na
hEorpa
"
}
ls
{
"
Am
Caighde
nach
Oirthear
na
hEorpa
"
}
sd
{
"
EEST
"
}
sg
{
"
EET
"
}
ss
{
"
EET
"
}
}
"
meta
:
Europe_Further_Eastern
"
{
ls
{
"
Am
Chianoirthear
na
hEorpa
"
}
}
"
meta
:
Europe_Western
"
{
ld
{
"
Am
Samhraidh
Iarthar
na
hEorpa
"
}
lg
{
"
Am
Iarthar
na
hEorpa
"
}
ls
{
"
Am
Caighde
nach
Iarthar
na
hEorpa
"
}
sd
{
"
WEST
"
}
sg
{
"
WET
"
}
ss
{
"
WET
"
}
}
"
meta
:
Falkland
"
{
ld
{
"
Am
Samhraidh
Oile
in
Fh
clainne
"
}
lg
{
"
Am
Oile
in
Fh
clainne
"
}
ls
{
"
Am
Caighde
nach
Oile
in
Fh
clainne
"
}
}
"
meta
:
Fiji
"
{
ld
{
"
Am
Samhraidh
Fhids
"
}
lg
{
"
Am
Fhids
"
}
ls
{
"
Am
Caighde
nach
Fhids
"
}
}
"
meta
:
French_Guiana
"
{
ls
{
"
Am
Ghu
in
na
Fraince
"
}
}
"
meta
:
French_Southern
"
{
ls
{
"
Am
Chr
ocha
Francacha
Deisceart
an
Domhain
"
}
}
"
meta
:
GMT
"
{
ls
{
"
Me
n
-
Am
Greenwich
"
}
ss
{
"
MAG
"
}
}
"
meta
:
Galapagos
"
{
ls
{
"
Am
Oile
in
Gal
pagos
"
}
}
"
meta
:
Gambier
"
{
ls
{
"
Am
Ghambier
"
}
}
"
meta
:
Georgia
"
{
ld
{
"
Am
Samhraidh
na
Seoirsia
"
}
lg
{
"
Am
na
Seoirsia
"
}
ls
{
"
Am
Caighde
nach
na
Seoirsia
"
}
}
"
meta
:
Gilbert_Islands
"
{
ls
{
"
Am
Chireabait
"
}
}
"
meta
:
Greenland_Eastern
"
{
ld
{
"
Am
Samhraidh
Oirthear
na
Graonlainne
"
}
lg
{
"
Am
Oirthear
na
Graonlainne
"
}
ls
{
"
Am
Caighde
nach
Oirthear
na
Graonlainne
"
}
}
"
meta
:
Greenland_Western
"
{
ld
{
"
Am
Samhraidh
Iarthar
na
Graonlainne
"
}
lg
{
"
Am
Iarthar
na
Graonlainne
"
}
ls
{
"
Am
Caighde
nach
Iarthar
na
Graonlainne
"
}
}
"
meta
:
Guam
"
{
ls
{
"
Am
Caighde
nach
Ghuam
"
}
}
"
meta
:
Gulf
"
{
ls
{
"
Am
Caighde
nach
na
Murascaille
"
}
}
"
meta
:
Guyana
"
{
ls
{
"
Am
na
Gu
ine
"
}
}
"
meta
:
Hawaii_Aleutian
"
{
ld
{
"
Am
Samhraidh
Hav
-
Aili
it
"
}
lg
{
"
Am
Hav
-
Aili
it
"
}
ls
{
"
Am
Caighde
nach
Hav
-
Aili
it
"
}
}
"
meta
:
Hong_Kong
"
{
ld
{
"
Am
Samhraidh
Hong
Cong
"
}
lg
{
"
Am
Hong
Cong
"
}
ls
{
"
Am
Caighde
nach
Hong
Cong
"
}
}
"
meta
:
Hovd
"
{
ld
{
"
Am
Samhraidh
Hovd
"
}
lg
{
"
Am
Hovd
"
}
ls
{
"
Am
Caighde
nach
Hovd
"
}
}
"
meta
:
India
"
{
ls
{
"
Am
Caighde
nach
na
hIndia
"
}
}
"
meta
:
Indian_Ocean
"
{
ls
{
"
Am
an
Aig
in
Indiaigh
"
}
}
"
meta
:
Indochina
"
{
ls
{
"
Am
na
hInd
-
S
ne
"
}
}
"
meta
:
Indonesia_Central
"
{
ls
{
"
Am
L
r
na
hIndin
ise
"
}
}
"
meta
:
Indonesia_Eastern
"
{
ls
{
"
Am
Oirthear
na
hIndin
ise
"
}
}
"
meta
:
Indonesia_Western
"
{
ls
{
"
Am
Iarthar
na
hIndin
ise
"
}
}
"
meta
:
Iran
"
{
ld
{
"
Am
Samhraidh
na
hIar
ine
"
}
lg
{
"
Am
na
hIar
ine
"
}
ls
{
"
Am
Caighde
nach
na
hIar
ine
"
}
}
"
meta
:
Irkutsk
"
{
ld
{
"
Am
Samhraidh
Irkutsk
"
}
lg
{
"
Am
Irkutsk
"
}
ls
{
"
Am
Caighde
nach
Irkutsk
"
}
}
"
meta
:
Israel
"
{
ld
{
"
Am
Samhraidh
Iosrael
"
}
lg
{
"
Am
Iosrael
"
}
ls
{
"
Am
Caighde
nach
Iosrael
"
}
}
"
meta
:
Japan
"
{
ld
{
"
Am
Samhraidh
na
Seap
ine
"
}
lg
{
"
Am
na
Seap
ine
"
}
ls
{
"
Am
Caighde
nach
na
Seap
ine
"
}
}
"
meta
:
Kamchatka
"
{
ld
{
"
Am
Samhraidh
Phetropavlovsk
-
Kamchatski
"
}
lg
{
"
Am
Phetropavlovsk
-
Kamchatski
"
}
ls
{
"
Am
Caighde
nach
Phetropavlovsk
-
Kamchatski
"
}
}
"
meta
:
Kazakhstan_Eastern
"
{
ls
{
"
Am
Oirthear
na
Casacst
ine
"
}
}
"
meta
:
Kazakhstan_Western
"
{
ls
{
"
Am
Iarthar
na
Casacst
ine
"
}
}
"
meta
:
Korea
"
{
ld
{
"
Am
Samhraidh
na
C
ir
"
}
lg
{
"
Am
na
C
ir
"
}
ls
{
"
Am
Caighde
nach
na
C
ir
"
}
}
"
meta
:
Kosrae
"
{
ls
{
"
Am
Kosrae
"
}
}
"
meta
:
Krasnoyarsk
"
{
ld
{
"
Am
Samhraidh
Krasnoyarsk
"
}
lg
{
"
Am
Krasnoyarsk
"
}
ls
{
"
Am
Caighde
nach
Krasnoyarsk
"
}
}
"
meta
:
Kyrgystan
"
{
ls
{
"
Am
na
Cirgeast
ine
"
}
}
"
meta
:
Lanka
"
{
ls
{
"
Am
Shr
Lanca
"
}
}
"
meta
:
Line_Islands
"
{
ls
{
"
Am
Oile
in
na
L
ne
"
}
}
"
meta
:
Lord_Howe
"
{
ld
{
"
Am
Samhraidh
Lord
Howe
"
}
lg
{
"
Am
Lord
Howe
"
}
ls
{
"
Am
Caighde
nach
Lord
Howe
"
}
}
"
meta
:
Macau
"
{
ld
{
"
Am
Samhraidh
Mhacao
"
}
lg
{
"
Am
Mhacao
"
}
ls
{
"
Am
Caighde
nach
Mhacao
"
}
}
"
meta
:
Macquarie
"
{
ls
{
"
Am
Oile
n
Mhic
Guaire
"
}
}
"
meta
:
Magadan
"
{
ld
{
"
Am
Samhraidh
Mhagadan
"
}
lg
{
"
Am
Mhagadan
"
}
ls
{
"
Am
Caighde
nach
Mhagadan
"
}
}
"
meta
:
Malaysia
"
{
ls
{
"
Am
na
Malaeisia
"
}
}
"
meta
:
Maldives
"
{
ls
{
"
Am
Oile
in
Mhaild
ve
"
}
}
"
meta
:
Marquesas
"
{
ls
{
"
Am
na
nOile
n
Marcasach
"
}
}
"
meta
:
Marshall_Islands
"
{
ls
{
"
Am
Oile
in
Marshall
"
}
}
"
meta
:
Mauritius
"
{
ld
{
"
Am
Samhraidh
Oile
n
Mhuir
s
"
}
lg
{
"
Am
Oile
n
Mhuir
s
"
}
ls
{
"
Am
Caighde
nach
Oile
n
Mhuir
s
"
}
}
"
meta
:
Mawson
"
{
ls
{
"
Am
St
isi
n
Mawson
"
}
}
"
meta
:
Mexico_Northwest
"
{
ld
{
"
Am
Samhraidh
Iarthuaisceart
Mheicsiceo
"
}
lg
{
"
Am
Iarthuaisceart
Mheicsiceo
"
}
ls
{
"
Am
Caighde
nach
Iarthuaisceart
Mheicsiceo
"
}
}
"
meta
:
Mexico_Pacific
"
{
ld
{
"
Am
Samhraidh
Meicsiceach
an
Aig
in
Chi
in
"
}
lg
{
"
Am
Meicsiceach
an
Aig
in
Chi
in
"
}
ls
{
"
Am
Caighde
nach
Meicsiceach
an
Aig
in
Chi
in
"
}
}
"
meta
:
Mongolia
"
{
ld
{
"
Am
Samhraidh
Ul
nb
tar
"
}
lg
{
"
Am
Ul
nb
tar
"
}
ls
{
"
Am
Caighde
nach
Ul
nb
tar
"
}
}
"
meta
:
Moscow
"
{
ld
{
"
Am
Samhraidh
Mhosc
"
}
lg
{
"
Am
Mhosc
"
}
ls
{
"
Am
Caighde
nach
Mhosc
"
}
}
"
meta
:
Myanmar
"
{
ls
{
"
Am
Mhaenmar
"
}
}
"
meta
:
Nauru
"
{
ls
{
"
Am
N
r
"
}
}
"
meta
:
Nepal
"
{
ls
{
"
Am
Neipeal
"
}
}
"
meta
:
New_Caledonia
"
{
ld
{
"
Am
Samhraidh
na
Nua
-
Chalad
ine
"
}
lg
{
"
Am
na
Nua
-
Chalad
ine
"
}
ls
{
"
Am
Caighde
nach
na
Nua
-
Chalad
ine
"
}
}
"
meta
:
New_Zealand
"
{
ld
{
"
Am
Samhraidh
na
Nua
-
Sh
alainne
"
}
lg
{
"
Am
na
Nua
-
Sh
alainne
"
}
ls
{
"
Am
Caighde
nach
na
Nua
-
Sh
alainne
"
}
}
"
meta
:
Newfoundland
"
{
ld
{
"
Am
Samhraidh
Thalamh
an
isc
"
}
lg
{
"
Am
Thalamh
an
isc
"
}
ls
{
"
Am
Caighde
nach
Thalamh
an
isc
"
}
}
"
meta
:
Niue
"
{
ls
{
"
Am
Niue
"
}
}
"
meta
:
Norfolk
"
{
ls
{
"
Am
Oile
n
Norfolk
"
}
}
"
meta
:
Noronha
"
{
ld
{
"
Am
Samhraidh
Fhernando
de
Noronha
"
}
lg
{
"
Am
Fhernando
de
Noronha
"
}
ls
{
"
Am
Caighde
nach
Fhernando
de
Noronha
"
}
}
"
meta
:
North_Mariana
"
{
ls
{
"
Am
na
nOile
n
M
irianach
Thuaidh
"
}
}
"
meta
:
Novosibirsk
"
{
ld
{
"
Am
Samhraidh
Novosibirsk
"
}
lg
{
"
Am
Novosibirsk
"
}
ls
{
"
Am
Caighde
nach
Novosibirsk
"
}
}
"
meta
:
Omsk
"
{
ld
{
"
Am
Samhraidh
Omsk
"
}
lg
{
"
Am
Omsk
"
}
ls
{
"
Am
Caighde
nach
Omsk
"
}
}
"
meta
:
Pakistan
"
{
ld
{
"
Am
Samhraidh
na
Pacast
ine
"
}
lg
{
"
Am
na
Pacast
ine
"
}
ls
{
"
Am
Caighde
nach
na
Pacast
ine
"
}
}
"
meta
:
Palau
"
{
ls
{
"
Am
Oile
in
Palau
"
}
}
"
meta
:
Papua_New_Guinea
"
{
ls
{
"
Am
Nua
-
Ghuine
Phapua
"
}
}
"
meta
:
Paraguay
"
{
ld
{
"
Am
Samhraidh
Pharagua
"
}
lg
{
"
Am
Pharagua
"
}
ls
{
"
Am
Caighde
nach
Pharagua
"
}
}
"
meta
:
Peru
"
{
ld
{
"
Am
Samhraidh
Pheiri
"
}
lg
{
"
Am
Pheiri
"
}
ls
{
"
Am
Caighde
nach
Pheiri
"
}
}
"
meta
:
Philippines
"
{
ld
{
"
Am
Samhraidh
na
nOile
n
Filip
neach
"
}
lg
{
"
Am
na
nOile
n
Filip
neach
"
}
ls
{
"
Am
Caighde
nach
na
nOile
n
Filip
neach
"
}
}
"
meta
:
Phoenix_Islands
"
{
ls
{
"
Am
Oile
in
an
Fh
inics
"
}
}
"
meta
:
Pierre_Miquelon
"
{
ld
{
"
Am
Samhraidh
Saint
-
Pierre
-
et
-
Miquelon
"
}
lg
{
"
Am
Saint
-
Pierre
-
et
-
Miquelon
"
}
ls
{
"
Am
Caighde
nach
Saint
-
Pierre
-
et
-
Miquelon
"
}
}
"
meta
:
Pitcairn
"
{
ls
{
"
Am
Oile
n
Pitcairn
"
}
}
"
meta
:
Ponape
"
{
ls
{
"
Am
Phohnpei
"
}
}
"
meta
:
Pyongyang
"
{
ls
{
"
Am
Pyongyang
"
}
}
"
meta
:
Qyzylorda
"
{
ld
{
"
Am
Samhraidh
Qyzylorda
"
}
lg
{
"
Am
Qyzylorda
"
}
ls
{
"
Am
Caighde
nach
Qyzylorda
"
}
}
"
meta
:
Reunion
"
{
ls
{
"
Am
R
union
"
}
}
"
meta
:
Rothera
"
{
ls
{
"
Am
St
isi
n
Rothera
"
}
}
"
meta
:
Sakhalin
"
{
ld
{
"
Am
Samhraidh
Shakhalin
"
}
lg
{
"
Am
Shakhalin
"
}
ls
{
"
Am
Caighde
nach
Shakhalin
"
}
}
"
meta
:
Samara
"
{
ld
{
"
Am
Samhraidh
Shamara
"
}
lg
{
"
Am
Shamara
"
}
ls
{
"
Am
Caighde
nach
Shamara
"
}
}
"
meta
:
Samoa
"
{
ld
{
"
Am
Samhraidh
Sham
"
}
lg
{
"
Am
Sham
"
}
ls
{
"
Am
Caighde
nach
Sham
"
}
}
"
meta
:
Seychelles
"
{
ls
{
"
Am
na
S
is
al
"
}
}
"
meta
:
Singapore
"
{
ls
{
"
Am
Caighde
nach
Shingeap
r
"
}
}
"
meta
:
Solomon
"
{
ls
{
"
Am
Oile
in
Sholom
n
"
}
}
"
meta
:
South_Georgia
"
{
ls
{
"
Am
na
Seoirsia
Theas
"
}
}
"
meta
:
Suriname
"
{
ls
{
"
Am
Shuranam
"
}
}
"
meta
:
Syowa
"
{
ls
{
"
Am
St
isi
n
Syowa
"
}
}
"
meta
:
Tahiti
"
{
ls
{
"
Am
Thaih
t
"
}
}
"
meta
:
Taipei
"
{
ld
{
"
Am
Samhraidh
Thaipei
"
}
lg
{
"
Am
Thaipei
"
}
ls
{
"
Am
Caighde
nach
Thaipei
"
}
}
"
meta
:
Tajikistan
"
{
ls
{
"
Am
na
T
ids
ceast
ine
"
}
}
"
meta
:
Tokelau
"
{
ls
{
"
Am
Oile
in
T
cal
"
}
}
"
meta
:
Tonga
"
{
ld
{
"
Am
Samhraidh
Thonga
"
}
lg
{
"
Am
Thonga
"
}
ls
{
"
Am
Caighde
nach
Thonga
"
}
}
"
meta
:
Truk
"
{
ls
{
"
Am
Chuuk
"
}
}
"
meta
:
Turkmenistan
"
{
ld
{
"
Am
Samhraidh
na
Tuircm
anast
ine
"
}
lg
{
"
Am
na
Tuircm
anast
ine
"
}
ls
{
"
Am
Caighde
nach
na
Tuircm
anast
ine
"
}
}
"
meta
:
Tuvalu
"
{
ls
{
"
Am
Thuvalu
"
}
}
"
meta
:
Uruguay
"
{
ld
{
"
Am
Samhraidh
Uragua
"
}
lg
{
"
Am
Uragua
"
}
ls
{
"
Am
Caighde
nach
Uragua
"
}
}
"
meta
:
Uzbekistan
"
{
ld
{
"
Am
Samhraidh
na
h
isb
iceast
ine
"
}
lg
{
"
Am
na
h
isb
iceast
ine
"
}
ls
{
"
Am
Caighde
nach
na
h
isb
iceast
ine
"
}
}
"
meta
:
Vanuatu
"
{
ld
{
"
Am
Samhraidh
Vanuat
"
}
lg
{
"
Am
Vanuat
"
}
ls
{
"
Am
Caighde
nach
Vanuat
"
}
}
"
meta
:
Venezuela
"
{
ls
{
"
Am
Veinis
ala
"
}
}
"
meta
:
Vladivostok
"
{
ld
{
"
Am
Samhraidh
Vladivostok
"
}
lg
{
"
Am
Vladivostok
"
}
ls
{
"
Am
Caighde
nach
Vladivostok
"
}
}
"
meta
:
Volgograd
"
{
ld
{
"
Am
Samhraidh
Volgograd
"
}
lg
{
"
Am
Volgograd
"
}
ls
{
"
Am
Caighde
nach
Volgograd
"
}
}
"
meta
:
Vostok
"
{
ls
{
"
Am
St
isi
n
Vostok
"
}
}
"
meta
:
Wake
"
{
ls
{
"
Am
Oile
n
Wake
"
}
}
"
meta
:
Wallis
"
{
ls
{
"
Am
Vail
s
agus
Fut
na
"
}
}
"
meta
:
Yakutsk
"
{
ld
{
"
Am
Samhraidh
Iac
tsc
"
}
lg
{
"
Am
Iac
tsc
"
}
ls
{
"
Am
Caighde
nach
Iac
tsc
"
}
}
"
meta
:
Yekaterinburg
"
{
ld
{
"
Am
Samhraidh
Yekaterinburg
"
}
lg
{
"
Am
Yekaterinburg
"
}
ls
{
"
Am
Caighde
nach
Yekaterinburg
"
}
}
fallbackFormat
{
"
{
1
}
(
{
0
}
)
"
}
gmtFormat
{
"
MAG
{
0
}
"
}
gmtZeroFormat
{
"
MAG
"
}
hourFormat
{
"
+
HH
:
mm
;
-
HH
:
mm
"
}
regionFormat
{
"
{
0
}
"
}
regionFormatDaylight
{
"
{
0
}
(
+
1
)
"
}
regionFormatStandard
{
"
{
0
}
(
+
0
)
"
}
}
}
