/
/
2016
and
later
:
Unicode
Inc
.
and
others
.
/
/
License
&
terms
of
use
:
http
:
/
/
www
.
unicode
.
org
/
copyright
.
html
#
License
gd
{
Version
{
"
36
.
1
"
}
zoneStrings
{
"
Africa
:
Abidjan
"
{
ec
{
"
Abidjan
"
}
}
"
Africa
:
Accra
"
{
ec
{
"
Accra
"
}
}
"
Africa
:
Addis_Ababa
"
{
ec
{
"
Addis
Ab
ba
"
}
}
"
Africa
:
Algiers
"
{
ec
{
"
Algiers
"
}
}
"
Africa
:
Asmera
"
{
ec
{
"
Asmar
"
}
}
"
Africa
:
Bamako
"
{
ec
{
"
Bamako
"
}
}
"
Africa
:
Bangui
"
{
ec
{
"
Bangui
"
}
}
"
Africa
:
Banjul
"
{
ec
{
"
Banjul
"
}
}
"
Africa
:
Bissau
"
{
ec
{
"
Bissau
"
}
}
"
Africa
:
Blantyre
"
{
ec
{
"
Blantyre
"
}
}
"
Africa
:
Brazzaville
"
{
ec
{
"
Brazzaville
"
}
}
"
Africa
:
Bujumbura
"
{
ec
{
"
Bujumbura
"
}
}
"
Africa
:
Cairo
"
{
ec
{
"
Cairo
"
}
}
"
Africa
:
Casablanca
"
{
ec
{
"
Casablanca
"
}
}
"
Africa
:
Ceuta
"
{
ec
{
"
Ceuta
"
}
}
"
Africa
:
Conakry
"
{
ec
{
"
Conakry
"
}
}
"
Africa
:
Dakar
"
{
ec
{
"
Dakar
"
}
}
"
Africa
:
Dar_es_Salaam
"
{
ec
{
"
D
r
as
-
Sal
m
"
}
}
"
Africa
:
Djibouti
"
{
ec
{
"
Diob
taidh
"
}
}
"
Africa
:
Douala
"
{
ec
{
"
Douala
"
}
}
"
Africa
:
El_Aaiun
"
{
ec
{
"
El
Aai
n
"
}
}
"
Africa
:
Freetown
"
{
ec
{
"
Freetown
"
}
}
"
Africa
:
Gaborone
"
{
ec
{
"
Gaborone
"
}
}
"
Africa
:
Harare
"
{
ec
{
"
Harare
"
}
}
"
Africa
:
Johannesburg
"
{
ec
{
"
Hannsaborgh
"
}
}
"
Africa
:
Juba
"
{
ec
{
"
Juba
"
}
}
"
Africa
:
Kampala
"
{
ec
{
"
Kampala
"
}
}
"
Africa
:
Khartoum
"
{
ec
{
"
Khartoum
"
}
}
"
Africa
:
Kigali
"
{
ec
{
"
Kigali
"
}
}
"
Africa
:
Kinshasa
"
{
ec
{
"
Kinshasa
"
}
}
"
Africa
:
Lagos
"
{
ec
{
"
Lagos
"
}
}
"
Africa
:
Libreville
"
{
ec
{
"
Libreville
"
}
}
"
Africa
:
Lome
"
{
ec
{
"
Lom
"
}
}
"
Africa
:
Luanda
"
{
ec
{
"
Luanda
"
}
}
"
Africa
:
Lubumbashi
"
{
ec
{
"
Lubumbashi
"
}
}
"
Africa
:
Lusaka
"
{
ec
{
"
Lusaka
"
}
}
"
Africa
:
Malabo
"
{
ec
{
"
Malabo
"
}
}
"
Africa
:
Maputo
"
{
ec
{
"
Maputo
"
}
}
"
Africa
:
Maseru
"
{
ec
{
"
Maseru
"
}
}
"
Africa
:
Mbabane
"
{
ec
{
"
Mbabane
"
}
}
"
Africa
:
Mogadishu
"
{
ec
{
"
Mogadishu
"
}
}
"
Africa
:
Monrovia
"
{
ec
{
"
Monrovia
"
}
}
"
Africa
:
Nairobi
"
{
ec
{
"
Nairobi
"
}
}
"
Africa
:
Ndjamena
"
{
ec
{
"
N
Djam
na
"
}
}
"
Africa
:
Niamey
"
{
ec
{
"
Niamey
"
}
}
"
Africa
:
Nouakchott
"
{
ec
{
"
Nouakchott
"
}
}
"
Africa
:
Ouagadougou
"
{
ec
{
"
Ouagadougou
"
}
}
"
Africa
:
Porto
-
Novo
"
{
ec
{
"
Porto
-
Novo
"
}
}
"
Africa
:
Sao_Tome
"
{
ec
{
"
S
o
Tom
"
}
}
"
Africa
:
Tripoli
"
{
ec
{
"
Tripoli
"
}
}
"
Africa
:
Tunis
"
{
ec
{
"
Tunis
"
}
}
"
Africa
:
Windhoek
"
{
ec
{
"
Windhoek
"
}
}
"
America
:
Adak
"
{
ec
{
"
Adak
"
}
}
"
America
:
Anchorage
"
{
ec
{
"
Anchorage
"
}
}
"
America
:
Anguilla
"
{
ec
{
"
Anguillia
"
}
}
"
America
:
Antigua
"
{
ec
{
"
Aint
oga
"
}
}
"
America
:
Araguaina
"
{
ec
{
"
Aragua
na
"
}
}
"
America
:
Argentina
:
La_Rioja
"
{
ec
{
"
La
Rioja
"
}
}
"
America
:
Argentina
:
Rio_Gallegos
"
{
ec
{
"
R
o
Gallegos
"
}
}
"
America
:
Argentina
:
Salta
"
{
ec
{
"
Salta
"
}
}
"
America
:
Argentina
:
San_Juan
"
{
ec
{
"
San
Juan
"
}
}
"
America
:
Argentina
:
San_Luis
"
{
ec
{
"
San
Luis
"
}
}
"
America
:
Argentina
:
Tucuman
"
{
ec
{
"
Tucum
n
"
}
}
"
America
:
Argentina
:
Ushuaia
"
{
ec
{
"
Ushuaia
"
}
}
"
America
:
Aruba
"
{
ec
{
"
Ar
ba
"
}
}
"
America
:
Asuncion
"
{
ec
{
"
Asunci
n
"
}
}
"
America
:
Bahia
"
{
ec
{
"
Bahia
"
}
}
"
America
:
Bahia_Banderas
"
{
ec
{
"
Bah
a
de
Banderas
"
}
}
"
America
:
Barbados
"
{
ec
{
"
Barbados
"
}
}
"
America
:
Belem
"
{
ec
{
"
Bel
m
"
}
}
"
America
:
Belize
"
{
ec
{
"
A
Bheil
s
"
}
}
"
America
:
Blanc
-
Sablon
"
{
ec
{
"
Blanc
-
Sablon
"
}
}
"
America
:
Boa_Vista
"
{
ec
{
"
Boa
Vista
"
}
}
"
America
:
Bogota
"
{
ec
{
"
Bogot
"
}
}
"
America
:
Boise
"
{
ec
{
"
Boise
"
}
}
"
America
:
Buenos_Aires
"
{
ec
{
"
Buenos
Aires
"
}
}
"
America
:
Cambridge_Bay
"
{
ec
{
"
Cambridge
Bay
"
}
}
"
America
:
Campo_Grande
"
{
ec
{
"
Campo
Grande
"
}
}
"
America
:
Cancun
"
{
ec
{
"
Canc
n
"
}
}
"
America
:
Caracas
"
{
ec
{
"
Caracas
"
}
}
"
America
:
Catamarca
"
{
ec
{
"
Catamarca
"
}
}
"
America
:
Cayenne
"
{
ec
{
"
Cayenne
"
}
}
"
America
:
Cayman
"
{
ec
{
"
Caimean
"
}
}
"
America
:
Chicago
"
{
ec
{
"
Chicago
"
}
}
"
America
:
Chihuahua
"
{
ec
{
"
Chihuahua
"
}
}
"
America
:
Coral_Harbour
"
{
ec
{
"
Atikokan
"
}
}
"
America
:
Cordoba
"
{
ec
{
"
C
rdoba
"
}
}
"
America
:
Costa_Rica
"
{
ec
{
"
Costa
R
cea
"
}
}
"
America
:
Creston
"
{
ec
{
"
Creston
"
}
}
"
America
:
Cuiaba
"
{
ec
{
"
Cuiab
"
}
}
"
America
:
Curacao
"
{
ec
{
"
Cura
ao
"
}
}
"
America
:
Danmarkshavn
"
{
ec
{
"
Danmarkshavn
"
}
}
"
America
:
Dawson
"
{
ec
{
"
Dawson
"
}
}
"
America
:
Dawson_Creek
"
{
ec
{
"
Dawson
Creek
"
}
}
"
America
:
Denver
"
{
ec
{
"
Denver
"
}
}
"
America
:
Detroit
"
{
ec
{
"
Detroit
"
}
}
"
America
:
Dominica
"
{
ec
{
"
Doiminicea
"
}
}
"
America
:
Edmonton
"
{
ec
{
"
Edmonton
"
}
}
"
America
:
Eirunepe
"
{
ec
{
"
Eirunep
"
}
}
"
America
:
El_Salvador
"
{
ec
{
"
An
Salbhador
"
}
}
"
America
:
Fort_Nelson
"
{
ec
{
"
Fort
Nelson
"
}
}
"
America
:
Fortaleza
"
{
ec
{
"
Fortaleza
"
}
}
"
America
:
Glace_Bay
"
{
ec
{
"
Glasbaidh
"
}
}
"
America
:
Godthab
"
{
ec
{
"
Nuuk
"
}
}
"
America
:
Goose_Bay
"
{
ec
{
"
Goose
Bay
"
}
}
"
America
:
Grand_Turk
"
{
ec
{
"
An
Turc
Mh
r
"
}
}
"
America
:
Grenada
"
{
ec
{
"
Grean
da
"
}
}
"
America
:
Guadeloupe
"
{
ec
{
"
Guadalup
"
}
}
"
America
:
Guatemala
"
{
ec
{
"
Guatamala
"
}
}
"
America
:
Guayaquil
"
{
ec
{
"
Guayaquil
"
}
}
"
America
:
Guyana
"
{
ec
{
"
Guidhe
na
"
}
}
"
America
:
Halifax
"
{
ec
{
"
Halifax
"
}
}
"
America
:
Havana
"
{
ec
{
"
Havana
"
}
}
"
America
:
Hermosillo
"
{
ec
{
"
Hermosillo
"
}
}
"
America
:
Indiana
:
Knox
"
{
ec
{
"
Knox
Indiana
"
}
}
"
America
:
Indiana
:
Marengo
"
{
ec
{
"
Marengo
Indiana
"
}
}
"
America
:
Indiana
:
Petersburg
"
{
ec
{
"
Petersburg
Indiana
"
}
}
"
America
:
Indiana
:
Tell_City
"
{
ec
{
"
Tell
City
Indiana
"
}
}
"
America
:
Indiana
:
Vevay
"
{
ec
{
"
Vevay
Indiana
"
}
}
"
America
:
Indiana
:
Vincennes
"
{
ec
{
"
Vincennes
Indiana
"
}
}
"
America
:
Indiana
:
Winamac
"
{
ec
{
"
Winamac
Indiana
"
}
}
"
America
:
Indianapolis
"
{
ec
{
"
Indianapolis
"
}
}
"
America
:
Inuvik
"
{
ec
{
"
Inuuvik
"
}
}
"
America
:
Iqaluit
"
{
ec
{
"
Iqaluit
"
}
}
"
America
:
Jamaica
"
{
ec
{
"
Diameuga
"
}
}
"
America
:
Jujuy
"
{
ec
{
"
Jujuy
"
}
}
"
America
:
Juneau
"
{
ec
{
"
Juneau
"
}
}
"
America
:
Kentucky
:
Monticello
"
{
ec
{
"
Monticello
Kentucky
"
}
}
"
America
:
Kralendijk
"
{
ec
{
"
Kralendijk
"
}
}
"
America
:
La_Paz
"
{
ec
{
"
La
Paz
"
}
}
"
America
:
Lima
"
{
ec
{
"
Lima
"
}
}
"
America
:
Los_Angeles
"
{
ec
{
"
Los
Angeles
"
}
}
"
America
:
Louisville
"
{
ec
{
"
Louisville
"
}
}
"
America
:
Lower_Princes
"
{
ec
{
"
Lower
Prince
s
Quarter
"
}
}
"
America
:
Maceio
"
{
ec
{
"
Macei
"
}
}
"
America
:
Managua
"
{
ec
{
"
Managua
"
}
}
"
America
:
Manaus
"
{
ec
{
"
Manaus
"
}
}
"
America
:
Marigot
"
{
ec
{
"
Marigot
"
}
}
"
America
:
Martinique
"
{
ec
{
"
Mairtinic
"
}
}
"
America
:
Matamoros
"
{
ec
{
"
Matamoros
"
}
}
"
America
:
Mazatlan
"
{
ec
{
"
Mazatl
n
"
}
}
"
America
:
Mendoza
"
{
ec
{
"
Mendoza
"
}
}
"
America
:
Menominee
"
{
ec
{
"
Menominee
"
}
}
"
America
:
Merida
"
{
ec
{
"
M
rida
"
}
}
"
America
:
Metlakatla
"
{
ec
{
"
Metlakatla
"
}
}
"
America
:
Mexico_City
"
{
ec
{
"
Cathair
Mheagsago
"
}
}
"
America
:
Miquelon
"
{
ec
{
"
Miquelon
"
}
}
"
America
:
Moncton
"
{
ec
{
"
Moncton
"
}
}
"
America
:
Monterrey
"
{
ec
{
"
Monterrey
"
}
}
"
America
:
Montevideo
"
{
ec
{
"
Montevideo
"
}
}
"
America
:
Montserrat
"
{
ec
{
"
Montsarat
"
}
}
"
America
:
Nassau
"
{
ec
{
"
Nassau
"
}
}
"
America
:
New_York
"
{
ec
{
"
Nuadh
Eabhrac
"
}
}
"
America
:
Nipigon
"
{
ec
{
"
Nipigon
"
}
}
"
America
:
Nome
"
{
ec
{
"
Nome
"
}
}
"
America
:
Noronha
"
{
ec
{
"
Noronha
"
}
}
"
America
:
North_Dakota
:
Beulah
"
{
ec
{
"
Beulah
North
Dakota
"
}
}
"
America
:
North_Dakota
:
Center
"
{
ec
{
"
Center
North
Dakota
"
}
}
"
America
:
North_Dakota
:
New_Salem
"
{
ec
{
"
New
Salem
North
Dakota
"
}
}
"
America
:
Ojinaga
"
{
ec
{
"
Ojinaga
"
}
}
"
America
:
Panama
"
{
ec
{
"
Panama
"
}
}
"
America
:
Pangnirtung
"
{
ec
{
"
Pangniqtuuq
"
}
}
"
America
:
Paramaribo
"
{
ec
{
"
Paramaribo
"
}
}
"
America
:
Phoenix
"
{
ec
{
"
Phoenix
"
}
}
"
America
:
Port
-
au
-
Prince
"
{
ec
{
"
Port
-
au
-
Prince
"
}
}
"
America
:
Port_of_Spain
"
{
ec
{
"
Port
na
Sp
inne
"
}
}
"
America
:
Porto_Velho
"
{
ec
{
"
Porto
Velho
"
}
}
"
America
:
Puerto_Rico
"
{
ec
{
"
Porto
R
ceo
"
}
}
"
America
:
Punta_Arenas
"
{
ec
{
"
Punta
Arenas
"
}
}
"
America
:
Rainy_River
"
{
ec
{
"
Rainy
River
"
}
}
"
America
:
Rankin_Inlet
"
{
ec
{
"
Kangiqliniq
"
}
}
"
America
:
Recife
"
{
ec
{
"
Recife
"
}
}
"
America
:
Regina
"
{
ec
{
"
Regina
"
}
}
"
America
:
Resolute
"
{
ec
{
"
Qausuittuq
"
}
}
"
America
:
Rio_Branco
"
{
ec
{
"
Rio
Branco
"
}
}
"
America
:
Santa_Isabel
"
{
ec
{
"
Santa
Isabel
"
}
}
"
America
:
Santarem
"
{
ec
{
"
Santar
m
"
}
}
"
America
:
Santiago
"
{
ec
{
"
Santiago
"
}
}
"
America
:
Santo_Domingo
"
{
ec
{
"
Santo
Domingo
"
}
}
"
America
:
Sao_Paulo
"
{
ec
{
"
S
o
Paulo
"
}
}
"
America
:
Scoresbysund
"
{
ec
{
"
Ittoqqortoormiit
"
}
}
"
America
:
Sitka
"
{
ec
{
"
Sitka
"
}
}
"
America
:
St_Barthelemy
"
{
ec
{
"
Saint
Barth
lemy
"
}
}
"
America
:
St_Johns
"
{
ec
{
"
St
.
John
s
"
}
}
"
America
:
St_Kitts
"
{
ec
{
"
Naomh
Cr
stean
"
}
}
"
America
:
St_Lucia
"
{
ec
{
"
Naomh
L
isea
"
}
}
"
America
:
St_Thomas
"
{
ec
{
"
St
.
Thomas
"
}
}
"
America
:
St_Vincent
"
{
ec
{
"
Naomh
Bhionsant
"
}
}
"
America
:
Swift_Current
"
{
ec
{
"
Swift
Current
"
}
}
"
America
:
Tegucigalpa
"
{
ec
{
"
Tegucigalpa
"
}
}
"
America
:
Thule
"
{
ec
{
"
Qaanaaq
"
}
}
"
America
:
Thunder_Bay
"
{
ec
{
"
Thunder
Bay
"
}
}
"
America
:
Tijuana
"
{
ec
{
"
Tijuana
"
}
}
"
America
:
Toronto
"
{
ec
{
"
Toronto
"
}
}
"
America
:
Tortola
"
{
ec
{
"
Tortola
"
}
}
"
America
:
Vancouver
"
{
ec
{
"
Vancouver
"
}
}
"
America
:
Whitehorse
"
{
ec
{
"
Whitehorse
"
}
}
"
America
:
Winnipeg
"
{
ec
{
"
Winnipeg
"
}
}
"
America
:
Yakutat
"
{
ec
{
"
Yakutat
"
}
}
"
America
:
Yellowknife
"
{
ec
{
"
Yellowknife
"
}
}
"
Antarctica
:
Casey
"
{
ec
{
"
Casey
"
}
}
"
Antarctica
:
Davis
"
{
ec
{
"
Davis
"
}
}
"
Antarctica
:
DumontDUrville
"
{
ec
{
"
Dumont
d
Urville
"
}
}
"
Antarctica
:
Macquarie
"
{
ec
{
"
Eilean
MhicGuaire
"
}
}
"
Antarctica
:
Mawson
"
{
ec
{
"
Mawson
"
}
}
"
Antarctica
:
McMurdo
"
{
ec
{
"
McMurdo
"
}
}
"
Antarctica
:
Palmer
"
{
ec
{
"
Palmer
"
}
}
"
Antarctica
:
Rothera
"
{
ec
{
"
Rothera
"
}
}
"
Antarctica
:
Syowa
"
{
ec
{
"
Syowa
"
}
}
"
Antarctica
:
Troll
"
{
ec
{
"
Troll
"
}
}
"
Antarctica
:
Vostok
"
{
ec
{
"
Vostok
"
}
}
"
Arctic
:
Longyearbyen
"
{
ec
{
"
Longyearbyen
"
}
}
"
Asia
:
Aden
"
{
ec
{
"
Aden
"
}
}
"
Asia
:
Almaty
"
{
ec
{
"
Almaty
"
}
}
"
Asia
:
Amman
"
{
ec
{
"
Amm
n
"
}
}
"
Asia
:
Anadyr
"
{
ec
{
"
Anadyr
"
}
}
"
Asia
:
Aqtau
"
{
ec
{
"
Aqtau
"
}
}
"
Asia
:
Aqtobe
"
{
ec
{
"
Aqt
be
"
}
}
"
Asia
:
Ashgabat
"
{
ec
{
"
A
gabat
"
}
}
"
Asia
:
Atyrau
"
{
ec
{
"
Atyrau
"
}
}
"
Asia
:
Baghdad
"
{
ec
{
"
Baghd
d
"
}
}
"
Asia
:
Bahrain
"
{
ec
{
"
Bachrain
"
}
}
"
Asia
:
Baku
"
{
ec
{
"
Baku
"
}
}
"
Asia
:
Bangkok
"
{
ec
{
"
Bangkok
"
}
}
"
Asia
:
Barnaul
"
{
ec
{
"
Barnaul
"
}
}
"
Asia
:
Beirut
"
{
ec
{
"
Beirut
"
}
}
"
Asia
:
Bishkek
"
{
ec
{
"
Bishkek
"
}
}
"
Asia
:
Brunei
"
{
ec
{
"
Br
naigh
"
}
}
"
Asia
:
Calcutta
"
{
ec
{
"
Kolkata
"
}
}
"
Asia
:
Chita
"
{
ec
{
"
Chita
"
}
}
"
Asia
:
Choibalsan
"
{
ec
{
"
Choibalsan
"
}
}
"
Asia
:
Colombo
"
{
ec
{
"
Colombo
"
}
}
"
Asia
:
Damascus
"
{
ec
{
"
Damascus
"
}
}
"
Asia
:
Dhaka
"
{
ec
{
"
Dhaka
"
}
}
"
Asia
:
Dili
"
{
ec
{
"
Dili
"
}
}
"
Asia
:
Dubai
"
{
ec
{
"
Dubai
"
}
}
"
Asia
:
Dushanbe
"
{
ec
{
"
Dushanbe
"
}
}
"
Asia
:
Famagusta
"
{
ec
{
"
Famagusta
"
}
}
"
Asia
:
Gaza
"
{
ec
{
"
G
sa
"
}
}
"
Asia
:
Hebron
"
{
ec
{
"
Hebron
"
}
}
"
Asia
:
Hong_Kong
"
{
ec
{
"
Hong
Kong
"
}
}
"
Asia
:
Hovd
"
{
ec
{
"
Khovd
"
}
}
"
Asia
:
Irkutsk
"
{
ec
{
"
Irkutsk
"
}
}
"
Asia
:
Jakarta
"
{
ec
{
"
Jakarta
"
}
}
"
Asia
:
Jayapura
"
{
ec
{
"
Jayapura
"
}
}
"
Asia
:
Jerusalem
"
{
ec
{
"
Ierusalam
"
}
}
"
Asia
:
Kabul
"
{
ec
{
"
Kabul
"
}
}
"
Asia
:
Kamchatka
"
{
ec
{
"
Kamchatka
"
}
}
"
Asia
:
Karachi
"
{
ec
{
"
Kar
c
"
}
}
"
Asia
:
Katmandu
"
{
ec
{
"
Kathmandu
"
}
}
"
Asia
:
Khandyga
"
{
ec
{
"
Khandyga
"
}
}
"
Asia
:
Krasnoyarsk
"
{
ec
{
"
Krasnoyarsk
"
}
}
"
Asia
:
Kuala_Lumpur
"
{
ec
{
"
Kuala
Lumpur
"
}
}
"
Asia
:
Kuching
"
{
ec
{
"
Kuching
"
}
}
"
Asia
:
Kuwait
"
{
ec
{
"
Cuibh
it
"
}
}
"
Asia
:
Macau
"
{
ec
{
"
Mac
thu
"
}
}
"
Asia
:
Magadan
"
{
ec
{
"
Magadan
"
}
}
"
Asia
:
Makassar
"
{
ec
{
"
Makassar
"
}
}
"
Asia
:
Manila
"
{
ec
{
"
Manila
"
}
}
"
Asia
:
Muscat
"
{
ec
{
"
Muscat
"
}
}
"
Asia
:
Nicosia
"
{
ec
{
"
Nicosia
"
}
}
"
Asia
:
Novokuznetsk
"
{
ec
{
"
Novokuznetsk
"
}
}
"
Asia
:
Novosibirsk
"
{
ec
{
"
Novosibirsk
"
}
}
"
Asia
:
Omsk
"
{
ec
{
"
Omsk
"
}
}
"
Asia
:
Oral
"
{
ec
{
"
Oral
"
}
}
"
Asia
:
Phnom_Penh
"
{
ec
{
"
Phnom
Penh
"
}
}
"
Asia
:
Pontianak
"
{
ec
{
"
Pontianak
"
}
}
"
Asia
:
Pyongyang
"
{
ec
{
"
Pyeongyang
"
}
}
"
Asia
:
Qatar
"
{
ec
{
"
Catar
"
}
}
"
Asia
:
Qostanay
"
{
ec
{
"
Qostana
"
}
}
"
Asia
:
Qyzylorda
"
{
ec
{
"
Q
z
lorda
"
}
}
"
Asia
:
Rangoon
"
{
ec
{
"
Rangun
"
}
}
"
Asia
:
Riyadh
"
{
ec
{
"
Riyadh
"
}
}
"
Asia
:
Saigon
"
{
ec
{
"
Cathair
Ho
Chi
Minh
"
}
}
"
Asia
:
Sakhalin
"
{
ec
{
"
Sakhalin
"
}
}
"
Asia
:
Samarkand
"
{
ec
{
"
Samarkand
"
}
}
"
Asia
:
Seoul
"
{
ec
{
"
Seoul
"
}
}
"
Asia
:
Shanghai
"
{
ec
{
"
Shanghai
"
}
}
"
Asia
:
Singapore
"
{
ec
{
"
Singeap
r
"
}
}
"
Asia
:
Srednekolymsk
"
{
ec
{
"
Srednekolymsk
"
}
}
"
Asia
:
Taipei
"
{
ec
{
"
Taipei
"
}
}
"
Asia
:
Tashkent
"
{
ec
{
"
Tashkent
"
}
}
"
Asia
:
Tbilisi
"
{
ec
{
"
Tbilisi
"
}
}
"
Asia
:
Tehran
"
{
ec
{
"
Tehr
n
"
}
}
"
Asia
:
Thimphu
"
{
ec
{
"
Thimphu
"
}
}
"
Asia
:
Tokyo
"
{
ec
{
"
T
ky
"
}
}
"
Asia
:
Tomsk
"
{
ec
{
"
Tomsk
"
}
}
"
Asia
:
Ulaanbaatar
"
{
ec
{
"
Ulaanbaatar
"
}
}
"
Asia
:
Urumqi
"
{
ec
{
"
r
mqi
"
}
}
"
Asia
:
Ust
-
Nera
"
{
ec
{
"
Ust
-
Nera
"
}
}
"
Asia
:
Vientiane
"
{
ec
{
"
Viang
Chan
"
}
}
"
Asia
:
Vladivostok
"
{
ec
{
"
Vladivostok
"
}
}
"
Asia
:
Yakutsk
"
{
ec
{
"
Yakutsk
"
}
}
"
Asia
:
Yekaterinburg
"
{
ec
{
"
Yekaterinburg
"
}
}
"
Asia
:
Yerevan
"
{
ec
{
"
Yerevan
"
}
}
"
Atlantic
:
Azores
"
{
ec
{
"
Ponta
Delgada
"
}
}
"
Atlantic
:
Bermuda
"
{
ec
{
"
Bearm
da
"
}
}
"
Atlantic
:
Canary
"
{
ec
{
"
Na
h
-
Eileanan
Can
rach
"
}
}
"
Atlantic
:
Cape_Verde
"
{
ec
{
"
An
Ceap
Uaine
"
}
}
"
Atlantic
:
Faeroe
"
{
ec
{
"
F
ro
"
}
}
"
Atlantic
:
Madeira
"
{
ec
{
"
Madeira
"
}
}
"
Atlantic
:
Reykjavik
"
{
ec
{
"
Reykjav
k
"
}
}
"
Atlantic
:
South_Georgia
"
{
ec
{
"
Se
rsea
a
Deas
"
}
}
"
Atlantic
:
St_Helena
"
{
ec
{
"
Eilean
Naomh
Eilidh
"
}
}
"
Atlantic
:
Stanley
"
{
ec
{
"
Stanley
"
}
}
"
Australia
:
Adelaide
"
{
ec
{
"
Adelaide
"
}
}
"
Australia
:
Brisbane
"
{
ec
{
"
Brisbane
"
}
}
"
Australia
:
Broken_Hill
"
{
ec
{
"
Broken
Hill
"
}
}
"
Australia
:
Currie
"
{
ec
{
"
Currie
"
}
}
"
Australia
:
Darwin
"
{
ec
{
"
Darwin
"
}
}
"
Australia
:
Eucla
"
{
ec
{
"
Eucla
"
}
}
"
Australia
:
Hobart
"
{
ec
{
"
Hobart
"
}
}
"
Australia
:
Lindeman
"
{
ec
{
"
Lindeman
"
}
}
"
Australia
:
Lord_Howe
"
{
ec
{
"
Lord
Howe
"
}
}
"
Australia
:
Melbourne
"
{
ec
{
"
Melbourne
"
}
}
"
Australia
:
Perth
"
{
ec
{
"
Perth
"
}
}
"
Australia
:
Sydney
"
{
ec
{
"
Sidni
"
}
}
"
Etc
:
UTC
"
{
ls
{
"
m
Uile
-
choitcheann
Co
-
rdanaichte
"
}
ss
{
"
UTC
"
}
}
"
Etc
:
Unknown
"
{
ec
{
"
Baile
neo
-
aithnichte
"
}
}
"
Europe
:
Amsterdam
"
{
ec
{
"
Amsterdam
"
}
}
"
Europe
:
Andorra
"
{
ec
{
"
Andorra
"
}
}
"
Europe
:
Astrakhan
"
{
ec
{
"
Astrakhan
"
}
}
"
Europe
:
Athens
"
{
ec
{
"
An
ithne
"
}
}
"
Europe
:
Belgrade
"
{
ec
{
"
Belgrade
"
}
}
"
Europe
:
Berlin
"
{
ec
{
"
Berlin
"
}
}
"
Europe
:
Bratislava
"
{
ec
{
"
Bratislava
"
}
}
"
Europe
:
Brussels
"
{
ec
{
"
A
Bhruiseal
"
}
}
"
Europe
:
Bucharest
"
{
ec
{
"
Bucharest
"
}
}
"
Europe
:
Budapest
"
{
ec
{
"
Budapest
"
}
}
"
Europe
:
Busingen
"
{
ec
{
"
Busingen
"
}
}
"
Europe
:
Chisinau
"
{
ec
{
"
Chi
in
u
"
}
}
"
Europe
:
Copenhagen
"
{
ec
{
"
Beirbh
"
}
}
"
Europe
:
Dublin
"
{
ec
{
"
Baile
tha
Cliath
"
}
ld
{
"
Bun
-
m
na
h
-
ireann
"
}
sd
{
"
TS
(
irinn
)
"
}
}
"
Europe
:
Gibraltar
"
{
ec
{
"
Diobraltar
"
}
}
"
Europe
:
Guernsey
"
{
ec
{
"
Ge
rnsaidh
"
}
}
"
Europe
:
Helsinki
"
{
ec
{
"
Helsinki
"
}
}
"
Europe
:
Isle_of_Man
"
{
ec
{
"
Eilean
Mhanainn
"
}
}
"
Europe
:
Istanbul
"
{
ec
{
"
Istanbul
"
}
}
"
Europe
:
Jersey
"
{
ec
{
"
De
rsaidh
"
}
}
"
Europe
:
Kaliningrad
"
{
ec
{
"
Kaliningrad
"
}
}
"
Europe
:
Kiev
"
{
ec
{
"
Kiev
"
}
}
"
Europe
:
Kirov
"
{
ec
{
"
Kirov
"
}
}
"
Europe
:
Lisbon
"
{
ec
{
"
Lisbon
"
}
}
"
Europe
:
Ljubljana
"
{
ec
{
"
Ljubljana
"
}
}
"
Europe
:
London
"
{
ec
{
"
D
n
ideann
/
Lunnainn
"
}
ld
{
"
T
de
samhraidh
Bhreatainn
"
}
sd
{
"
TSB
"
}
}
"
Europe
:
Luxembourg
"
{
ec
{
"
Lugsamburg
"
}
}
"
Europe
:
Madrid
"
{
ec
{
"
Madrid
"
}
}
"
Europe
:
Malta
"
{
ec
{
"
Malta
"
}
}
"
Europe
:
Mariehamn
"
{
ec
{
"
Mariehamn
"
}
}
"
Europe
:
Minsk
"
{
ec
{
"
Minsk
"
}
}
"
Europe
:
Monaco
"
{
ec
{
"
Monaco
"
}
}
"
Europe
:
Moscow
"
{
ec
{
"
Mosgo
"
}
}
"
Europe
:
Oslo
"
{
ec
{
"
Oslo
"
}
}
"
Europe
:
Paris
"
{
ec
{
"
Paras
"
}
}
"
Europe
:
Podgorica
"
{
ec
{
"
Podgorica
"
}
}
"
Europe
:
Prague
"
{
ec
{
"
Pr
g
"
}
}
"
Europe
:
Riga
"
{
ec
{
"
R
ga
"
}
}
"
Europe
:
Rome
"
{
ec
{
"
An
R
imh
"
}
}
"
Europe
:
Samara
"
{
ec
{
"
Samara
"
}
}
"
Europe
:
San_Marino
"
{
ec
{
"
San
Marino
"
}
}
"
Europe
:
Sarajevo
"
{
ec
{
"
Sarajevo
"
}
}
"
Europe
:
Saratov
"
{
ec
{
"
Saratov
"
}
}
"
Europe
:
Simferopol
"
{
ec
{
"
Simferopol
"
}
}
"
Europe
:
Skopje
"
{
ec
{
"
Skopje
"
}
}
"
Europe
:
Sofia
"
{
ec
{
"
Sofiya
"
}
}
"
Europe
:
Stockholm
"
{
ec
{
"
Stockholm
"
}
}
"
Europe
:
Tallinn
"
{
ec
{
"
Tallinn
"
}
}
"
Europe
:
Tirane
"
{
ec
{
"
Tiran
"
}
}
"
Europe
:
Ulyanovsk
"
{
ec
{
"
Ulyanovsk
"
}
}
"
Europe
:
Uzhgorod
"
{
ec
{
"
Uzhgorod
"
}
}
"
Europe
:
Vaduz
"
{
ec
{
"
Vaduz
"
}
}
"
Europe
:
Vatican
"
{
ec
{
"
A
Bhatacan
"
}
}
"
Europe
:
Vienna
"
{
ec
{
"
Vienna
"
}
}
"
Europe
:
Vilnius
"
{
ec
{
"
Vilnius
"
}
}
"
Europe
:
Volgograd
"
{
ec
{
"
Volgograd
"
}
}
"
Europe
:
Warsaw
"
{
ec
{
"
Warsaw
"
}
}
"
Europe
:
Zagreb
"
{
ec
{
"
Zagreb
"
}
}
"
Europe
:
Zaporozhye
"
{
ec
{
"
Zaporozhye
"
}
}
"
Europe
:
Zurich
"
{
ec
{
"
Z
rich
"
}
}
"
Indian
:
Antananarivo
"
{
ec
{
"
Antananarivo
"
}
}
"
Indian
:
Chagos
"
{
ec
{
"
Chagos
"
}
}
"
Indian
:
Christmas
"
{
ec
{
"
Nollaig
"
}
}
"
Indian
:
Cocos
"
{
ec
{
"
Cocos
"
}
}
"
Indian
:
Comoro
"
{
ec
{
"
Comoro
"
}
}
"
Indian
:
Kerguelen
"
{
ec
{
"
Kergelenn
"
}
}
"
Indian
:
Mahe
"
{
ec
{
"
Mah
"
}
}
"
Indian
:
Maldives
"
{
ec
{
"
Na
h
-
Eileanan
Mhaladaibh
"
}
}
"
Indian
:
Mauritius
"
{
ec
{
"
Na
h
-
Eileanan
Mhoiriseas
"
}
}
"
Indian
:
Mayotte
"
{
ec
{
"
Mayotte
"
}
}
"
Indian
:
Reunion
"
{
ec
{
"
R
union
"
}
}
"
Pacific
:
Apia
"
{
ec
{
"
Apia
"
}
}
"
Pacific
:
Auckland
"
{
ec
{
"
Auckland
"
}
}
"
Pacific
:
Bougainville
"
{
ec
{
"
Bougainville
"
}
}
"
Pacific
:
Chatham
"
{
ec
{
"
Chatham
"
}
}
"
Pacific
:
Easter
"
{
ec
{
"
Rapa
Nui
"
}
}
"
Pacific
:
Efate
"
{
ec
{
"
Efate
"
}
}
"
Pacific
:
Enderbury
"
{
ec
{
"
Enderbury
"
}
}
"
Pacific
:
Fakaofo
"
{
ec
{
"
Fakaofo
"
}
}
"
Pacific
:
Fiji
"
{
ec
{
"
F
di
"
}
}
"
Pacific
:
Funafuti
"
{
ec
{
"
Funafuti
"
}
}
"
Pacific
:
Galapagos
"
{
ec
{
"
Gal
pagos
"
}
}
"
Pacific
:
Gambier
"
{
ec
{
"
Mangareva
"
}
}
"
Pacific
:
Guadalcanal
"
{
ec
{
"
Guadalcanal
"
}
}
"
Pacific
:
Guam
"
{
ec
{
"
Guam
"
}
}
"
Pacific
:
Honolulu
"
{
ec
{
"
Honolulu
"
}
sd
{
"
HDT
"
}
sg
{
"
HST
"
}
ss
{
"
HST
"
}
}
"
Pacific
:
Johnston
"
{
ec
{
"
Johnston
"
}
}
"
Pacific
:
Kiritimati
"
{
ec
{
"
Kiritimati
"
}
}
"
Pacific
:
Kosrae
"
{
ec
{
"
Kosrae
"
}
}
"
Pacific
:
Kwajalein
"
{
ec
{
"
Kwajalein
"
}
}
"
Pacific
:
Majuro
"
{
ec
{
"
Majuro
"
}
}
"
Pacific
:
Marquesas
"
{
ec
{
"
Eileanan
a
Mharcais
"
}
}
"
Pacific
:
Midway
"
{
ec
{
"
Midway
"
}
}
"
Pacific
:
Nauru
"
{
ec
{
"
Nabhru
"
}
}
"
Pacific
:
Niue
"
{
ec
{
"
Niue
"
}
}
"
Pacific
:
Norfolk
"
{
ec
{
"
Norfolk
"
}
}
"
Pacific
:
Noumea
"
{
ec
{
"
Noumea
"
}
}
"
Pacific
:
Pago_Pago
"
{
ec
{
"
Pago
Pago
"
}
}
"
Pacific
:
Palau
"
{
ec
{
"
Palabh
"
}
}
"
Pacific
:
Pitcairn
"
{
ec
{
"
Peit
a
Ch
irn
"
}
}
"
Pacific
:
Ponape
"
{
ec
{
"
Pohnpei
"
}
}
"
Pacific
:
Port_Moresby
"
{
ec
{
"
Port
Moresby
"
}
}
"
Pacific
:
Rarotonga
"
{
ec
{
"
Rarotonga
"
}
}
"
Pacific
:
Saipan
"
{
ec
{
"
Saipan
"
}
}
"
Pacific
:
Tahiti
"
{
ec
{
"
Tahiti
"
}
}
"
Pacific
:
Tarawa
"
{
ec
{
"
Tarawa
"
}
}
"
Pacific
:
Tongatapu
"
{
ec
{
"
Tongatapu
"
}
}
"
Pacific
:
Truk
"
{
ec
{
"
Chuuk
"
}
}
"
Pacific
:
Wake
"
{
ec
{
"
Wake
"
}
}
"
Pacific
:
Wallis
"
{
ec
{
"
Uallas
"
}
}
"
meta
:
Acre
"
{
ld
{
"
T
de
samhraidh
Acre
"
}
lg
{
"
m
Acre
"
}
ls
{
"
Bun
-
m
Acre
"
}
}
"
meta
:
Afghanistan
"
{
ls
{
"
m
Afghanast
in
"
}
}
"
meta
:
Africa_Central
"
{
ls
{
"
m
Meadhan
Afraga
"
}
}
"
meta
:
Africa_Eastern
"
{
ls
{
"
m
Afraga
an
Ear
"
}
}
"
meta
:
Africa_Southern
"
{
ls
{
"
m
Afraga
a
Deas
"
}
}
"
meta
:
Africa_Western
"
{
ld
{
"
T
de
Samhraidh
Afraga
an
Iar
"
}
lg
{
"
m
Afraga
an
Iar
"
}
ls
{
"
Bun
-
m
Afraga
an
Iar
"
}
}
"
meta
:
Alaska
"
{
ld
{
"
T
de
samhraidh
Alaska
"
}
lg
{
"
m
Alaska
"
}
ls
{
"
Bun
-
m
Alaska
"
}
sd
{
"
AKDT
"
}
sg
{
"
AKT
"
}
ss
{
"
AKST
"
}
}
"
meta
:
Almaty
"
{
ld
{
"
T
de
samhraidh
Almaty
"
}
lg
{
"
m
Almaty
"
}
ls
{
"
Bun
-
m
Almaty
"
}
}
"
meta
:
Amazon
"
{
ld
{
"
T
de
samhraidh
Amasoin
"
}
lg
{
"
m
Amasoin
"
}
ls
{
"
Bun
-
m
Amasoin
"
}
}
"
meta
:
America_Central
"
{
ld
{
"
T
de
samhraidh
Meadhan
Aimeireaga
a
Tuath
"
}
lg
{
"
m
Meadhan
Aimeireaga
a
Tuath
"
}
ls
{
"
Bun
-
m
Meadhan
Aimeireaga
a
Tuath
"
}
sd
{
"
CDT
"
}
sg
{
"
CT
"
}
ss
{
"
CST
"
}
}
"
meta
:
America_Eastern
"
{
ld
{
"
T
de
samhraidh
Aimeireaga
a
Tuath
an
Ear
"
}
lg
{
"
m
Aimeireaga
a
Tuath
an
Ear
"
}
ls
{
"
Bun
-
m
Aimeireaga
a
Tuath
an
Ear
"
}
sd
{
"
EDT
"
}
sg
{
"
ET
"
}
ss
{
"
EST
"
}
}
"
meta
:
America_Mountain
"
{
ld
{
"
T
de
samhraidh
Monadh
Aimeireaga
a
Tuath
"
}
lg
{
"
m
Monadh
Aimeireaga
a
Tuath
"
}
ls
{
"
Bun
-
m
Monadh
Aimeireaga
a
Tuath
"
}
sd
{
"
MDT
"
}
sg
{
"
MT
"
}
ss
{
"
MST
"
}
}
"
meta
:
America_Pacific
"
{
ld
{
"
T
de
samhraidh
a
Chuain
S
imh
"
}
lg
{
"
m
a
Chuain
S
imh
"
}
ls
{
"
Bun
-
m
a
Chuain
S
imh
"
}
sd
{
"
PDT
"
}
sg
{
"
PT
"
}
ss
{
"
PST
"
}
}
"
meta
:
Anadyr
"
{
ld
{
"
T
de
samhraidh
Anadyr
"
}
lg
{
"
m
Anadyr
"
}
ls
{
"
Bun
-
m
Anadyr
"
}
}
"
meta
:
Apia
"
{
ld
{
"
T
de
samhraidh
Apia
"
}
lg
{
"
m
Apia
"
}
ls
{
"
Bun
-
m
Apia
"
}
}
"
meta
:
Aqtau
"
{
ld
{
"
T
de
samhraidh
Aqtau
"
}
lg
{
"
m
Aqtau
"
}
ls
{
"
Bun
-
m
Aqtau
"
}
}
"
meta
:
Aqtobe
"
{
ld
{
"
T
de
samhraidh
Aqtobe
"
}
lg
{
"
m
Aqtobe
"
}
ls
{
"
Bun
-
m
Aqtobe
"
}
}
"
meta
:
Arabian
"
{
ld
{
"
T
de
samhraidh
Arabach
"
}
lg
{
"
m
Arabach
"
}
ls
{
"
Bun
-
m
Arabach
"
}
}
"
meta
:
Argentina
"
{
ld
{
"
T
de
samhraidh
na
h
-
Argantaine
"
}
lg
{
"
m
na
h
-
Argantaine
"
}
ls
{
"
Bun
-
m
na
h
-
Argantaine
"
}
}
"
meta
:
Argentina_Western
"
{
ld
{
"
T
de
samhraidh
na
h
-
Argantaine
Siaraich
"
}
lg
{
"
m
na
h
-
Argantaine
Siaraich
"
}
ls
{
"
Bun
-
m
na
h
-
Argantaine
Siaraich
"
}
}
"
meta
:
Armenia
"
{
ld
{
"
T
de
samhraidh
Airmeinia
"
}
lg
{
"
m
Airmeinia
"
}
ls
{
"
Bun
-
m
Airmeinia
"
}
}
"
meta
:
Atlantic
"
{
ld
{
"
T
de
samhraidh
a
Chuain
Siar
"
}
lg
{
"
m
a
Chuain
Siar
"
}
ls
{
"
Bun
-
m
a
Chuain
Siar
"
}
sd
{
"
ADT
"
}
sg
{
"
AT
"
}
ss
{
"
AST
"
}
}
"
meta
:
Australia_Central
"
{
ld
{
"
T
de
samhraidh
Meadhan
Astr
ilia
"
}
lg
{
"
m
Meadhan
Astr
ilia
"
}
ls
{
"
Bun
-
m
Meadhan
Astr
ilia
"
}
}
"
meta
:
Australia_CentralWestern
"
{
ld
{
"
T
de
samhraidh
Meadhan
Astr
ilia
an
Iar
"
}
lg
{
"
m
Meadhan
Astr
ilia
an
Iar
"
}
ls
{
"
Bun
-
m
Meadhan
Astr
ilia
an
Iar
"
}
}
"
meta
:
Australia_Eastern
"
{
ld
{
"
T
de
samhraidh
Astr
ilia
an
Ear
"
}
lg
{
"
m
Astr
ilia
an
Ear
"
}
ls
{
"
Bun
-
m
Astr
ilia
an
Ear
"
}
}
"
meta
:
Australia_Western
"
{
ld
{
"
T
de
samhraidh
Astr
ilia
an
Iar
"
}
lg
{
"
m
Astr
ilia
an
Iar
"
}
ls
{
"
Bun
-
m
Astr
ilia
an
Iar
"
}
}
"
meta
:
Azerbaijan
"
{
ld
{
"
T
de
samhraidh
Asarbaide
in
"
}
lg
{
"
m
Asarbaide
in
"
}
ls
{
"
Bun
-
m
Asarbaide
in
"
}
}
"
meta
:
Azores
"
{
ld
{
"
T
de
samhraidh
nan
Eileanan
Asorach
"
}
lg
{
"
m
nan
Eileanan
Asorach
"
}
ls
{
"
Bun
-
m
nan
Eileanan
Asorach
"
}
}
"
meta
:
Bangladesh
"
{
ld
{
"
T
de
samhraidh
Bangladais
"
}
lg
{
"
m
Bangladais
"
}
ls
{
"
Bun
-
m
Bangladais
"
}
}
"
meta
:
Bhutan
"
{
ls
{
"
m
But
in
"
}
}
"
meta
:
Bolivia
"
{
ls
{
"
m
Boilibhia
"
}
}
"
meta
:
Brasilia
"
{
ld
{
"
T
de
samhraidh
Bhrasilia
"
}
lg
{
"
m
Bhrasilia
"
}
ls
{
"
Bun
-
m
Bhrasilia
"
}
}
"
meta
:
Brunei
"
{
ls
{
"
m
Bhr
naigh
D
r
as
-
Sal
m
"
}
}
"
meta
:
Cape_Verde
"
{
ld
{
"
T
de
samhraidh
a
Chip
Uaine
"
}
lg
{
"
m
a
Chip
Uaine
"
}
ls
{
"
Bun
-
m
a
Chip
Uaine
"
}
}
"
meta
:
Casey
"
{
ls
{
"
m
Chasey
"
}
}
"
meta
:
Chamorro
"
{
ls
{
"
m
Chamorro
"
}
}
"
meta
:
Chatham
"
{
ld
{
"
T
de
samhraidh
Chatham
"
}
lg
{
"
m
Chatham
"
}
ls
{
"
Bun
-
m
Chatham
"
}
}
"
meta
:
Chile
"
{
ld
{
"
T
de
samhraidh
na
Sile
"
}
lg
{
"
m
na
Sile
"
}
ls
{
"
Bun
-
m
na
Sile
"
}
}
"
meta
:
China
"
{
ld
{
"
T
de
samhraidh
na
S
ne
"
}
lg
{
"
m
na
S
ne
"
}
ls
{
"
Bun
-
m
na
S
ne
"
}
}
"
meta
:
Choibalsan
"
{
ld
{
"
T
de
samhraidh
Choibalsan
"
}
lg
{
"
m
Choibalsan
"
}
ls
{
"
Bun
-
m
Choibalsan
"
}
}
"
meta
:
Christmas
"
{
ls
{
"
m
Eilean
na
Nollaig
"
}
}
"
meta
:
Cocos
"
{
ls
{
"
m
Eileanan
Chocos
"
}
}
"
meta
:
Colombia
"
{
ld
{
"
T
de
samhraidh
Coloimbia
"
}
lg
{
"
m
Coloimbia
"
}
ls
{
"
Bun
-
m
Coloimbia
"
}
}
"
meta
:
Cook
"
{
ld
{
"
Leth
-
th
de
samhraidh
Eileanan
Cook
"
}
lg
{
"
m
Eileanan
Cook
"
}
ls
{
"
Bun
-
m
Eileanan
Cook
"
}
}
"
meta
:
Cuba
"
{
ld
{
"
T
de
samhraidh
C
ba
"
}
lg
{
"
m
C
ba
"
}
ls
{
"
Bun
-
m
C
ba
"
}
}
"
meta
:
Davis
"
{
ls
{
"
m
Dhavis
"
}
}
"
meta
:
DumontDUrville
"
{
ls
{
"
m
Dumont
-
d
Urville
"
}
}
"
meta
:
East_Timor
"
{
ls
{
"
m
Th
omor
an
Ear
"
}
}
"
meta
:
Easter
"
{
ld
{
"
T
de
samhraidh
Eilean
na
C
isge
"
}
lg
{
"
m
Eilean
na
C
isge
"
}
ls
{
"
Bun
-
m
Eilean
na
C
isge
"
}
}
"
meta
:
Ecuador
"
{
ls
{
"
m
Eacuadoir
"
}
}
"
meta
:
Europe_Central
"
{
ld
{
"
T
de
samhraidh
Meadhan
na
Roinn
-
E
rpa
"
}
lg
{
"
m
Meadhan
na
Roinn
-
E
rpa
"
}
ls
{
"
Bun
-
m
Meadhan
na
Roinn
-
E
rpa
"
}
sd
{
"
CEST
"
}
sg
{
"
CET
"
}
ss
{
"
CET
"
}
}
"
meta
:
Europe_Eastern
"
{
ld
{
"
T
de
samhraidh
na
Roinn
-
E
rpa
an
Ear
"
}
lg
{
"
m
na
Roinn
-
E
rpa
an
Ear
"
}
ls
{
"
Bun
-
m
na
Roinn
-
E
rpa
an
Ear
"
}
sd
{
"
EEST
"
}
sg
{
"
EET
"
}
ss
{
"
EET
"
}
}
"
meta
:
Europe_Further_Eastern
"
{
ls
{
"
m
na
Roinn
-
E
rpa
nas
fhaide
ear
"
}
}
"
meta
:
Europe_Western
"
{
ld
{
"
T
de
samhraidh
na
Roinn
-
E
rpa
an
Iar
"
}
lg
{
"
m
na
Roinn
-
E
rpa
an
Iar
"
}
ls
{
"
Bun
-
m
na
Roinn
-
E
rpa
an
Iar
"
}
sd
{
"
WEST
"
}
sg
{
"
WET
"
}
ss
{
"
WET
"
}
}
"
meta
:
Falkland
"
{
ld
{
"
T
de
samhraidh
nan
Eileanan
F
clannach
"
}
lg
{
"
m
nan
Eileanan
F
clannach
"
}
ls
{
"
Bun
-
m
nan
Eileanan
F
clannach
"
}
}
"
meta
:
Fiji
"
{
ld
{
"
T
de
samhraidh
F
di
"
}
lg
{
"
m
F
di
"
}
ls
{
"
Bun
-
m
F
di
"
}
}
"
meta
:
French_Guiana
"
{
ls
{
"
m
Guidhe
na
na
Frainge
"
}
}
"
meta
:
French_Southern
"
{
ls
{
"
m
Deasach
agus
Antartaigeach
na
Frainge
"
}
}
"
meta
:
GMT
"
{
ls
{
"
Greenwich
Mean
Time
"
}
ss
{
"
GMT
"
}
}
"
meta
:
Galapagos
"
{
ls
{
"
m
Ghalapagos
"
}
}
"
meta
:
Gambier
"
{
ls
{
"
m
Ghambier
"
}
}
"
meta
:
Georgia
"
{
ld
{
"
T
de
samhraidh
na
Cairtbheile
"
}
lg
{
"
m
na
Cairtbheile
"
}
ls
{
"
Bun
-
m
na
Cairtbheile
"
}
}
"
meta
:
Gilbert_Islands
"
{
ls
{
"
m
Eileanan
Ghileabairt
"
}
}
"
meta
:
Greenland_Eastern
"
{
ld
{
"
T
de
samhraidh
na
Graonlainn
an
Ear
"
}
lg
{
"
m
na
Graonlainn
an
Ear
"
}
ls
{
"
Bun
-
m
na
Graonlainn
an
Ear
"
}
}
"
meta
:
Greenland_Western
"
{
ld
{
"
T
de
samhraidh
na
Graonlainn
an
Iar
"
}
lg
{
"
m
na
Graonlainn
an
Iar
"
}
ls
{
"
Bun
-
m
na
Graonlainn
an
Iar
"
}
}
"
meta
:
Guam
"
{
ls
{
"
m
Guam
"
}
}
"
meta
:
Gulf
"
{
ls
{
"
m
a
Chamais
"
}
}
"
meta
:
Guyana
"
{
ls
{
"
m
Guidhe
na
"
}
}
"
meta
:
Hawaii_Aleutian
"
{
ld
{
"
T
de
Samhraidh
nan
Eileanan
Hawai
i
s
Aleutach
"
}
lg
{
"
m
nan
Eileanan
Hawai
i
s
Aleutach
"
}
ls
{
"
Bun
-
m
nan
Eileanan
Hawai
i
s
Aleutach
"
}
sd
{
"
HADT
"
}
sg
{
"
HAT
"
}
ss
{
"
HAST
"
}
}
"
meta
:
Hong_Kong
"
{
ld
{
"
T
de
samhraidh
Hong
Kong
"
}
lg
{
"
m
Hong
Kong
"
}
ls
{
"
Bun
-
m
Hong
Kong
"
}
}
"
meta
:
Hovd
"
{
ld
{
"
T
de
samhraidh
Hovd
"
}
lg
{
"
m
Hovd
"
}
ls
{
"
Bun
-
m
Hovd
"
}
}
"
meta
:
India
"
{
ls
{
"
m
nan
Innseachan
"
}
}
"
meta
:
Indian_Ocean
"
{
ls
{
"
m
Cuan
nan
Innseachan
"
}
}
"
meta
:
Indochina
"
{
ls
{
"
m
S
n
-
Innseanach
"
}
}
"
meta
:
Indonesia_Central
"
{
ls
{
"
m
Meadhan
nan
Innd
-
Innse
"
}
}
"
meta
:
Indonesia_Eastern
"
{
ls
{
"
m
nan
Innd
-
Innse
an
Ear
"
}
}
"
meta
:
Indonesia_Western
"
{
ls
{
"
m
nan
Innd
-
Innse
an
Iar
"
}
}
"
meta
:
Iran
"
{
ld
{
"
T
de
samhraidh
Ior
in
"
}
lg
{
"
m
Ior
in
"
}
ls
{
"
Bun
-
m
Ior
in
"
}
}
"
meta
:
Irkutsk
"
{
ld
{
"
T
de
Samhraidh
Irkutsk
"
}
lg
{
"
m
Irkutsk
"
}
ls
{
"
Bun
-
m
Irkutsk
"
}
}
"
meta
:
Israel
"
{
ld
{
"
T
de
samhraidh
Iosrael
"
}
lg
{
"
m
Iosrael
"
}
ls
{
"
Bun
-
m
Iosrael
"
}
}
"
meta
:
Japan
"
{
ld
{
"
T
de
samhraidh
na
Seapaine
"
}
lg
{
"
m
na
Seapaine
"
}
ls
{
"
Bun
-
m
na
Seapaine
"
}
}
"
meta
:
Kamchatka
"
{
ld
{
"
T
de
samhraidh
Petropavlovsk
-
Kamchatsky
"
}
lg
{
"
m
Petropavlovsk
-
Kamchatsky
"
}
ls
{
"
Bun
-
m
Petropavlovsk
-
Kamchatsky
"
}
}
"
meta
:
Kazakhstan_Eastern
"
{
ls
{
"
m
Casachst
in
an
Ear
"
}
}
"
meta
:
Kazakhstan_Western
"
{
ls
{
"
m
Casachst
in
an
Iar
"
}
}
"
meta
:
Korea
"
{
ld
{
"
T
de
samhraidh
Choir
a
"
}
lg
{
"
m
Choir
a
"
}
ls
{
"
Bun
-
m
Choir
a
"
}
}
"
meta
:
Kosrae
"
{
ls
{
"
m
Kosrae
"
}
}
"
meta
:
Krasnoyarsk
"
{
ld
{
"
T
de
samhraidh
Krasnoyarsk
"
}
lg
{
"
m
Krasnoyarsk
"
}
ls
{
"
Bun
-
m
Krasnoyarsk
"
}
}
"
meta
:
Kyrgystan
"
{
ls
{
"
m
C
orgastain
"
}
}
"
meta
:
Lanka
"
{
ls
{
"
m
Lanca
"
}
}
"
meta
:
Line_Islands
"
{
ls
{
"
m
Eileanan
Teraina
"
}
}
"
meta
:
Lord_Howe
"
{
ld
{
"
T
de
samhraidh
Lord
Howe
"
}
lg
{
"
m
Lord
Howe
"
}
ls
{
"
Bun
-
m
Lord
Howe
"
}
}
"
meta
:
Macau
"
{
ld
{
"
T
de
samhraidh
Mac
thu
"
}
lg
{
"
m
Mac
thu
"
}
ls
{
"
Bun
-
m
Mac
thu
"
}
}
"
meta
:
Macquarie
"
{
ls
{
"
m
Eilein
MhicGuaire
"
}
}
"
meta
:
Magadan
"
{
ld
{
"
T
de
Samhraidh
Magadan
"
}
lg
{
"
m
Magadan
"
}
ls
{
"
Bun
-
m
Magadan
"
}
}
"
meta
:
Malaysia
"
{
ls
{
"
m
Mhalaidhsea
"
}
}
"
meta
:
Maldives
"
{
ls
{
"
m
nan
Eileanan
Mhaladaibh
"
}
}
"
meta
:
Marquesas
"
{
ls
{
"
m
Eileanan
a
Mharcais
"
}
}
"
meta
:
Marshall_Islands
"
{
ls
{
"
m
Eileanan
Mharshall
"
}
}
"
meta
:
Mauritius
"
{
ld
{
"
T
de
samhraidh
nan
Eileanan
Mhoiriseas
"
}
lg
{
"
m
nan
Eileanan
Mhoiriseas
"
}
ls
{
"
Bun
-
m
nan
Eileanan
Mhoiriseas
"
}
}
"
meta
:
Mawson
"
{
ls
{
"
m
Mhawson
"
}
}
"
meta
:
Mexico_Northwest
"
{
ld
{
"
T
de
samhraidh
Mheagsago
an
Iar
-
thuath
"
}
lg
{
"
m
Mheagsago
an
Iar
-
thuath
"
}
ls
{
"
Bun
-
m
Mheagsago
an
Iar
-
thuath
"
}
}
"
meta
:
Mexico_Pacific
"
{
ld
{
"
T
de
samhraidh
a
Chuain
S
imh
Mheagsago
"
}
lg
{
"
m
a
Chuain
S
imh
Mheagsago
"
}
ls
{
"
Bun
-
m
a
Chuain
S
imh
Mheagsago
"
}
}
"
meta
:
Mongolia
"
{
ld
{
"
T
de
samhraidh
Ulan
Bator
"
}
lg
{
"
m
Ulan
Bator
"
}
ls
{
"
Bun
-
m
Ulan
Bator
"
}
}
"
meta
:
Moscow
"
{
ld
{
"
T
de
samhraidh
Mhosgo
"
}
lg
{
"
m
Mhosgo
"
}
ls
{
"
Bun
-
m
Mhosgo
"
}
}
"
meta
:
Myanmar
"
{
ls
{
"
m
Mi
nmar
"
}
}
"
meta
:
Nauru
"
{
ls
{
"
m
Nabhru
"
}
}
"
meta
:
Nepal
"
{
ls
{
"
m
Neap
l
"
}
}
"
meta
:
New_Caledonia
"
{
ld
{
"
T
de
samhraidh
Chailleann
Nuaidh
"
}
lg
{
"
m
Chailleann
Nuaidh
"
}
ls
{
"
Bun
-
m
Chailleann
Nuaidh
"
}
}
"
meta
:
New_Zealand
"
{
ld
{
"
T
de
samhraidh
Shealainn
Nuaidh
"
}
lg
{
"
m
Shealainn
Nuaidh
"
}
ls
{
"
Bun
-
m
Shealainn
Nuaidh
"
}
}
"
meta
:
Newfoundland
"
{
ld
{
"
T
de
samhraidh
Talamh
an
isg
"
}
lg
{
"
m
Talamh
an
isg
"
}
ls
{
"
Bun
-
m
Talamh
an
isg
"
}
}
"
meta
:
Niue
"
{
ls
{
"
m
Niue
"
}
}
"
meta
:
Norfolk
"
{
ls
{
"
m
Eilein
Norfolk
"
}
}
"
meta
:
Noronha
"
{
ld
{
"
T
de
Samhraidh
Fernando
de
Noronha
"
}
lg
{
"
m
Fernando
de
Noronha
"
}
ls
{
"
Bun
-
m
Fernando
de
Noronha
"
}
}
"
meta
:
North_Mariana
"
{
ls
{
"
m
nan
Eileanan
Mairianach
a
Tuath
"
}
}
"
meta
:
Novosibirsk
"
{
ld
{
"
T
de
samhraidh
Novosibirsk
"
}
lg
{
"
m
Novosibirsk
"
}
ls
{
"
Bun
-
m
Novosibirsk
"
}
}
"
meta
:
Omsk
"
{
ld
{
"
T
de
samhraidh
Omsk
"
}
lg
{
"
m
Omsk
"
}
ls
{
"
Bun
-
m
Omsk
"
}
}
"
meta
:
Pakistan
"
{
ld
{
"
T
de
samhraidh
Pagast
in
"
}
lg
{
"
m
Pagast
in
"
}
ls
{
"
Bun
-
m
Pagast
in
"
}
}
"
meta
:
Palau
"
{
ls
{
"
m
Palabh
"
}
}
"
meta
:
Papua_New_Guinea
"
{
ls
{
"
m
Gini
Nuaidh
Paputhaiche
"
}
}
"
meta
:
Paraguay
"
{
ld
{
"
T
de
samhraidh
Paraguaidh
"
}
lg
{
"
m
Paraguaidh
"
}
ls
{
"
Bun
-
m
Paraguaidh
"
}
}
"
meta
:
Peru
"
{
ld
{
"
T
de
samhraidh
Pear
"
}
lg
{
"
m
Pear
"
}
ls
{
"
Bun
-
m
Pear
"
}
}
"
meta
:
Philippines
"
{
ld
{
"
T
de
samhraidh
nan
Eilean
Filipineach
"
}
lg
{
"
m
nan
Eilean
Filipineach
"
}
ls
{
"
Bun
-
m
nan
Eilean
Filipineach
"
}
}
"
meta
:
Phoenix_Islands
"
{
ls
{
"
m
Eileanan
Phoenix
"
}
}
"
meta
:
Pierre_Miquelon
"
{
ld
{
"
T
de
Samhraidh
Saint
Pierre
agus
Miquelon
"
}
lg
{
"
m
Saint
Pierre
agus
Miquelon
"
}
ls
{
"
Bun
-
m
Saint
Pierre
agus
Miquelon
"
}
}
"
meta
:
Pitcairn
"
{
ls
{
"
m
Peit
a
Ch
irn
"
}
}
"
meta
:
Ponape
"
{
ls
{
"
m
Pohnpei
"
}
}
"
meta
:
Pyongyang
"
{
ls
{
"
m
Pyeongyang
"
}
}
"
meta
:
Qyzylorda
"
{
ld
{
"
T
de
samhraidh
Q
z
lorda
"
}
lg
{
"
m
Q
z
lorda
"
}
ls
{
"
Bun
-
m
Q
z
lorda
"
}
}
"
meta
:
Reunion
"
{
ls
{
"
m
Reunion
"
}
}
"
meta
:
Rothera
"
{
ls
{
"
m
Rothera
"
}
}
"
meta
:
Sakhalin
"
{
ld
{
"
T
de
samhraidh
Sakhalin
"
}
lg
{
"
m
Sakhalin
"
}
ls
{
"
Bun
-
m
Sakhalin
"
}
}
"
meta
:
Samara
"
{
ld
{
"
T
de
samhraidh
Samara
"
}
lg
{
"
m
Samara
"
}
ls
{
"
Bun
-
m
Samara
"
}
}
"
meta
:
Samoa
"
{
ld
{
"
T
de
samhraidh
Samotha
"
}
lg
{
"
m
Samotha
"
}
ls
{
"
Bun
-
m
Samotha
"
}
}
"
meta
:
Seychelles
"
{
ls
{
"
m
nan
Eileanan
Sheiseall
"
}
}
"
meta
:
Singapore
"
{
ls
{
"
m
Singeap
r
"
}
}
"
meta
:
Solomon
"
{
ls
{
"
m
Eileanan
Sholaimh
"
}
}
"
meta
:
South_Georgia
"
{
ls
{
"
m
Se
rsea
a
Deas
"
}
}
"
meta
:
Suriname
"
{
ls
{
"
m
Suranaim
"
}
}
"
meta
:
Syowa
"
{
ls
{
"
m
Shyowa
"
}
}
"
meta
:
Tahiti
"
{
ls
{
"
m
Tahiti
"
}
}
"
meta
:
Taipei
"
{
ld
{
"
T
de
samhraidh
Taipei
"
}
lg
{
"
m
Taipei
"
}
ls
{
"
Bun
-
m
Taipei
"
}
}
"
meta
:
Tajikistan
"
{
ls
{
"
m
Taidigeast
in
"
}
}
"
meta
:
Tokelau
"
{
ls
{
"
m
Tokelau
"
}
}
"
meta
:
Tonga
"
{
ld
{
"
T
de
samhraidh
Tonga
"
}
lg
{
"
m
Tonga
"
}
ls
{
"
Bun
-
m
Tonga
"
}
}
"
meta
:
Truk
"
{
ls
{
"
m
Chuuk
"
}
}
"
meta
:
Turkmenistan
"
{
ld
{
"
T
de
samhraidh
Turcmanast
in
"
}
lg
{
"
m
Turcmanast
in
"
}
ls
{
"
Bun
-
m
Turcmanast
in
"
}
}
"
meta
:
Tuvalu
"
{
ls
{
"
m
Tubhalu
"
}
}
"
meta
:
Uruguay
"
{
ld
{
"
T
de
samhraidh
Uruguaidh
"
}
lg
{
"
m
Uruguaidh
"
}
ls
{
"
Bun
-
m
Uruguaidh
"
}
}
"
meta
:
Uzbekistan
"
{
ld
{
"
T
de
samhraidh
Usbagast
n
"
}
lg
{
"
m
Usbagast
n
"
}
ls
{
"
Bun
-
m
Usbagast
n
"
}
}
"
meta
:
Vanuatu
"
{
ld
{
"
T
de
samhraidh
Vanuatu
"
}
lg
{
"
m
Vanuatu
"
}
ls
{
"
Bun
-
m
Vanuatu
"
}
}
"
meta
:
Venezuela
"
{
ls
{
"
m
na
Bheiniseala
"
}
}
"
meta
:
Vladivostok
"
{
ld
{
"
T
de
Samhraidh
Vladivostok
"
}
lg
{
"
m
Vladivostok
"
}
ls
{
"
Bun
-
m
Vladivostok
"
}
}
"
meta
:
Volgograd
"
{
ld
{
"
T
de
samhraidh
Volgograd
"
}
lg
{
"
m
Volgograd
"
}
ls
{
"
Bun
-
m
Volgograd
"
}
}
"
meta
:
Vostok
"
{
ls
{
"
m
Vostok
"
}
}
"
meta
:
Wake
"
{
ls
{
"
m
Eilean
Wake
"
}
}
"
meta
:
Wallis
"
{
ls
{
"
m
Uallas
agus
Futuna
"
}
}
"
meta
:
Yakutsk
"
{
ld
{
"
T
de
samhraidh
Yakutsk
"
}
lg
{
"
m
Yakutsk
"
}
ls
{
"
Bun
-
m
Yakutsk
"
}
}
"
meta
:
Yekaterinburg
"
{
ld
{
"
T
de
samhraidh
Yekaterinburg
"
}
lg
{
"
m
Yekaterinburg
"
}
ls
{
"
Bun
-
m
Yekaterinburg
"
}
}
fallbackFormat
{
"
{
1
}
(
{
0
}
)
"
}
gmtFormat
{
"
GMT
{
0
}
"
}
gmtZeroFormat
{
"
GMT
"
}
hourFormat
{
"
+
HH
:
mm
;
-
HH
:
mm
"
}
regionFormat
{
"
{
0
}
"
}
regionFormatDaylight
{
"
T
de
samhraidh
:
{
0
}
"
}
regionFormatStandard
{
"
Bun
-
m
:
{
0
}
"
}
}
}
