/
/
2016
and
later
:
Unicode
Inc
.
and
others
.
/
/
License
&
terms
of
use
:
http
:
/
/
www
.
unicode
.
org
/
copyright
.
html
#
License
gl
{
Version
{
"
36
.
1
"
}
zoneStrings
{
"
Africa
:
Abidjan
"
{
ec
{
"
Abidjan
"
}
}
"
Africa
:
Accra
"
{
ec
{
"
Acra
"
}
}
"
Africa
:
Addis_Ababa
"
{
ec
{
"
Ad
s
Abeba
"
}
}
"
Africa
:
Algiers
"
{
ec
{
"
Alxer
"
}
}
"
Africa
:
Asmera
"
{
ec
{
"
Asmara
"
}
}
"
Africa
:
Bamako
"
{
ec
{
"
Bamaco
"
}
}
"
Africa
:
Bangui
"
{
ec
{
"
Bangui
"
}
}
"
Africa
:
Banjul
"
{
ec
{
"
Banjul
"
}
}
"
Africa
:
Bissau
"
{
ec
{
"
Bissau
"
}
}
"
Africa
:
Blantyre
"
{
ec
{
"
Blantyre
"
}
}
"
Africa
:
Brazzaville
"
{
ec
{
"
Brazzaville
"
}
}
"
Africa
:
Bujumbura
"
{
ec
{
"
Bujumbura
"
}
}
"
Africa
:
Cairo
"
{
ec
{
"
O
Cairo
"
}
}
"
Africa
:
Casablanca
"
{
ec
{
"
Casablanca
"
}
}
"
Africa
:
Ceuta
"
{
ec
{
"
Ceuta
"
}
}
"
Africa
:
Conakry
"
{
ec
{
"
Conakry
"
}
}
"
Africa
:
Dakar
"
{
ec
{
"
Dakar
"
}
}
"
Africa
:
Dar_es_Salaam
"
{
ec
{
"
Dar
es
Salaam
"
}
}
"
Africa
:
Djibouti
"
{
ec
{
"
Djibuti
"
}
}
"
Africa
:
Douala
"
{
ec
{
"
Douala
"
}
}
"
Africa
:
El_Aaiun
"
{
ec
{
"
O
Ai
n
"
}
}
"
Africa
:
Freetown
"
{
ec
{
"
Freetown
"
}
}
"
Africa
:
Gaborone
"
{
ec
{
"
Gaborone
"
}
}
"
Africa
:
Harare
"
{
ec
{
"
Harare
"
}
}
"
Africa
:
Johannesburg
"
{
ec
{
"
Xohanesburgo
"
}
}
"
Africa
:
Juba
"
{
ec
{
"
Juba
"
}
}
"
Africa
:
Kampala
"
{
ec
{
"
Kampala
"
}
}
"
Africa
:
Khartoum
"
{
ec
{
"
Khart
n
"
}
}
"
Africa
:
Kigali
"
{
ec
{
"
Kigali
"
}
}
"
Africa
:
Kinshasa
"
{
ec
{
"
Kinshasa
"
}
}
"
Africa
:
Lagos
"
{
ec
{
"
Lagos
"
}
}
"
Africa
:
Libreville
"
{
ec
{
"
Libreville
"
}
}
"
Africa
:
Lome
"
{
ec
{
"
Lom
"
}
}
"
Africa
:
Luanda
"
{
ec
{
"
Luanda
"
}
}
"
Africa
:
Lubumbashi
"
{
ec
{
"
Lubumbashi
"
}
}
"
Africa
:
Lusaka
"
{
ec
{
"
Lusaca
"
}
}
"
Africa
:
Malabo
"
{
ec
{
"
Malabo
"
}
}
"
Africa
:
Maputo
"
{
ec
{
"
Maputo
"
}
}
"
Africa
:
Maseru
"
{
ec
{
"
Maseru
"
}
}
"
Africa
:
Mbabane
"
{
ec
{
"
Mbabane
"
}
}
"
Africa
:
Mogadishu
"
{
ec
{
"
Mogadixo
"
}
}
"
Africa
:
Monrovia
"
{
ec
{
"
Monrovia
"
}
}
"
Africa
:
Nairobi
"
{
ec
{
"
Nairobi
"
}
}
"
Africa
:
Ndjamena
"
{
ec
{
"
N
Djamena
"
}
}
"
Africa
:
Niamey
"
{
ec
{
"
Niamey
"
}
}
"
Africa
:
Nouakchott
"
{
ec
{
"
Nouakchott
"
}
}
"
Africa
:
Ouagadougou
"
{
ec
{
"
Uagadugu
"
}
}
"
Africa
:
Porto
-
Novo
"
{
ec
{
"
Porto
-
Novo
"
}
}
"
Africa
:
Sao_Tome
"
{
ec
{
"
San
Tom
"
}
}
"
Africa
:
Tripoli
"
{
ec
{
"
Tr
poli
"
}
}
"
Africa
:
Tunis
"
{
ec
{
"
Tunes
"
}
}
"
Africa
:
Windhoek
"
{
ec
{
"
Windhoek
"
}
}
"
America
:
Adak
"
{
ec
{
"
Adak
"
}
}
"
America
:
Anchorage
"
{
ec
{
"
Anchorage
"
}
}
"
America
:
Anguilla
"
{
ec
{
"
Anguila
"
}
}
"
America
:
Araguaina
"
{
ec
{
"
Aragua
na
"
}
}
"
America
:
Argentina
:
La_Rioja
"
{
ec
{
"
A
Rioxa
"
}
}
"
America
:
Argentina
:
Rio_Gallegos
"
{
ec
{
"
R
o
Gallegos
"
}
}
"
America
:
Argentina
:
Salta
"
{
ec
{
"
Salta
"
}
}
"
America
:
Argentina
:
San_Juan
"
{
ec
{
"
San
Juan
"
}
}
"
America
:
Argentina
:
San_Luis
"
{
ec
{
"
San
Luis
"
}
}
"
America
:
Argentina
:
Tucuman
"
{
ec
{
"
Tucum
n
"
}
}
"
America
:
Argentina
:
Ushuaia
"
{
ec
{
"
Ushuaia
"
}
}
"
America
:
Aruba
"
{
ec
{
"
Aruba
"
}
}
"
America
:
Asuncion
"
{
ec
{
"
Asunci
n
"
}
}
"
America
:
Bahia
"
{
ec
{
"
Ba
a
"
}
}
"
America
:
Bahia_Banderas
"
{
ec
{
"
Bah
a
de
Banderas
"
}
}
"
America
:
Barbados
"
{
ec
{
"
Barbados
"
}
}
"
America
:
Belem
"
{
ec
{
"
Bel
m
"
}
}
"
America
:
Belize
"
{
ec
{
"
Belize
"
}
}
"
America
:
Blanc
-
Sablon
"
{
ec
{
"
Blanc
-
Sablon
"
}
}
"
America
:
Boa_Vista
"
{
ec
{
"
Boa
Vista
"
}
}
"
America
:
Bogota
"
{
ec
{
"
Bogot
"
}
}
"
America
:
Boise
"
{
ec
{
"
Boise
"
}
}
"
America
:
Buenos_Aires
"
{
ec
{
"
Buenos
Aires
"
}
}
"
America
:
Cambridge_Bay
"
{
ec
{
"
Cambridge
Bay
"
}
}
"
America
:
Campo_Grande
"
{
ec
{
"
Campo
Grande
"
}
}
"
America
:
Cancun
"
{
ec
{
"
Canc
n
"
}
}
"
America
:
Caracas
"
{
ec
{
"
Caracas
"
}
}
"
America
:
Catamarca
"
{
ec
{
"
Catamarca
"
}
}
"
America
:
Cayenne
"
{
ec
{
"
Caiena
"
}
}
"
America
:
Cayman
"
{
ec
{
"
Illas
Caim
n
"
}
}
"
America
:
Chicago
"
{
ec
{
"
Chicago
"
}
}
"
America
:
Chihuahua
"
{
ec
{
"
Chihuahua
"
}
}
"
America
:
Coral_Harbour
"
{
ec
{
"
Atikokan
"
}
}
"
America
:
Cordoba
"
{
ec
{
"
C
rdoba
"
}
}
"
America
:
Costa_Rica
"
{
ec
{
"
Costa
Rica
"
}
}
"
America
:
Creston
"
{
ec
{
"
Creston
"
}
}
"
America
:
Cuiaba
"
{
ec
{
"
Cuiab
"
}
}
"
America
:
Curacao
"
{
ec
{
"
Cura
ao
"
}
}
"
America
:
Danmarkshavn
"
{
ec
{
"
Danmarkshavn
"
}
}
"
America
:
Dawson
"
{
ec
{
"
Dawson
"
}
}
"
America
:
Dawson_Creek
"
{
ec
{
"
Dawson
Creek
"
}
}
"
America
:
Denver
"
{
ec
{
"
Denver
"
}
}
"
America
:
Detroit
"
{
ec
{
"
Detroit
"
}
}
"
America
:
Dominica
"
{
ec
{
"
Dominica
"
}
}
"
America
:
Edmonton
"
{
ec
{
"
Edmonton
"
}
}
"
America
:
Eirunepe
"
{
ec
{
"
Eirunep
"
}
}
"
America
:
El_Salvador
"
{
ec
{
"
O
Salvador
"
}
}
"
America
:
Fort_Nelson
"
{
ec
{
"
Fort
Nelson
"
}
}
"
America
:
Fortaleza
"
{
ec
{
"
Fortaleza
"
}
}
"
America
:
Glace_Bay
"
{
ec
{
"
Glace
Bay
"
}
}
"
America
:
Godthab
"
{
ec
{
"
Nuuk
"
}
}
"
America
:
Goose_Bay
"
{
ec
{
"
Goose
Bay
"
}
}
"
America
:
Grand_Turk
"
{
ec
{
"
Grand
Turk
"
}
}
"
America
:
Grenada
"
{
ec
{
"
Granada
"
}
}
"
America
:
Guadeloupe
"
{
ec
{
"
Guadalupe
"
}
}
"
America
:
Guatemala
"
{
ec
{
"
Guatemala
"
}
}
"
America
:
Guayaquil
"
{
ec
{
"
Guayaquil
"
}
}
"
America
:
Guyana
"
{
ec
{
"
G
iana
"
}
}
"
America
:
Halifax
"
{
ec
{
"
Halifax
"
}
}
"
America
:
Havana
"
{
ec
{
"
A
Habana
"
}
}
"
America
:
Hermosillo
"
{
ec
{
"
Hermosillo
"
}
}
"
America
:
Indiana
:
Knox
"
{
ec
{
"
Knox
Indiana
"
}
}
"
America
:
Indiana
:
Marengo
"
{
ec
{
"
Marengo
Indiana
"
}
}
"
America
:
Indiana
:
Petersburg
"
{
ec
{
"
Petersburg
Indiana
"
}
}
"
America
:
Indiana
:
Tell_City
"
{
ec
{
"
Tell
City
Indiana
"
}
}
"
America
:
Indiana
:
Vevay
"
{
ec
{
"
Vevay
Indiana
"
}
}
"
America
:
Indiana
:
Vincennes
"
{
ec
{
"
Vincennes
Indiana
"
}
}
"
America
:
Indiana
:
Winamac
"
{
ec
{
"
Winamac
Indiana
"
}
}
"
America
:
Indianapolis
"
{
ec
{
"
Indian
polis
"
}
}
"
America
:
Inuvik
"
{
ec
{
"
Inuvik
"
}
}
"
America
:
Iqaluit
"
{
ec
{
"
Iqaluit
"
}
}
"
America
:
Jamaica
"
{
ec
{
"
Xamaica
"
}
}
"
America
:
Jujuy
"
{
ec
{
"
Jujuy
"
}
}
"
America
:
Juneau
"
{
ec
{
"
Juneau
"
}
}
"
America
:
Kentucky
:
Monticello
"
{
ec
{
"
Monticello
Kentucky
"
}
}
"
America
:
Kralendijk
"
{
ec
{
"
Kralendijk
"
}
}
"
America
:
La_Paz
"
{
ec
{
"
A
Paz
"
}
}
"
America
:
Lima
"
{
ec
{
"
Lima
"
}
}
"
America
:
Los_Angeles
"
{
ec
{
"
Os
nxeles
"
}
}
"
America
:
Louisville
"
{
ec
{
"
Louisville
"
}
}
"
America
:
Lower_Princes
"
{
ec
{
"
Lower
Prince
s
Quarter
"
}
}
"
America
:
Maceio
"
{
ec
{
"
Macei
"
}
}
"
America
:
Managua
"
{
ec
{
"
Managua
"
}
}
"
America
:
Manaus
"
{
ec
{
"
Manaus
"
}
}
"
America
:
Marigot
"
{
ec
{
"
Marigot
"
}
}
"
America
:
Martinique
"
{
ec
{
"
Martinica
"
}
}
"
America
:
Matamoros
"
{
ec
{
"
Matamoros
"
}
}
"
America
:
Mazatlan
"
{
ec
{
"
Mazatl
n
"
}
}
"
America
:
Mendoza
"
{
ec
{
"
Mendoza
"
}
}
"
America
:
Menominee
"
{
ec
{
"
Menominee
"
}
}
"
America
:
Merida
"
{
ec
{
"
M
rida
"
}
}
"
America
:
Metlakatla
"
{
ec
{
"
Metlakatla
"
}
}
"
America
:
Mexico_City
"
{
ec
{
"
Cidade
de
M
xico
"
}
}
"
America
:
Miquelon
"
{
ec
{
"
Miquelon
"
}
}
"
America
:
Moncton
"
{
ec
{
"
Moncton
"
}
}
"
America
:
Monterrey
"
{
ec
{
"
Monterrey
"
}
}
"
America
:
Montevideo
"
{
ec
{
"
Montevideo
"
}
}
"
America
:
Montserrat
"
{
ec
{
"
Montserrat
"
}
}
"
America
:
Nassau
"
{
ec
{
"
Nassau
"
}
}
"
America
:
New_York
"
{
ec
{
"
Nova
York
"
}
}
"
America
:
Nipigon
"
{
ec
{
"
Nipigon
"
}
}
"
America
:
Nome
"
{
ec
{
"
Nome
"
}
}
"
America
:
Noronha
"
{
ec
{
"
Noronha
"
}
}
"
America
:
North_Dakota
:
Beulah
"
{
ec
{
"
Beulah
Dacota
do
Norte
"
}
}
"
America
:
North_Dakota
:
Center
"
{
ec
{
"
Center
Dacota
do
Norte
"
}
}
"
America
:
North_Dakota
:
New_Salem
"
{
ec
{
"
New
Salem
Dacota
do
Norte
"
}
}
"
America
:
Ojinaga
"
{
ec
{
"
Ojinaga
"
}
}
"
America
:
Panama
"
{
ec
{
"
Panam
"
}
}
"
America
:
Pangnirtung
"
{
ec
{
"
Pangnirtung
"
}
}
"
America
:
Paramaribo
"
{
ec
{
"
Paramaribo
"
}
}
"
America
:
Phoenix
"
{
ec
{
"
Phoenix
"
}
}
"
America
:
Port
-
au
-
Prince
"
{
ec
{
"
Porto
Pr
ncipe
"
}
}
"
America
:
Port_of_Spain
"
{
ec
{
"
Porto
Espa
a
"
}
}
"
America
:
Porto_Velho
"
{
ec
{
"
Porto
Velho
"
}
}
"
America
:
Puerto_Rico
"
{
ec
{
"
Porto
Rico
"
}
}
"
America
:
Punta_Arenas
"
{
ec
{
"
Punta
Arenas
"
}
}
"
America
:
Rainy_River
"
{
ec
{
"
Rainy
River
"
}
}
"
America
:
Rankin_Inlet
"
{
ec
{
"
Rankin
Inlet
"
}
}
"
America
:
Recife
"
{
ec
{
"
Recife
"
}
}
"
America
:
Regina
"
{
ec
{
"
Regina
"
}
}
"
America
:
Resolute
"
{
ec
{
"
Resolute
"
}
}
"
America
:
Rio_Branco
"
{
ec
{
"
R
o
Branco
"
}
}
"
America
:
Santa_Isabel
"
{
ec
{
"
Santa
Isabel
"
}
}
"
America
:
Santarem
"
{
ec
{
"
Santar
m
"
}
}
"
America
:
Santiago
"
{
ec
{
"
Santiago
"
}
}
"
America
:
Santo_Domingo
"
{
ec
{
"
Santo
Domingo
"
}
}
"
America
:
Sao_Paulo
"
{
ec
{
"
S
o
Paulo
"
}
}
"
America
:
Scoresbysund
"
{
ec
{
"
Ittoqqortoormiit
"
}
}
"
America
:
Sitka
"
{
ec
{
"
Sitka
"
}
}
"
America
:
St_Barthelemy
"
{
ec
{
"
Saint
Barth
lemy
"
}
}
"
America
:
St_Johns
"
{
ec
{
"
Saint
John
s
"
}
}
"
America
:
St_Kitts
"
{
ec
{
"
Saint
Kitts
"
}
}
"
America
:
St_Lucia
"
{
ec
{
"
Santa
Luc
a
"
}
}
"
America
:
St_Thomas
"
{
ec
{
"
Saint
Thomas
"
}
}
"
America
:
St_Vincent
"
{
ec
{
"
San
Vicente
"
}
}
"
America
:
Swift_Current
"
{
ec
{
"
Swift
Current
"
}
}
"
America
:
Tegucigalpa
"
{
ec
{
"
Tegucigalpa
"
}
}
"
America
:
Thule
"
{
ec
{
"
Thule
"
}
}
"
America
:
Thunder_Bay
"
{
ec
{
"
Thunder
Bay
"
}
}
"
America
:
Tijuana
"
{
ec
{
"
Tijuana
"
}
}
"
America
:
Toronto
"
{
ec
{
"
Toronto
"
}
}
"
America
:
Tortola
"
{
ec
{
"
T
rtola
"
}
}
"
America
:
Vancouver
"
{
ec
{
"
Vancouver
"
}
}
"
America
:
Whitehorse
"
{
ec
{
"
Whitehorse
"
}
}
"
America
:
Winnipeg
"
{
ec
{
"
Winnipeg
"
}
}
"
America
:
Yakutat
"
{
ec
{
"
Yakutat
"
}
}
"
America
:
Yellowknife
"
{
ec
{
"
Yellowknife
"
}
}
"
Antarctica
:
Casey
"
{
ec
{
"
Casey
"
}
}
"
Antarctica
:
Davis
"
{
ec
{
"
Davis
"
}
}
"
Antarctica
:
DumontDUrville
"
{
ec
{
"
Dumont
-
d
Urville
"
}
}
"
Antarctica
:
Macquarie
"
{
ec
{
"
Macquarie
"
}
}
"
Antarctica
:
Mawson
"
{
ec
{
"
Mawson
"
}
}
"
Antarctica
:
McMurdo
"
{
ec
{
"
McMurdo
"
}
}
"
Antarctica
:
Palmer
"
{
ec
{
"
Palmer
"
}
}
"
Antarctica
:
Rothera
"
{
ec
{
"
Rothera
"
}
}
"
Antarctica
:
Syowa
"
{
ec
{
"
Showa
"
}
}
"
Antarctica
:
Troll
"
{
ec
{
"
Troll
"
}
}
"
Antarctica
:
Vostok
"
{
ec
{
"
Vostok
"
}
}
"
Arctic
:
Longyearbyen
"
{
ec
{
"
Longyearbyen
"
}
}
"
Asia
:
Aden
"
{
ec
{
"
Ad
n
"
}
}
"
Asia
:
Almaty
"
{
ec
{
"
Almati
"
}
}
"
Asia
:
Amman
"
{
ec
{
"
Am
n
"
}
}
"
Asia
:
Anadyr
"
{
ec
{
"
Anadyr
"
}
}
"
Asia
:
Aqtau
"
{
ec
{
"
Aktau
"
}
}
"
Asia
:
Aqtobe
"
{
ec
{
"
Aktobe
"
}
}
"
Asia
:
Ashgabat
"
{
ec
{
"
Achkhabad
"
}
}
"
Asia
:
Atyrau
"
{
ec
{
"
Atyrau
"
}
}
"
Asia
:
Baghdad
"
{
ec
{
"
Bagdad
"
}
}
"
Asia
:
Bahrain
"
{
ec
{
"
Bahrain
"
}
}
"
Asia
:
Baku
"
{
ec
{
"
Bac
"
}
}
"
Asia
:
Bangkok
"
{
ec
{
"
Bangkok
"
}
}
"
Asia
:
Barnaul
"
{
ec
{
"
Barnaul
"
}
}
"
Asia
:
Beirut
"
{
ec
{
"
Beirut
"
}
}
"
Asia
:
Bishkek
"
{
ec
{
"
Bishkek
"
}
}
"
Asia
:
Brunei
"
{
ec
{
"
Brunei
"
}
}
"
Asia
:
Calcutta
"
{
ec
{
"
Calcuta
"
}
}
"
Asia
:
Chita
"
{
ec
{
"
Chit
"
}
}
"
Asia
:
Choibalsan
"
{
ec
{
"
Choibalsan
"
}
}
"
Asia
:
Colombo
"
{
ec
{
"
Colombo
"
}
}
"
Asia
:
Damascus
"
{
ec
{
"
Damasco
"
}
}
"
Asia
:
Dhaka
"
{
ec
{
"
Dhaka
"
}
}
"
Asia
:
Dili
"
{
ec
{
"
Dili
"
}
}
"
Asia
:
Dubai
"
{
ec
{
"
Dubai
"
}
}
"
Asia
:
Dushanbe
"
{
ec
{
"
Dushanbe
"
}
}
"
Asia
:
Famagusta
"
{
ec
{
"
Famagusta
"
}
}
"
Asia
:
Gaza
"
{
ec
{
"
Gaza
"
}
}
"
Asia
:
Hebron
"
{
ec
{
"
Hebr
n
"
}
}
"
Asia
:
Hong_Kong
"
{
ec
{
"
Hong
Kong
"
}
}
"
Asia
:
Hovd
"
{
ec
{
"
Hovd
"
}
}
"
Asia
:
Irkutsk
"
{
ec
{
"
Irkutsk
"
}
}
"
Asia
:
Jakarta
"
{
ec
{
"
Iacarta
"
}
}
"
Asia
:
Jayapura
"
{
ec
{
"
Jayapura
"
}
}
"
Asia
:
Jerusalem
"
{
ec
{
"
Xerusal
n
"
}
}
"
Asia
:
Kabul
"
{
ec
{
"
Cabul
"
}
}
"
Asia
:
Kamchatka
"
{
ec
{
"
Kamchatka
"
}
}
"
Asia
:
Karachi
"
{
ec
{
"
Karachi
"
}
}
"
Asia
:
Katmandu
"
{
ec
{
"
Katmand
"
}
}
"
Asia
:
Khandyga
"
{
ec
{
"
Chandyga
"
}
}
"
Asia
:
Krasnoyarsk
"
{
ec
{
"
Krasnoyarsk
"
}
}
"
Asia
:
Kuala_Lumpur
"
{
ec
{
"
Kuala
Lumpur
"
}
}
"
Asia
:
Kuching
"
{
ec
{
"
Kuching
"
}
}
"
Asia
:
Kuwait
"
{
ec
{
"
Kuwait
"
}
}
"
Asia
:
Macau
"
{
ec
{
"
Macau
"
}
}
"
Asia
:
Magadan
"
{
ec
{
"
Magadan
"
}
}
"
Asia
:
Makassar
"
{
ec
{
"
Makassar
"
}
}
"
Asia
:
Manila
"
{
ec
{
"
Manila
"
}
}
"
Asia
:
Muscat
"
{
ec
{
"
Mascate
"
}
}
"
Asia
:
Nicosia
"
{
ec
{
"
Nicosia
"
}
}
"
Asia
:
Novokuznetsk
"
{
ec
{
"
Novokuznetsk
"
}
}
"
Asia
:
Novosibirsk
"
{
ec
{
"
Novosibirsk
"
}
}
"
Asia
:
Omsk
"
{
ec
{
"
Omsk
"
}
}
"
Asia
:
Oral
"
{
ec
{
"
Oral
"
}
}
"
Asia
:
Phnom_Penh
"
{
ec
{
"
Phnom
Penh
"
}
}
"
Asia
:
Pontianak
"
{
ec
{
"
Pontianak
"
}
}
"
Asia
:
Pyongyang
"
{
ec
{
"
Pyongyang
"
}
}
"
Asia
:
Qatar
"
{
ec
{
"
Qatar
"
}
}
"
Asia
:
Qostanay
"
{
ec
{
"
Qostanai
"
}
}
"
Asia
:
Qyzylorda
"
{
ec
{
"
Kyzylorda
"
}
}
"
Asia
:
Rangoon
"
{
ec
{
"
Yangon
"
}
}
"
Asia
:
Riyadh
"
{
ec
{
"
Riad
"
}
}
"
Asia
:
Saigon
"
{
ec
{
"
Ho
Chi
Minh
"
}
}
"
Asia
:
Sakhalin
"
{
ec
{
"
Sakhal
n
"
}
}
"
Asia
:
Samarkand
"
{
ec
{
"
Samarcanda
"
}
}
"
Asia
:
Seoul
"
{
ec
{
"
Se
l
"
}
}
"
Asia
:
Shanghai
"
{
ec
{
"
Shanghai
"
}
}
"
Asia
:
Singapore
"
{
ec
{
"
Singapur
"
}
}
"
Asia
:
Srednekolymsk
"
{
ec
{
"
Srednekolimsk
"
}
}
"
Asia
:
Taipei
"
{
ec
{
"
Taipei
"
}
}
"
Asia
:
Tashkent
"
{
ec
{
"
Tashkent
"
}
}
"
Asia
:
Tbilisi
"
{
ec
{
"
Tbilisi
"
}
}
"
Asia
:
Tehran
"
{
ec
{
"
Teher
n
"
}
}
"
Asia
:
Tokyo
"
{
ec
{
"
Tokyo
"
}
}
"
Asia
:
Tomsk
"
{
ec
{
"
Tomsk
"
}
}
"
Asia
:
Ulaanbaatar
"
{
ec
{
"
Ulaanbaatar
"
}
}
"
Asia
:
Urumqi
"
{
ec
{
"
r
mqi
"
}
}
"
Asia
:
Ust
-
Nera
"
{
ec
{
"
Ust
-
Nera
"
}
}
"
Asia
:
Vientiane
"
{
ec
{
"
Vientiane
"
}
}
"
Asia
:
Vladivostok
"
{
ec
{
"
Vladivostok
"
}
}
"
Asia
:
Yakutsk
"
{
ec
{
"
Iakutsk
"
}
}
"
Asia
:
Yekaterinburg
"
{
ec
{
"
Ekaterinburgo
"
}
}
"
Asia
:
Yerevan
"
{
ec
{
"
Ierev
n
"
}
}
"
Atlantic
:
Azores
"
{
ec
{
"
Azores
"
}
}
"
Atlantic
:
Bermuda
"
{
ec
{
"
Illas
Bermudas
"
}
}
"
Atlantic
:
Canary
"
{
ec
{
"
Illas
Canarias
"
}
}
"
Atlantic
:
Cape_Verde
"
{
ec
{
"
Cabo
Verde
"
}
}
"
Atlantic
:
Faeroe
"
{
ec
{
"
Feroe
"
}
}
"
Atlantic
:
Madeira
"
{
ec
{
"
Madeira
"
}
}
"
Atlantic
:
Reykjavik
"
{
ec
{
"
Reiquiavik
"
}
}
"
Atlantic
:
South_Georgia
"
{
ec
{
"
Xeorxia
do
Sur
"
}
}
"
Atlantic
:
St_Helena
"
{
ec
{
"
Santa
Helena
"
}
}
"
Atlantic
:
Stanley
"
{
ec
{
"
Stanley
"
}
}
"
Australia
:
Adelaide
"
{
ec
{
"
Adelaida
"
}
}
"
Australia
:
Brisbane
"
{
ec
{
"
Brisbane
"
}
}
"
Australia
:
Broken_Hill
"
{
ec
{
"
Broken
Hill
"
}
}
"
Australia
:
Currie
"
{
ec
{
"
Currie
"
}
}
"
Australia
:
Darwin
"
{
ec
{
"
Darwin
"
}
}
"
Australia
:
Eucla
"
{
ec
{
"
Eucla
"
}
}
"
Australia
:
Hobart
"
{
ec
{
"
Hobart
"
}
}
"
Australia
:
Lindeman
"
{
ec
{
"
Lindeman
"
}
}
"
Australia
:
Lord_Howe
"
{
ec
{
"
Lord
Howe
"
}
}
"
Australia
:
Melbourne
"
{
ec
{
"
Melbourne
"
}
}
"
Australia
:
Perth
"
{
ec
{
"
Perth
"
}
}
"
Australia
:
Sydney
"
{
ec
{
"
Sidney
"
}
}
"
Etc
:
UTC
"
{
ls
{
"
Horario
universal
coordinado
"
}
}
"
Etc
:
Unknown
"
{
ec
{
"
Cidade
desco
ecida
"
}
}
"
Europe
:
Amsterdam
"
{
ec
{
"
msterdam
"
}
}
"
Europe
:
Andorra
"
{
ec
{
"
Andorra
"
}
}
"
Europe
:
Astrakhan
"
{
ec
{
"
Astrak
n
"
}
}
"
Europe
:
Athens
"
{
ec
{
"
Atenas
"
}
}
"
Europe
:
Belgrade
"
{
ec
{
"
Belgrado
"
}
}
"
Europe
:
Berlin
"
{
ec
{
"
Berl
n
"
}
}
"
Europe
:
Bratislava
"
{
ec
{
"
Bratislava
"
}
}
"
Europe
:
Brussels
"
{
ec
{
"
Bruxelas
"
}
}
"
Europe
:
Bucharest
"
{
ec
{
"
Bucarest
"
}
}
"
Europe
:
Budapest
"
{
ec
{
"
Budapest
"
}
}
"
Europe
:
Busingen
"
{
ec
{
"
Busingen
"
}
}
"
Europe
:
Chisinau
"
{
ec
{
"
Chisinau
"
}
}
"
Europe
:
Copenhagen
"
{
ec
{
"
Copenhague
"
}
}
"
Europe
:
Dublin
"
{
ec
{
"
Dubl
n
"
}
ld
{
"
Horario
est
ndar
irland
s
"
}
}
"
Europe
:
Gibraltar
"
{
ec
{
"
Xibraltar
"
}
}
"
Europe
:
Guernsey
"
{
ec
{
"
Guernsey
"
}
}
"
Europe
:
Helsinki
"
{
ec
{
"
Helsinqui
"
}
}
"
Europe
:
Isle_of_Man
"
{
ec
{
"
Illa
de
Man
"
}
}
"
Europe
:
Istanbul
"
{
ec
{
"
Istanbul
"
}
}
"
Europe
:
Jersey
"
{
ec
{
"
Jersey
"
}
}
"
Europe
:
Kaliningrad
"
{
ec
{
"
Kaliningrado
"
}
}
"
Europe
:
Kiev
"
{
ec
{
"
Kiev
"
}
}
"
Europe
:
Kirov
"
{
ec
{
"
Kirov
"
}
}
"
Europe
:
Lisbon
"
{
ec
{
"
Lisboa
"
}
}
"
Europe
:
Ljubljana
"
{
ec
{
"
Liubliana
"
}
}
"
Europe
:
London
"
{
ec
{
"
Londres
"
}
ld
{
"
Horario
de
ver
n
brit
nico
"
}
}
"
Europe
:
Luxembourg
"
{
ec
{
"
Luxemburgo
"
}
}
"
Europe
:
Madrid
"
{
ec
{
"
Madrid
"
}
}
"
Europe
:
Malta
"
{
ec
{
"
Malta
"
}
}
"
Europe
:
Mariehamn
"
{
ec
{
"
Mariehamn
"
}
}
"
Europe
:
Minsk
"
{
ec
{
"
Minsk
"
}
}
"
Europe
:
Monaco
"
{
ec
{
"
M
naco
"
}
}
"
Europe
:
Moscow
"
{
ec
{
"
Moscova
"
}
}
"
Europe
:
Oslo
"
{
ec
{
"
Oslo
"
}
}
"
Europe
:
Paris
"
{
ec
{
"
Par
s
"
}
}
"
Europe
:
Podgorica
"
{
ec
{
"
Podgorica
"
}
}
"
Europe
:
Prague
"
{
ec
{
"
Praga
"
}
}
"
Europe
:
Riga
"
{
ec
{
"
Riga
"
}
}
"
Europe
:
Rome
"
{
ec
{
"
Roma
"
}
}
"
Europe
:
Samara
"
{
ec
{
"
Samara
"
}
}
"
Europe
:
San_Marino
"
{
ec
{
"
San
Marino
"
}
}
"
Europe
:
Sarajevo
"
{
ec
{
"
Saraievo
"
}
}
"
Europe
:
Saratov
"
{
ec
{
"
Saratov
"
}
}
"
Europe
:
Simferopol
"
{
ec
{
"
Simfer
pol
"
}
}
"
Europe
:
Skopje
"
{
ec
{
"
Skopje
"
}
}
"
Europe
:
Sofia
"
{
ec
{
"
Sof
a
"
}
}
"
Europe
:
Stockholm
"
{
ec
{
"
Estocolmo
"
}
}
"
Europe
:
Tallinn
"
{
ec
{
"
Tallinn
"
}
}
"
Europe
:
Tirane
"
{
ec
{
"
Tirana
"
}
}
"
Europe
:
Ulyanovsk
"
{
ec
{
"
Ulianovsk
"
}
}
"
Europe
:
Uzhgorod
"
{
ec
{
"
Uzghorod
"
}
}
"
Europe
:
Vaduz
"
{
ec
{
"
Vaduz
"
}
}
"
Europe
:
Vatican
"
{
ec
{
"
Vaticano
"
}
}
"
Europe
:
Vienna
"
{
ec
{
"
Viena
"
}
}
"
Europe
:
Vilnius
"
{
ec
{
"
Vilnius
"
}
}
"
Europe
:
Volgograd
"
{
ec
{
"
Volgogrado
"
}
}
"
Europe
:
Warsaw
"
{
ec
{
"
Varsovia
"
}
}
"
Europe
:
Zagreb
"
{
ec
{
"
Zagreb
"
}
}
"
Europe
:
Zaporozhye
"
{
ec
{
"
Zaporizhia
"
}
}
"
Europe
:
Zurich
"
{
ec
{
"
Z
rich
"
}
}
"
Indian
:
Antananarivo
"
{
ec
{
"
Antananarivo
"
}
}
"
Indian
:
Chagos
"
{
ec
{
"
Chagos
"
}
}
"
Indian
:
Christmas
"
{
ec
{
"
Illa
Christmas
"
}
}
"
Indian
:
Cocos
"
{
ec
{
"
Cocos
"
}
}
"
Indian
:
Comoro
"
{
ec
{
"
Comores
"
}
}
"
Indian
:
Kerguelen
"
{
ec
{
"
Kerguelen
"
}
}
"
Indian
:
Mahe
"
{
ec
{
"
Mah
"
}
}
"
Indian
:
Maldives
"
{
ec
{
"
Maldivas
"
}
}
"
Indian
:
Mauritius
"
{
ec
{
"
Mauricio
"
}
}
"
Indian
:
Mayotte
"
{
ec
{
"
Mayotte
"
}
}
"
Indian
:
Reunion
"
{
ec
{
"
Reuni
n
"
}
}
"
Pacific
:
Apia
"
{
ec
{
"
Apia
"
}
}
"
Pacific
:
Auckland
"
{
ec
{
"
Auckland
"
}
}
"
Pacific
:
Bougainville
"
{
ec
{
"
Bougainville
"
}
}
"
Pacific
:
Chatham
"
{
ec
{
"
Chatham
"
}
}
"
Pacific
:
Easter
"
{
ec
{
"
Illa
de
Pascua
"
}
}
"
Pacific
:
Efate
"
{
ec
{
"
Efate
"
}
}
"
Pacific
:
Enderbury
"
{
ec
{
"
Enderbury
"
}
}
"
Pacific
:
Fakaofo
"
{
ec
{
"
Fakaofo
"
}
}
"
Pacific
:
Fiji
"
{
ec
{
"
Fixi
"
}
}
"
Pacific
:
Funafuti
"
{
ec
{
"
Funafuti
"
}
}
"
Pacific
:
Galapagos
"
{
ec
{
"
Illas
Gal
pagos
"
}
}
"
Pacific
:
Gambier
"
{
ec
{
"
Gambier
"
}
}
"
Pacific
:
Guadalcanal
"
{
ec
{
"
Guadalcanal
"
}
}
"
Pacific
:
Guam
"
{
ec
{
"
Guam
"
}
}
"
Pacific
:
Honolulu
"
{
ec
{
"
Honolul
"
}
}
"
Pacific
:
Johnston
"
{
ec
{
"
Johnston
"
}
}
"
Pacific
:
Kiritimati
"
{
ec
{
"
Kiritimati
"
}
}
"
Pacific
:
Kosrae
"
{
ec
{
"
Kosrae
"
}
}
"
Pacific
:
Kwajalein
"
{
ec
{
"
Kwajalein
"
}
}
"
Pacific
:
Majuro
"
{
ec
{
"
Majuro
"
}
}
"
Pacific
:
Marquesas
"
{
ec
{
"
Marquesas
"
}
}
"
Pacific
:
Midway
"
{
ec
{
"
Midway
"
}
}
"
Pacific
:
Nauru
"
{
ec
{
"
Nauru
"
}
}
"
Pacific
:
Niue
"
{
ec
{
"
Niue
"
}
}
"
Pacific
:
Norfolk
"
{
ec
{
"
Norfolk
"
}
}
"
Pacific
:
Noumea
"
{
ec
{
"
Noumea
"
}
}
"
Pacific
:
Pago_Pago
"
{
ec
{
"
Pago
Pago
"
}
}
"
Pacific
:
Palau
"
{
ec
{
"
Palau
"
}
}
"
Pacific
:
Pitcairn
"
{
ec
{
"
Pitcairn
"
}
}
"
Pacific
:
Ponape
"
{
ec
{
"
Pohnpei
"
}
}
"
Pacific
:
Port_Moresby
"
{
ec
{
"
Port
Moresby
"
}
}
"
Pacific
:
Rarotonga
"
{
ec
{
"
Rarotonga
"
}
}
"
Pacific
:
Saipan
"
{
ec
{
"
Saipan
"
}
}
"
Pacific
:
Tahiti
"
{
ec
{
"
Tahit
"
}
}
"
Pacific
:
Tarawa
"
{
ec
{
"
Tarawa
"
}
}
"
Pacific
:
Tongatapu
"
{
ec
{
"
Tongatapu
"
}
}
"
Pacific
:
Truk
"
{
ec
{
"
Chuuk
"
}
}
"
Pacific
:
Wake
"
{
ec
{
"
Wake
"
}
}
"
Pacific
:
Wallis
"
{
ec
{
"
Wallis
"
}
}
"
meta
:
Afghanistan
"
{
ls
{
"
Horario
de
Afganist
n
"
}
}
"
meta
:
Africa_Central
"
{
ls
{
"
Horario
de
frica
Central
"
}
}
"
meta
:
Africa_Eastern
"
{
ls
{
"
Horario
de
frica
Oriental
"
}
}
"
meta
:
Africa_Southern
"
{
ls
{
"
Horario
de
frica
Meridional
"
}
}
"
meta
:
Africa_Western
"
{
ld
{
"
Horario
de
ver
n
de
frica
Occidental
"
}
lg
{
"
Horario
de
frica
Occidental
"
}
ls
{
"
Horario
est
ndar
de
frica
Occidental
"
}
}
"
meta
:
Alaska
"
{
ld
{
"
Horario
de
ver
n
de
Alasca
"
}
lg
{
"
Horario
de
Alasca
"
}
ls
{
"
Horario
est
ndar
de
Alasca
"
}
}
"
meta
:
Amazon
"
{
ld
{
"
Horario
de
ver
n
do
Amazonas
"
}
lg
{
"
Horario
do
Amazonas
"
}
ls
{
"
Horario
est
ndar
do
Amazonas
"
}
}
"
meta
:
America_Central
"
{
ld
{
"
Horario
de
ver
n
central
Norteam
rica
"
}
lg
{
"
Horario
central
Norteam
rica
"
}
ls
{
"
Horario
est
ndar
central
Norteam
rica
"
}
}
"
meta
:
America_Eastern
"
{
ld
{
"
Horario
de
ver
n
do
leste
Am
rica
do
Norte
"
}
lg
{
"
Horario
do
leste
Am
rica
do
Norte
"
}
ls
{
"
Horario
est
ndar
do
leste
Am
rica
do
Norte
"
}
}
"
meta
:
America_Mountain
"
{
ld
{
"
Horario
de
ver
n
da
monta
a
Am
rica
do
Norte
"
}
lg
{
"
Horario
da
monta
a
Am
rica
do
Norte
"
}
ls
{
"
Horario
est
ndar
da
monta
a
Am
rica
do
Norte
"
}
}
"
meta
:
America_Pacific
"
{
ld
{
"
Horario
de
ver
n
do
Pac
fico
Am
rica
do
Norte
"
}
lg
{
"
Horario
do
Pac
fico
Am
rica
do
Norte
"
}
ls
{
"
Horario
est
ndar
do
Pac
fico
Am
rica
do
Norte
"
}
}
"
meta
:
Anadyr
"
{
ld
{
"
Horario
de
ver
n
de
Anadir
"
}
lg
{
"
Horario
de
Anadir
"
}
ls
{
"
Horario
est
ndar
de
Anadir
"
}
}
"
meta
:
Apia
"
{
ld
{
"
Horario
de
ver
n
de
Apia
"
}
lg
{
"
Horario
de
Apia
"
}
ls
{
"
Horario
est
ndar
de
Apia
"
}
}
"
meta
:
Arabian
"
{
ld
{
"
Horario
de
ver
n
rabe
"
}
lg
{
"
Horario
rabe
"
}
ls
{
"
Horario
est
ndar
rabe
"
}
}
"
meta
:
Argentina
"
{
ld
{
"
Horario
de
ver
n
da
Arxentina
"
}
lg
{
"
Horario
da
Arxentina
"
}
ls
{
"
Horario
est
ndar
da
Arxentina
"
}
}
"
meta
:
Argentina_Western
"
{
ld
{
"
Horario
de
ver
n
da
Arxentina
Occidental
"
}
lg
{
"
Horario
da
Arxentina
Occidental
"
}
ls
{
"
Horario
est
ndar
da
Arxentina
Occidental
"
}
}
"
meta
:
Armenia
"
{
ld
{
"
Horario
de
ver
n
de
Armenia
"
}
lg
{
"
Horario
de
Armenia
"
}
ls
{
"
Horario
est
ndar
de
Armenia
"
}
}
"
meta
:
Atlantic
"
{
ld
{
"
Horario
de
ver
n
do
Atl
ntico
"
}
lg
{
"
Horario
do
Atl
ntico
"
}
ls
{
"
Horario
est
ndar
do
Atl
ntico
"
}
}
"
meta
:
Australia_Central
"
{
ld
{
"
Horario
de
ver
n
de
Australia
Central
"
}
lg
{
"
Horario
de
Australia
Central
"
}
ls
{
"
Horario
est
ndar
de
Australia
Central
"
}
}
"
meta
:
Australia_CentralWestern
"
{
ld
{
"
Horario
de
ver
n
de
Australia
Occidental
Central
"
}
lg
{
"
Horario
de
Australia
Occidental
Central
"
}
ls
{
"
Horario
est
ndar
de
Australia
Occidental
Central
"
}
}
"
meta
:
Australia_Eastern
"
{
ld
{
"
Horario
de
ver
n
de
Australia
Oriental
"
}
lg
{
"
Horario
de
Australia
Oriental
"
}
ls
{
"
Horario
est
ndar
de
Australia
Oriental
"
}
}
"
meta
:
Australia_Western
"
{
ld
{
"
Horario
de
ver
n
de
Australia
Occidental
"
}
lg
{
"
Horario
de
Australia
Occidental
"
}
ls
{
"
Horario
est
ndar
de
Australia
Occidental
"
}
}
"
meta
:
Azerbaijan
"
{
ld
{
"
Horario
de
ver
n
de
Acerbaix
n
"
}
lg
{
"
Horario
de
Acerbaix
n
"
}
ls
{
"
Horario
est
ndar
de
Acerbaix
n
"
}
}
"
meta
:
Azores
"
{
ld
{
"
Horario
de
ver
n
dos
Azores
"
}
lg
{
"
Horario
dos
Azores
"
}
ls
{
"
Horario
est
ndar
dos
Azores
"
}
}
"
meta
:
Bangladesh
"
{
ld
{
"
Horario
de
ver
n
de
Bangladesh
"
}
lg
{
"
Horario
de
Bangladesh
"
}
ls
{
"
Horario
est
ndar
de
Bangladesh
"
}
}
"
meta
:
Bhutan
"
{
ls
{
"
Horario
de
But
n
"
}
}
"
meta
:
Bolivia
"
{
ls
{
"
Horario
de
Bolivia
"
}
}
"
meta
:
Brasilia
"
{
ld
{
"
Horario
de
ver
n
de
Brasilia
"
}
lg
{
"
Horario
de
Brasilia
"
}
ls
{
"
Horario
est
ndar
de
Brasilia
"
}
}
"
meta
:
Brunei
"
{
ls
{
"
Horario
de
Brunei
Darussalam
"
}
}
"
meta
:
Cape_Verde
"
{
ld
{
"
Horario
de
ver
n
de
Cabo
Verde
"
}
lg
{
"
Horario
de
Cabo
Verde
"
}
ls
{
"
Horario
est
ndar
de
Cabo
Verde
"
}
}
"
meta
:
Chamorro
"
{
ls
{
"
Horario
est
ndar
chamorro
"
}
}
"
meta
:
Chatham
"
{
ld
{
"
Horario
de
ver
n
de
Chatham
"
}
lg
{
"
Horario
de
Chatham
"
}
ls
{
"
Horario
est
ndar
de
Chatham
"
}
}
"
meta
:
Chile
"
{
ld
{
"
Horario
de
ver
n
de
Chile
"
}
lg
{
"
Horario
de
Chile
"
}
ls
{
"
Horario
est
ndar
de
Chile
"
}
}
"
meta
:
China
"
{
ld
{
"
Horario
de
ver
n
da
China
"
}
lg
{
"
Horario
da
China
"
}
ls
{
"
Horario
est
ndar
da
China
"
}
}
"
meta
:
Choibalsan
"
{
ld
{
"
Horario
de
ver
n
de
Choibalsan
"
}
lg
{
"
Horario
de
Choibalsan
"
}
ls
{
"
Horario
est
ndar
de
Choibalsan
"
}
}
"
meta
:
Christmas
"
{
ls
{
"
Horario
da
Illa
Christmas
"
}
}
"
meta
:
Cocos
"
{
ls
{
"
Horario
das
Illas
Cocos
"
}
}
"
meta
:
Colombia
"
{
ld
{
"
Horario
de
ver
n
de
Colombia
"
}
lg
{
"
Horario
de
Colombia
"
}
ls
{
"
Horario
est
ndar
de
Colombia
"
}
}
"
meta
:
Cook
"
{
ld
{
"
Horario
de
ver
n
medio
das
Illas
Cook
"
}
lg
{
"
Horario
das
Illas
Cook
"
}
ls
{
"
Horario
est
ndar
das
Illas
Cook
"
}
}
"
meta
:
Cuba
"
{
ld
{
"
Horario
de
ver
n
de
Cuba
"
}
lg
{
"
Horario
de
Cuba
"
}
ls
{
"
Horario
est
ndar
de
Cuba
"
}
}
"
meta
:
Davis
"
{
ls
{
"
Horario
de
Davis
"
}
}
"
meta
:
DumontDUrville
"
{
ls
{
"
Horario
de
Dumont
-
d
Urville
"
}
}
"
meta
:
East_Timor
"
{
ls
{
"
Horario
de
Timor
Leste
"
}
}
"
meta
:
Easter
"
{
ld
{
"
Horario
de
ver
n
da
Illa
de
Pascua
"
}
lg
{
"
Horario
da
Illa
de
Pascua
"
}
ls
{
"
Horario
est
ndar
da
Illa
de
Pascua
"
}
}
"
meta
:
Ecuador
"
{
ls
{
"
Horario
de
Ecuador
"
}
}
"
meta
:
Europe_Central
"
{
ld
{
"
Horario
de
ver
n
de
Europa
Central
"
}
lg
{
"
Horario
de
Europa
Central
"
}
ls
{
"
Horario
est
ndar
de
Europa
Central
"
}
sd
{
"
CEST
"
}
sg
{
"
CET
"
}
ss
{
"
CET
"
}
}
"
meta
:
Europe_Eastern
"
{
ld
{
"
Horario
de
ver
n
de
Europa
Oriental
"
}
lg
{
"
Horario
de
Europa
Oriental
"
}
ls
{
"
Horario
est
ndar
de
Europa
Oriental
"
}
sd
{
"
EEST
"
}
sg
{
"
EET
"
}
ss
{
"
EET
"
}
}
"
meta
:
Europe_Further_Eastern
"
{
ls
{
"
Horario
do
extremo
leste
europeo
"
}
}
"
meta
:
Europe_Western
"
{
ld
{
"
Horario
de
ver
n
de
Europa
Occidental
"
}
lg
{
"
Horario
de
Europa
Occidental
"
}
ls
{
"
Horario
est
ndar
de
Europa
Occidental
"
}
sd
{
"
WEST
"
}
sg
{
"
WET
"
}
ss
{
"
WET
"
}
}
"
meta
:
Falkland
"
{
ld
{
"
Horario
de
ver
n
das
Illas
Malvinas
"
}
lg
{
"
Horario
das
Illas
Malvinas
"
}
ls
{
"
Horario
est
ndar
das
Illas
Malvinas
"
}
}
"
meta
:
Fiji
"
{
ld
{
"
Horario
de
ver
n
de
Fixi
"
}
lg
{
"
Horario
de
Fixi
"
}
ls
{
"
Horario
est
ndar
de
Fixi
"
}
}
"
meta
:
French_Guiana
"
{
ls
{
"
Horario
da
G
iana
Francesa
"
}
}
"
meta
:
French_Southern
"
{
ls
{
"
Horario
das
Terras
Austrais
e
Ant
rticas
Francesas
"
}
}
"
meta
:
GMT
"
{
ls
{
"
Horario
do
meridiano
de
Greenwich
"
}
ss
{
"
GMT
"
}
}
"
meta
:
Galapagos
"
{
ls
{
"
Horario
das
Gal
pagos
"
}
}
"
meta
:
Gambier
"
{
ls
{
"
Horario
de
Gambier
"
}
}
"
meta
:
Georgia
"
{
ld
{
"
Horario
de
ver
n
de
Xeorxia
"
}
lg
{
"
Horario
de
Xeorxia
"
}
ls
{
"
Horario
est
ndar
de
Xeorxia
"
}
}
"
meta
:
Gilbert_Islands
"
{
ls
{
"
Horario
das
Illas
Gilbert
"
}
}
"
meta
:
Greenland_Eastern
"
{
ld
{
"
Horario
de
ver
n
de
Groenlandia
Oriental
"
}
lg
{
"
Horario
de
Groenlandia
Oriental
"
}
ls
{
"
Horario
est
ndar
de
Groenlandia
Oriental
"
}
}
"
meta
:
Greenland_Western
"
{
ld
{
"
Horario
de
ver
n
de
Groenlandia
Occidental
"
}
lg
{
"
Horario
de
Groenlandia
Occidental
"
}
ls
{
"
Horario
est
ndar
de
Groenlandia
Occidental
"
}
}
"
meta
:
Gulf
"
{
ls
{
"
Horario
do
Golfo
"
}
}
"
meta
:
Guyana
"
{
ls
{
"
Horario
da
G
iana
"
}
}
"
meta
:
Hawaii_Aleutian
"
{
ld
{
"
Horario
de
ver
n
de
Hawai
-
illas
Aleutianas
"
}
lg
{
"
Horario
de
Hawai
-
illas
Aleutianas
"
}
ls
{
"
Horario
est
ndar
de
Hawai
-
illas
Aleutianas
"
}
}
"
meta
:
Hong_Kong
"
{
ld
{
"
Horario
de
ver
n
de
Hong
Kong
"
}
lg
{
"
Horario
de
Hong
Kong
"
}
ls
{
"
Horario
est
ndar
de
Hong
Kong
"
}
}
"
meta
:
Hovd
"
{
ld
{
"
Horario
de
ver
n
de
Hovd
"
}
lg
{
"
Horario
de
Hovd
"
}
ls
{
"
Horario
est
ndar
de
Hovd
"
}
}
"
meta
:
India
"
{
ls
{
"
Horario
da
India
"
}
}
"
meta
:
Indian_Ocean
"
{
ls
{
"
Horario
do
Oc
ano
ndico
"
}
}
"
meta
:
Indochina
"
{
ls
{
"
Horario
de
Indochina
"
}
}
"
meta
:
Indonesia_Central
"
{
ls
{
"
Horario
de
Indonesia
Central
"
}
}
"
meta
:
Indonesia_Eastern
"
{
ls
{
"
Horario
de
Indonesia
Oriental
"
}
}
"
meta
:
Indonesia_Western
"
{
ls
{
"
Horario
de
Indonesia
Occidental
"
}
}
"
meta
:
Iran
"
{
ld
{
"
Horario
de
ver
n
de
Ir
n
"
}
lg
{
"
Horario
de
Ir
n
"
}
ls
{
"
Horario
est
ndar
de
Ir
n
"
}
}
"
meta
:
Irkutsk
"
{
ld
{
"
Horario
de
ver
n
de
Irkutsk
"
}
lg
{
"
Horario
de
Irkutsk
"
}
ls
{
"
Horario
est
ndar
de
Irkutsk
"
}
}
"
meta
:
Israel
"
{
ld
{
"
Horario
de
ver
n
de
Israel
"
}
lg
{
"
Horario
de
Israel
"
}
ls
{
"
Horario
est
ndar
de
Israel
"
}
}
"
meta
:
Japan
"
{
ld
{
"
Horario
de
ver
n
do
Xap
n
"
}
lg
{
"
Horario
do
Xap
n
"
}
ls
{
"
Horario
est
ndar
do
Xap
n
"
}
}
"
meta
:
Kamchatka
"
{
ld
{
"
Horario
de
ver
n
de
Petrop
vlovsk
-
Kamchatski
"
}
lg
{
"
Horario
de
Petrop
vlovsk
-
Kamchatski
"
}
ls
{
"
Horario
est
ndar
de
Petrop
vlovsk
-
Kamchatski
"
}
}
"
meta
:
Kazakhstan_Eastern
"
{
ls
{
"
Horario
de
Kazakist
n
Oriental
"
}
}
"
meta
:
Kazakhstan_Western
"
{
ls
{
"
Horario
de
Kazakist
n
Occidental
"
}
}
"
meta
:
Korea
"
{
ld
{
"
Horario
de
ver
n
de
Corea
"
}
lg
{
"
Horario
de
Corea
"
}
ls
{
"
Horario
est
ndar
de
Corea
"
}
}
"
meta
:
Kosrae
"
{
ls
{
"
Horario
de
Kosrae
"
}
}
"
meta
:
Krasnoyarsk
"
{
ld
{
"
Horario
de
ver
n
de
Krasnoiarsk
"
}
lg
{
"
Horario
de
Krasnoiarsk
"
}
ls
{
"
Horario
est
ndar
de
Krasnoiarsk
"
}
}
"
meta
:
Kyrgystan
"
{
ls
{
"
Horario
de
Kirguizist
n
"
}
}
"
meta
:
Line_Islands
"
{
ls
{
"
Horario
das
Illas
da
Li
a
"
}
}
"
meta
:
Lord_Howe
"
{
ld
{
"
Horario
de
ver
n
de
Lord
Howe
"
}
lg
{
"
Horario
de
Lord
Howe
"
}
ls
{
"
Horario
est
ndar
de
Lord
Howe
"
}
}
"
meta
:
Macquarie
"
{
ls
{
"
Horario
da
Illa
Macquarie
"
}
}
"
meta
:
Magadan
"
{
ld
{
"
Horario
de
ver
n
de
Magadan
"
}
lg
{
"
Horario
de
Magadan
"
}
ls
{
"
Horario
est
ndar
de
Magadan
"
}
}
"
meta
:
Malaysia
"
{
ls
{
"
Horario
de
Malaisia
"
}
}
"
meta
:
Maldives
"
{
ls
{
"
Horario
das
Maldivas
"
}
}
"
meta
:
Marquesas
"
{
ls
{
"
Horario
das
Marquesas
"
}
}
"
meta
:
Marshall_Islands
"
{
ls
{
"
Horario
das
Illas
Marshall
"
}
}
"
meta
:
Mauritius
"
{
ld
{
"
Horario
de
ver
n
de
Mauricio
"
}
lg
{
"
Horario
de
Mauricio
"
}
ls
{
"
Horario
est
ndar
de
Mauricio
"
}
}
"
meta
:
Mawson
"
{
ls
{
"
Horario
de
Mawson
"
}
}
"
meta
:
Mexico_Northwest
"
{
ld
{
"
Horario
de
ver
n
do
noroeste
de
M
xico
"
}
lg
{
"
Horario
do
noroeste
de
M
xico
"
}
ls
{
"
Horario
est
ndar
do
noroeste
de
M
xico
"
}
}
"
meta
:
Mexico_Pacific
"
{
ld
{
"
Horario
de
ver
n
do
Pac
fico
mexicano
"
}
lg
{
"
Horario
do
Pac
fico
mexicano
"
}
ls
{
"
Horario
est
ndar
do
Pac
fico
mexicano
"
}
}
"
meta
:
Mongolia
"
{
ld
{
"
Horario
de
ver
n
de
Ulaanbaatar
"
}
lg
{
"
Horario
de
Ulaanbaatar
"
}
ls
{
"
Horario
est
ndar
de
Ulaanbaatar
"
}
}
"
meta
:
Moscow
"
{
ld
{
"
Horario
de
ver
n
de
Moscova
"
}
lg
{
"
Horario
de
Moscova
"
}
ls
{
"
Horario
est
ndar
de
Moscova
"
}
}
"
meta
:
Myanmar
"
{
ls
{
"
Horario
de
Myanmar
"
}
}
"
meta
:
Nauru
"
{
ls
{
"
Horario
de
Nauru
"
}
}
"
meta
:
Nepal
"
{
ls
{
"
Horario
de
Nepal
"
}
}
"
meta
:
New_Caledonia
"
{
ld
{
"
Horario
de
ver
n
de
Nova
Caledonia
"
}
lg
{
"
Horario
de
Nova
Caledonia
"
}
ls
{
"
Horario
est
ndar
de
Nova
Caledonia
"
}
}
"
meta
:
New_Zealand
"
{
ld
{
"
Horario
de
ver
n
de
Nova
Zelandia
"
}
lg
{
"
Horario
de
Nova
Zelandia
"
}
ls
{
"
Horario
est
ndar
de
Nova
Zelandia
"
}
}
"
meta
:
Newfoundland
"
{
ld
{
"
Horario
de
ver
n
de
Terra
Nova
"
}
lg
{
"
Horario
de
Terra
Nova
"
}
ls
{
"
Horario
est
ndar
de
Terra
Nova
"
}
}
"
meta
:
Niue
"
{
ls
{
"
Horario
de
Niue
"
}
}
"
meta
:
Norfolk
"
{
ls
{
"
Horario
da
Illa
Norfolk
"
}
}
"
meta
:
Noronha
"
{
ld
{
"
Horario
de
ver
n
de
Fernando
de
Noronha
"
}
lg
{
"
Horario
de
Fernando
de
Noronha
"
}
ls
{
"
Horario
est
ndar
de
Fernando
de
Noronha
"
}
}
"
meta
:
Novosibirsk
"
{
ld
{
"
Horario
de
ver
n
de
Novosibirsk
"
}
lg
{
"
Horario
de
Novosibirsk
"
}
ls
{
"
Horario
est
ndar
de
Novosibirsk
"
}
}
"
meta
:
Omsk
"
{
ld
{
"
Horario
de
ver
n
de
Omsk
"
}
lg
{
"
Horario
de
Omsk
"
}
ls
{
"
Horario
est
ndar
de
Omsk
"
}
}
"
meta
:
Pakistan
"
{
ld
{
"
Horario
de
ver
n
de
Paquist
n
"
}
lg
{
"
Horario
de
Paquist
n
"
}
ls
{
"
Horario
est
ndar
de
Paquist
n
"
}
}
"
meta
:
Palau
"
{
ls
{
"
Horario
de
Palau
"
}
}
"
meta
:
Papua_New_Guinea
"
{
ls
{
"
Horario
de
Pap
a
-
Nova
Guinea
"
}
}
"
meta
:
Paraguay
"
{
ld
{
"
Horario
de
ver
n
do
Paraguai
"
}
lg
{
"
Horario
do
Paraguai
"
}
ls
{
"
Horario
est
ndar
do
Paraguai
"
}
}
"
meta
:
Peru
"
{
ld
{
"
Horario
de
ver
n
do
Per
"
}
lg
{
"
Horario
do
Per
"
}
ls
{
"
Horario
est
ndar
do
Per
"
}
}
"
meta
:
Philippines
"
{
ld
{
"
Horario
de
ver
n
de
Filipinas
"
}
lg
{
"
Horario
de
Filipinas
"
}
ls
{
"
Horario
est
ndar
de
Filipinas
"
}
}
"
meta
:
Phoenix_Islands
"
{
ls
{
"
Horario
das
Illas
F
nix
"
}
}
"
meta
:
Pierre_Miquelon
"
{
ld
{
"
Horario
de
ver
n
de
Saint
Pierre
et
Miquelon
"
}
lg
{
"
Horario
de
Saint
Pierre
et
Miquelon
"
}
ls
{
"
Horario
est
ndar
de
Saint
Pierre
et
Miquelon
"
}
}
"
meta
:
Pitcairn
"
{
ls
{
"
Horario
de
Pitcairn
"
}
}
"
meta
:
Ponape
"
{
ls
{
"
Horario
de
Pohnpei
"
}
}
"
meta
:
Pyongyang
"
{
ls
{
"
Horario
de
Pyongyang
"
}
}
"
meta
:
Reunion
"
{
ls
{
"
Horario
de
Reuni
n
"
}
}
"
meta
:
Rothera
"
{
ls
{
"
Horario
de
Rothera
"
}
}
"
meta
:
Sakhalin
"
{
ld
{
"
Horario
de
ver
n
de
Sakhal
n
"
}
lg
{
"
Horario
de
Sakhal
n
"
}
ls
{
"
Horario
est
ndar
de
Sakhal
n
"
}
}
"
meta
:
Samara
"
{
ld
{
"
Horario
de
ver
n
de
Samara
"
}
lg
{
"
Horario
de
Samara
"
}
ls
{
"
Horario
est
ndar
de
Samara
"
}
}
"
meta
:
Samoa
"
{
ld
{
"
Horario
de
ver
n
de
Samoa
"
}
lg
{
"
Horario
de
Samoa
"
}
ls
{
"
Horario
est
ndar
de
Samoa
"
}
}
"
meta
:
Seychelles
"
{
ls
{
"
Horario
das
Seychelles
"
}
}
"
meta
:
Singapore
"
{
ls
{
"
Horario
de
Singapur
"
}
}
"
meta
:
Solomon
"
{
ls
{
"
Horario
das
Illas
Salom
n
"
}
}
"
meta
:
South_Georgia
"
{
ls
{
"
Horario
de
Xeorxia
do
Sur
"
}
}
"
meta
:
Suriname
"
{
ls
{
"
Horario
de
Suriname
"
}
}
"
meta
:
Syowa
"
{
ls
{
"
Horario
de
Syowa
"
}
}
"
meta
:
Tahiti
"
{
ls
{
"
Horario
de
Tahit
"
}
}
"
meta
:
Taipei
"
{
ld
{
"
Horario
de
ver
n
de
Taipei
"
}
lg
{
"
Horario
de
Taipei
"
}
ls
{
"
Horario
est
ndar
de
Taipei
"
}
}
"
meta
:
Tajikistan
"
{
ls
{
"
Horario
de
Taxiquist
n
"
}
}
"
meta
:
Tokelau
"
{
ls
{
"
Horario
de
Tokelau
"
}
}
"
meta
:
Tonga
"
{
ld
{
"
Horario
de
ver
n
de
Tonga
"
}
lg
{
"
Horario
de
Tonga
"
}
ls
{
"
Horario
est
ndar
de
Tonga
"
}
}
"
meta
:
Truk
"
{
ls
{
"
Horario
de
Chuuk
"
}
}
"
meta
:
Turkmenistan
"
{
ld
{
"
Horario
de
ver
n
de
Turkmenist
n
"
}
lg
{
"
Horario
de
Turkmenist
n
"
}
ls
{
"
Horario
est
ndar
de
Turkmenist
n
"
}
}
"
meta
:
Tuvalu
"
{
ls
{
"
Horario
de
Tuvalu
"
}
}
"
meta
:
Uruguay
"
{
ld
{
"
Horario
de
ver
n
do
Uruguai
"
}
lg
{
"
Horario
do
Uruguai
"
}
ls
{
"
Horario
est
ndar
do
Uruguai
"
}
}
"
meta
:
Uzbekistan
"
{
ld
{
"
Horario
de
ver
n
de
Uzbekist
n
"
}
lg
{
"
Horario
de
Uzbekist
n
"
}
ls
{
"
Horario
est
ndar
de
Uzbekist
n
"
}
}
"
meta
:
Vanuatu
"
{
ld
{
"
Horario
de
ver
n
de
Vanuatu
"
}
lg
{
"
Horario
de
Vanuatu
"
}
ls
{
"
Horario
est
ndar
de
Vanuatu
"
}
}
"
meta
:
Venezuela
"
{
ls
{
"
Horario
de
Venezuela
"
}
}
"
meta
:
Vladivostok
"
{
ld
{
"
Horario
de
ver
n
de
Vladivostok
"
}
lg
{
"
Horario
de
Vladivostok
"
}
ls
{
"
Horario
est
ndar
de
Vladivostok
"
}
}
"
meta
:
Volgograd
"
{
ld
{
"
Horario
de
ver
n
de
Volgogrado
"
}
lg
{
"
Horario
de
Volgogrado
"
}
ls
{
"
Horario
est
ndar
de
Volgogrado
"
}
}
"
meta
:
Vostok
"
{
ls
{
"
Horario
de
Vostok
"
}
}
"
meta
:
Wake
"
{
ls
{
"
Horario
da
Illa
Wake
"
}
}
"
meta
:
Wallis
"
{
ls
{
"
Horario
de
Wallis
e
Futuna
"
}
}
"
meta
:
Yakutsk
"
{
ld
{
"
Horario
de
ver
n
de
Iakutsk
"
}
lg
{
"
Horario
de
Iakutsk
"
}
ls
{
"
Horario
est
ndar
de
Iakutsk
"
}
}
"
meta
:
Yekaterinburg
"
{
ld
{
"
Horario
de
ver
n
de
Ekaterimburgo
"
}
lg
{
"
Horario
de
Ekaterimburgo
"
}
ls
{
"
Horario
est
ndar
de
Ekaterimburgo
"
}
}
fallbackFormat
{
"
{
1
}
(
{
0
}
)
"
}
gmtFormat
{
"
GMT
{
0
}
"
}
gmtZeroFormat
{
"
GMT
"
}
hourFormat
{
"
+
HH
:
mm
;
-
HH
:
mm
"
}
regionFormat
{
"
Horario
de
:
{
0
}
"
}
regionFormatDaylight
{
"
Horario
de
ver
n
de
:
{
0
}
"
}
regionFormatStandard
{
"
Horario
est
ndar
de
:
{
0
}
"
}
}
}
