/
/
2016
and
later
:
Unicode
Inc
.
and
others
.
/
/
License
&
terms
of
use
:
http
:
/
/
www
.
unicode
.
org
/
copyright
.
html
#
License
hu
{
Version
{
"
36
.
1
"
}
zoneStrings
{
"
Africa
:
Abidjan
"
{
ec
{
"
Abidjan
"
}
}
"
Africa
:
Accra
"
{
ec
{
"
Accra
"
}
}
"
Africa
:
Addis_Ababa
"
{
ec
{
"
Addisz
-
Abeba
"
}
}
"
Africa
:
Algiers
"
{
ec
{
"
Alg
r
"
}
}
"
Africa
:
Asmera
"
{
ec
{
"
Asmera
"
}
}
"
Africa
:
Bamako
"
{
ec
{
"
Bamako
"
}
}
"
Africa
:
Bangui
"
{
ec
{
"
Bangui
"
}
}
"
Africa
:
Banjul
"
{
ec
{
"
Banjul
"
}
}
"
Africa
:
Bissau
"
{
ec
{
"
Bissau
"
}
}
"
Africa
:
Blantyre
"
{
ec
{
"
Blantyre
"
}
}
"
Africa
:
Brazzaville
"
{
ec
{
"
Brazzaville
"
}
}
"
Africa
:
Bujumbura
"
{
ec
{
"
Bujumbura
"
}
}
"
Africa
:
Cairo
"
{
ec
{
"
Kair
"
}
}
"
Africa
:
Casablanca
"
{
ec
{
"
Casablanca
"
}
}
"
Africa
:
Ceuta
"
{
ec
{
"
Ceuta
"
}
}
"
Africa
:
Conakry
"
{
ec
{
"
Conakry
"
}
}
"
Africa
:
Dakar
"
{
ec
{
"
Dakar
"
}
}
"
Africa
:
Dar_es_Salaam
"
{
ec
{
"
Dar
es
-
Salaam
"
}
}
"
Africa
:
Djibouti
"
{
ec
{
"
Dzsibuti
"
}
}
"
Africa
:
Douala
"
{
ec
{
"
Douala
"
}
}
"
Africa
:
El_Aaiun
"
{
ec
{
"
El
-
Aj
n
"
}
}
"
Africa
:
Freetown
"
{
ec
{
"
Freetown
"
}
}
"
Africa
:
Gaborone
"
{
ec
{
"
Gaborone
"
}
}
"
Africa
:
Harare
"
{
ec
{
"
Harare
"
}
}
"
Africa
:
Johannesburg
"
{
ec
{
"
Johannesburg
"
}
}
"
Africa
:
Juba
"
{
ec
{
"
Juba
"
}
}
"
Africa
:
Kampala
"
{
ec
{
"
Kampala
"
}
}
"
Africa
:
Khartoum
"
{
ec
{
"
Kart
m
"
}
}
"
Africa
:
Kigali
"
{
ec
{
"
Kigali
"
}
}
"
Africa
:
Kinshasa
"
{
ec
{
"
Kinshasa
"
}
}
"
Africa
:
Lagos
"
{
ec
{
"
Lagos
"
}
}
"
Africa
:
Libreville
"
{
ec
{
"
Libreville
"
}
}
"
Africa
:
Lome
"
{
ec
{
"
Lome
"
}
}
"
Africa
:
Luanda
"
{
ec
{
"
Luanda
"
}
}
"
Africa
:
Lubumbashi
"
{
ec
{
"
Lubumbashi
"
}
}
"
Africa
:
Lusaka
"
{
ec
{
"
Lusaka
"
}
}
"
Africa
:
Malabo
"
{
ec
{
"
Malab
"
}
}
"
Africa
:
Maputo
"
{
ec
{
"
Maputo
"
}
}
"
Africa
:
Maseru
"
{
ec
{
"
Maseru
"
}
}
"
Africa
:
Mbabane
"
{
ec
{
"
Mbabane
"
}
}
"
Africa
:
Mogadishu
"
{
ec
{
"
Mogadishu
"
}
}
"
Africa
:
Monrovia
"
{
ec
{
"
Monrovia
"
}
}
"
Africa
:
Nairobi
"
{
ec
{
"
Nairobi
"
}
}
"
Africa
:
Ndjamena
"
{
ec
{
"
Ndjamena
"
}
}
"
Africa
:
Niamey
"
{
ec
{
"
Niamey
"
}
}
"
Africa
:
Nouakchott
"
{
ec
{
"
Nouakchott
"
}
}
"
Africa
:
Ouagadougou
"
{
ec
{
"
Ouagadougou
"
}
}
"
Africa
:
Porto
-
Novo
"
{
ec
{
"
Porto
-
Novo
"
}
}
"
Africa
:
Sao_Tome
"
{
ec
{
"
S
o
Tom
"
}
}
"
Africa
:
Tripoli
"
{
ec
{
"
Tripoli
"
}
}
"
Africa
:
Tunis
"
{
ec
{
"
Tunisz
"
}
}
"
Africa
:
Windhoek
"
{
ec
{
"
Windhoek
"
}
}
"
America
:
Adak
"
{
ec
{
"
Adak
"
}
}
"
America
:
Anchorage
"
{
ec
{
"
Anchorage
"
}
}
"
America
:
Anguilla
"
{
ec
{
"
Anguilla
"
}
}
"
America
:
Antigua
"
{
ec
{
"
Antigua
"
}
}
"
America
:
Araguaina
"
{
ec
{
"
Aragua
na
"
}
}
"
America
:
Argentina
:
La_Rioja
"
{
ec
{
"
La
Rioja
"
}
}
"
America
:
Argentina
:
Rio_Gallegos
"
{
ec
{
"
R
o
Gallegos
"
}
}
"
America
:
Argentina
:
Salta
"
{
ec
{
"
Salta
"
}
}
"
America
:
Argentina
:
San_Juan
"
{
ec
{
"
San
Juan
"
}
}
"
America
:
Argentina
:
San_Luis
"
{
ec
{
"
San
Luis
"
}
}
"
America
:
Argentina
:
Tucuman
"
{
ec
{
"
Tucum
n
"
}
}
"
America
:
Argentina
:
Ushuaia
"
{
ec
{
"
Ushuaia
"
}
}
"
America
:
Aruba
"
{
ec
{
"
Aruba
"
}
}
"
America
:
Asuncion
"
{
ec
{
"
Asunci
n
"
}
}
"
America
:
Bahia
"
{
ec
{
"
Bahia
"
}
}
"
America
:
Bahia_Banderas
"
{
ec
{
"
Bahia
Banderas
"
}
}
"
America
:
Barbados
"
{
ec
{
"
Barbados
"
}
}
"
America
:
Belem
"
{
ec
{
"
Bel
m
"
}
}
"
America
:
Belize
"
{
ec
{
"
Belize
"
}
}
"
America
:
Blanc
-
Sablon
"
{
ec
{
"
Blanc
-
Sablon
"
}
}
"
America
:
Boa_Vista
"
{
ec
{
"
Boa
Vista
"
}
}
"
America
:
Bogota
"
{
ec
{
"
Bogot
"
}
}
"
America
:
Boise
"
{
ec
{
"
Boise
"
}
}
"
America
:
Buenos_Aires
"
{
ec
{
"
Buenos
Aires
"
}
}
"
America
:
Cambridge_Bay
"
{
ec
{
"
Cambridge
Bay
"
}
}
"
America
:
Campo_Grande
"
{
ec
{
"
Campo
Grande
"
}
}
"
America
:
Cancun
"
{
ec
{
"
Canc
n
"
}
}
"
America
:
Caracas
"
{
ec
{
"
Caracas
"
}
}
"
America
:
Catamarca
"
{
ec
{
"
Catamarca
"
}
}
"
America
:
Cayenne
"
{
ec
{
"
Cayenne
"
}
}
"
America
:
Cayman
"
{
ec
{
"
Kajm
n
-
szigetek
"
}
}
"
America
:
Chicago
"
{
ec
{
"
Chicago
"
}
}
"
America
:
Chihuahua
"
{
ec
{
"
Chihuahua
"
}
}
"
America
:
Coral_Harbour
"
{
ec
{
"
Atikokan
"
}
}
"
America
:
Cordoba
"
{
ec
{
"
C
rdoba
"
}
}
"
America
:
Costa_Rica
"
{
ec
{
"
Costa
Rica
"
}
}
"
America
:
Creston
"
{
ec
{
"
Creston
"
}
}
"
America
:
Cuiaba
"
{
ec
{
"
Cuiab
"
}
}
"
America
:
Curacao
"
{
ec
{
"
Cura
ao
"
}
}
"
America
:
Danmarkshavn
"
{
ec
{
"
Danmarkshavn
"
}
}
"
America
:
Dawson
"
{
ec
{
"
Dawson
"
}
}
"
America
:
Dawson_Creek
"
{
ec
{
"
Dawson
Creek
"
}
}
"
America
:
Denver
"
{
ec
{
"
Denver
"
}
}
"
America
:
Detroit
"
{
ec
{
"
Detroit
"
}
}
"
America
:
Dominica
"
{
ec
{
"
Dominika
"
}
}
"
America
:
Edmonton
"
{
ec
{
"
Edmonton
"
}
}
"
America
:
Eirunepe
"
{
ec
{
"
Eirunep
"
}
}
"
America
:
El_Salvador
"
{
ec
{
"
Salvador
"
}
}
"
America
:
Fort_Nelson
"
{
ec
{
"
Fort
Nelson
"
}
}
"
America
:
Fortaleza
"
{
ec
{
"
Fortaleza
"
}
}
"
America
:
Glace_Bay
"
{
ec
{
"
Glace
Bay
"
}
}
"
America
:
Godthab
"
{
ec
{
"
Nuuk
"
}
}
"
America
:
Goose_Bay
"
{
ec
{
"
Goose
Bay
"
}
}
"
America
:
Grand_Turk
"
{
ec
{
"
Grand
Turk
"
}
}
"
America
:
Grenada
"
{
ec
{
"
Grenada
"
}
}
"
America
:
Guadeloupe
"
{
ec
{
"
Guadeloupe
"
}
}
"
America
:
Guatemala
"
{
ec
{
"
Guatemala
"
}
}
"
America
:
Guayaquil
"
{
ec
{
"
Guayaquil
"
}
}
"
America
:
Guyana
"
{
ec
{
"
Guyana
"
}
}
"
America
:
Halifax
"
{
ec
{
"
Halifax
"
}
}
"
America
:
Havana
"
{
ec
{
"
Havanna
"
}
}
"
America
:
Hermosillo
"
{
ec
{
"
Hermosillo
"
}
}
"
America
:
Indiana
:
Knox
"
{
ec
{
"
Knox
Indiana
"
}
}
"
America
:
Indiana
:
Marengo
"
{
ec
{
"
Marengo
Indiana
"
}
}
"
America
:
Indiana
:
Petersburg
"
{
ec
{
"
Petersburg
Indiana
"
}
}
"
America
:
Indiana
:
Tell_City
"
{
ec
{
"
Tell
City
Indiana
"
}
}
"
America
:
Indiana
:
Vevay
"
{
ec
{
"
Vevay
Indiana
"
}
}
"
America
:
Indiana
:
Vincennes
"
{
ec
{
"
Vincennes
Indiana
"
}
}
"
America
:
Indiana
:
Winamac
"
{
ec
{
"
Winamac
Indiana
"
}
}
"
America
:
Indianapolis
"
{
ec
{
"
Indianapolis
"
}
}
"
America
:
Inuvik
"
{
ec
{
"
Inuvik
"
}
}
"
America
:
Iqaluit
"
{
ec
{
"
Iqaluit
"
}
}
"
America
:
Jamaica
"
{
ec
{
"
Jamaica
"
}
}
"
America
:
Jujuy
"
{
ec
{
"
Jujuy
"
}
}
"
America
:
Juneau
"
{
ec
{
"
Juneau
"
}
}
"
America
:
Kentucky
:
Monticello
"
{
ec
{
"
Monticello
Kentucky
"
}
}
"
America
:
Kralendijk
"
{
ec
{
"
Kralendijk
"
}
}
"
America
:
La_Paz
"
{
ec
{
"
La
Paz
"
}
}
"
America
:
Lima
"
{
ec
{
"
Lima
"
}
}
"
America
:
Los_Angeles
"
{
ec
{
"
Los
Angeles
"
}
}
"
America
:
Louisville
"
{
ec
{
"
Louisville
"
}
}
"
America
:
Lower_Princes
"
{
ec
{
"
Lower
Prince
s
Quarter
"
}
}
"
America
:
Maceio
"
{
ec
{
"
Macei
"
}
}
"
America
:
Managua
"
{
ec
{
"
Managua
"
}
}
"
America
:
Manaus
"
{
ec
{
"
Manaus
"
}
}
"
America
:
Marigot
"
{
ec
{
"
Marigot
"
}
}
"
America
:
Martinique
"
{
ec
{
"
Martinique
"
}
}
"
America
:
Matamoros
"
{
ec
{
"
Matamoros
"
}
}
"
America
:
Mazatlan
"
{
ec
{
"
Mazatl
n
"
}
}
"
America
:
Mendoza
"
{
ec
{
"
Mendoza
"
}
}
"
America
:
Menominee
"
{
ec
{
"
Menominee
"
}
}
"
America
:
Merida
"
{
ec
{
"
M
rida
"
}
}
"
America
:
Metlakatla
"
{
ec
{
"
Metlakatla
"
}
}
"
America
:
Mexico_City
"
{
ec
{
"
Mexik
v
ros
"
}
}
"
America
:
Miquelon
"
{
ec
{
"
Miquelon
"
}
}
"
America
:
Moncton
"
{
ec
{
"
Moncton
"
}
}
"
America
:
Monterrey
"
{
ec
{
"
Monterrey
"
}
}
"
America
:
Montevideo
"
{
ec
{
"
Montevideo
"
}
}
"
America
:
Montserrat
"
{
ec
{
"
Montserrat
"
}
}
"
America
:
Nassau
"
{
ec
{
"
Nassau
"
}
}
"
America
:
New_York
"
{
ec
{
"
New
York
"
}
}
"
America
:
Nipigon
"
{
ec
{
"
Nipigon
"
}
}
"
America
:
Nome
"
{
ec
{
"
Nome
"
}
}
"
America
:
Noronha
"
{
ec
{
"
Noronha
"
}
}
"
America
:
North_Dakota
:
Beulah
"
{
ec
{
"
Beulah
szak
-
Dakota
"
}
}
"
America
:
North_Dakota
:
Center
"
{
ec
{
"
Center
szak
-
Dakota
"
}
}
"
America
:
North_Dakota
:
New_Salem
"
{
ec
{
"
New
Salem
szak
-
Dakota
"
}
}
"
America
:
Ojinaga
"
{
ec
{
"
Ojinaga
"
}
}
"
America
:
Panama
"
{
ec
{
"
Panama
"
}
}
"
America
:
Pangnirtung
"
{
ec
{
"
Pangnirtung
"
}
}
"
America
:
Paramaribo
"
{
ec
{
"
Paramaribo
"
}
}
"
America
:
Phoenix
"
{
ec
{
"
Phoenix
"
}
}
"
America
:
Port
-
au
-
Prince
"
{
ec
{
"
Port
-
au
-
Prince
"
}
}
"
America
:
Port_of_Spain
"
{
ec
{
"
Port
of
Spain
"
}
}
"
America
:
Porto_Velho
"
{
ec
{
"
Porto
Velho
"
}
}
"
America
:
Puerto_Rico
"
{
ec
{
"
Puerto
Rico
"
}
}
"
America
:
Punta_Arenas
"
{
ec
{
"
Punta
Arenas
"
}
}
"
America
:
Rainy_River
"
{
ec
{
"
Rainy
River
"
}
}
"
America
:
Rankin_Inlet
"
{
ec
{
"
Rankin
Inlet
"
}
}
"
America
:
Recife
"
{
ec
{
"
Recife
"
}
}
"
America
:
Regina
"
{
ec
{
"
Regina
"
}
}
"
America
:
Resolute
"
{
ec
{
"
Resolute
"
}
}
"
America
:
Rio_Branco
"
{
ec
{
"
R
o
Branco
"
}
}
"
America
:
Santa_Isabel
"
{
ec
{
"
Santa
Isabel
"
}
}
"
America
:
Santarem
"
{
ec
{
"
Santarem
"
}
}
"
America
:
Santiago
"
{
ec
{
"
Santiago
"
}
}
"
America
:
Santo_Domingo
"
{
ec
{
"
Santo
Domingo
"
}
}
"
America
:
Sao_Paulo
"
{
ec
{
"
S
o
Paulo
"
}
}
"
America
:
Scoresbysund
"
{
ec
{
"
Ittoqqortoormiit
"
}
}
"
America
:
Sitka
"
{
ec
{
"
Sitka
"
}
}
"
America
:
St_Barthelemy
"
{
ec
{
"
Saint
-
Barth
lemy
"
}
}
"
America
:
St_Johns
"
{
ec
{
"
St
.
John
s
"
}
}
"
America
:
St_Kitts
"
{
ec
{
"
St
.
Kitts
"
}
}
"
America
:
St_Lucia
"
{
ec
{
"
St
.
Lucia
"
}
}
"
America
:
St_Thomas
"
{
ec
{
"
St
.
Thomas
"
}
}
"
America
:
St_Vincent
"
{
ec
{
"
St
.
Vincent
"
}
}
"
America
:
Swift_Current
"
{
ec
{
"
Swift
Current
"
}
}
"
America
:
Tegucigalpa
"
{
ec
{
"
Tegucigalpa
"
}
}
"
America
:
Thule
"
{
ec
{
"
Thule
"
}
}
"
America
:
Thunder_Bay
"
{
ec
{
"
Thunder
Bay
"
}
}
"
America
:
Tijuana
"
{
ec
{
"
Tijuana
"
}
}
"
America
:
Toronto
"
{
ec
{
"
Toronto
"
}
}
"
America
:
Tortola
"
{
ec
{
"
Tortola
"
}
}
"
America
:
Vancouver
"
{
ec
{
"
Vancouver
"
}
}
"
America
:
Whitehorse
"
{
ec
{
"
Whitehorse
"
}
}
"
America
:
Winnipeg
"
{
ec
{
"
Winnipeg
"
}
}
"
America
:
Yakutat
"
{
ec
{
"
Yakutat
"
}
}
"
America
:
Yellowknife
"
{
ec
{
"
Yellowknife
"
}
}
"
Antarctica
:
Casey
"
{
ec
{
"
Casey
"
}
}
"
Antarctica
:
Davis
"
{
ec
{
"
Davis
"
}
}
"
Antarctica
:
DumontDUrville
"
{
ec
{
"
Dumont
d
Urville
"
}
}
"
Antarctica
:
Macquarie
"
{
ec
{
"
Macquarie
"
}
}
"
Antarctica
:
Mawson
"
{
ec
{
"
Mawson
"
}
}
"
Antarctica
:
McMurdo
"
{
ec
{
"
McMurdo
"
}
}
"
Antarctica
:
Palmer
"
{
ec
{
"
Palmer
"
}
}
"
Antarctica
:
Rothera
"
{
ec
{
"
Rothera
"
}
}
"
Antarctica
:
Syowa
"
{
ec
{
"
Syowa
"
}
}
"
Antarctica
:
Troll
"
{
ec
{
"
Troll
"
}
}
"
Antarctica
:
Vostok
"
{
ec
{
"
Vosztok
"
}
}
"
Arctic
:
Longyearbyen
"
{
ec
{
"
Longyearbyen
"
}
}
"
Asia
:
Aden
"
{
ec
{
"
den
"
}
}
"
Asia
:
Almaty
"
{
ec
{
"
Alma
-
Ata
"
}
}
"
Asia
:
Amman
"
{
ec
{
"
Amm
n
"
}
}
"
Asia
:
Anadyr
"
{
ec
{
"
Anadir
"
}
}
"
Asia
:
Aqtau
"
{
ec
{
"
Aktau
"
}
}
"
Asia
:
Aqtobe
"
{
ec
{
"
Akt
be
"
}
}
"
Asia
:
Ashgabat
"
{
ec
{
"
Asgabat
"
}
}
"
Asia
:
Atyrau
"
{
ec
{
"
Atirau
"
}
}
"
Asia
:
Baghdad
"
{
ec
{
"
Bagdad
"
}
}
"
Asia
:
Bahrain
"
{
ec
{
"
Bahrein
"
}
}
"
Asia
:
Baku
"
{
ec
{
"
Baku
"
}
}
"
Asia
:
Bangkok
"
{
ec
{
"
Bangkok
"
}
}
"
Asia
:
Barnaul
"
{
ec
{
"
Barnaul
"
}
}
"
Asia
:
Beirut
"
{
ec
{
"
Bejr
t
"
}
}
"
Asia
:
Bishkek
"
{
ec
{
"
Biskek
"
}
}
"
Asia
:
Brunei
"
{
ec
{
"
Brunei
"
}
}
"
Asia
:
Calcutta
"
{
ec
{
"
Kalkutta
"
}
}
"
Asia
:
Chita
"
{
ec
{
"
Csita
"
}
}
"
Asia
:
Choibalsan
"
{
ec
{
"
Csojbalszan
"
}
}
"
Asia
:
Colombo
"
{
ec
{
"
Colombo
"
}
}
"
Asia
:
Damascus
"
{
ec
{
"
Damaszkusz
"
}
}
"
Asia
:
Dhaka
"
{
ec
{
"
Dakka
"
}
}
"
Asia
:
Dili
"
{
ec
{
"
Dili
"
}
}
"
Asia
:
Dubai
"
{
ec
{
"
Dubai
"
}
}
"
Asia
:
Dushanbe
"
{
ec
{
"
Dushanbe
"
}
}
"
Asia
:
Famagusta
"
{
ec
{
"
Famagusta
"
}
}
"
Asia
:
Gaza
"
{
ec
{
"
G
za
"
}
}
"
Asia
:
Hebron
"
{
ec
{
"
Hebron
"
}
}
"
Asia
:
Hong_Kong
"
{
ec
{
"
Hongkong
"
}
}
"
Asia
:
Hovd
"
{
ec
{
"
Hovd
"
}
}
"
Asia
:
Irkutsk
"
{
ec
{
"
Irkutszk
"
}
}
"
Asia
:
Jakarta
"
{
ec
{
"
Jakarta
"
}
}
"
Asia
:
Jayapura
"
{
ec
{
"
Jayapura
"
}
}
"
Asia
:
Jerusalem
"
{
ec
{
"
Jeruzs
lem
"
}
}
"
Asia
:
Kabul
"
{
ec
{
"
Kabul
"
}
}
"
Asia
:
Kamchatka
"
{
ec
{
"
Kamcsatka
"
}
}
"
Asia
:
Karachi
"
{
ec
{
"
Karacsi
"
}
}
"
Asia
:
Katmandu
"
{
ec
{
"
Katmandu
"
}
}
"
Asia
:
Khandyga
"
{
ec
{
"
Handiga
"
}
}
"
Asia
:
Krasnoyarsk
"
{
ec
{
"
Krasznojarszk
"
}
}
"
Asia
:
Kuala_Lumpur
"
{
ec
{
"
Kuala
Lumpur
"
}
}
"
Asia
:
Kuching
"
{
ec
{
"
Kucseng
"
}
}
"
Asia
:
Kuwait
"
{
ec
{
"
Kuvait
"
}
}
"
Asia
:
Macau
"
{
ec
{
"
Maka
"
}
}
"
Asia
:
Magadan
"
{
ec
{
"
Magad
n
"
}
}
"
Asia
:
Makassar
"
{
ec
{
"
Makasar
"
}
}
"
Asia
:
Manila
"
{
ec
{
"
Manila
"
}
}
"
Asia
:
Muscat
"
{
ec
{
"
Muscat
"
}
}
"
Asia
:
Nicosia
"
{
ec
{
"
Nicosia
"
}
}
"
Asia
:
Novokuznetsk
"
{
ec
{
"
Novokuznyeck
"
}
}
"
Asia
:
Novosibirsk
"
{
ec
{
"
Novoszibirszk
"
}
}
"
Asia
:
Omsk
"
{
ec
{
"
Omszk
"
}
}
"
Asia
:
Oral
"
{
ec
{
"
Oral
"
}
}
"
Asia
:
Phnom_Penh
"
{
ec
{
"
Phnom
Penh
"
}
}
"
Asia
:
Pontianak
"
{
ec
{
"
Pontianak
"
}
}
"
Asia
:
Pyongyang
"
{
ec
{
"
Phenjan
"
}
}
"
Asia
:
Qatar
"
{
ec
{
"
Katar
"
}
}
"
Asia
:
Qostanay
"
{
ec
{
"
Kosztanaj
"
}
}
"
Asia
:
Qyzylorda
"
{
ec
{
"
Kizilorda
"
}
}
"
Asia
:
Rangoon
"
{
ec
{
"
Yangon
"
}
}
"
Asia
:
Riyadh
"
{
ec
{
"
Rij
d
"
}
}
"
Asia
:
Saigon
"
{
ec
{
"
Ho
Si
Minh
-
v
ros
"
}
}
"
Asia
:
Sakhalin
"
{
ec
{
"
Szahalin
"
}
}
"
Asia
:
Samarkand
"
{
ec
{
"
Szamarkand
"
}
}
"
Asia
:
Seoul
"
{
ec
{
"
Sz
ul
"
}
}
"
Asia
:
Shanghai
"
{
ec
{
"
Sanghaj
"
}
}
"
Asia
:
Singapore
"
{
ec
{
"
Szingap
r
"
}
}
"
Asia
:
Srednekolymsk
"
{
ec
{
"
Szrednekolimszk
"
}
}
"
Asia
:
Taipei
"
{
ec
{
"
Tajpej
"
}
}
"
Asia
:
Tashkent
"
{
ec
{
"
Taskent
"
}
}
"
Asia
:
Tbilisi
"
{
ec
{
"
Tbiliszi
"
}
}
"
Asia
:
Tehran
"
{
ec
{
"
Teher
n
"
}
}
"
Asia
:
Thimphu
"
{
ec
{
"
Thimphu
"
}
}
"
Asia
:
Tokyo
"
{
ec
{
"
Toki
"
}
}
"
Asia
:
Tomsk
"
{
ec
{
"
Tomszk
"
}
}
"
Asia
:
Ulaanbaatar
"
{
ec
{
"
Ul
nb
tor
"
}
}
"
Asia
:
Urumqi
"
{
ec
{
"
r
mqi
"
}
}
"
Asia
:
Ust
-
Nera
"
{
ec
{
"
Uszty
-
Nyera
"
}
}
"
Asia
:
Vientiane
"
{
ec
{
"
Vienti
n
"
}
}
"
Asia
:
Vladivostok
"
{
ec
{
"
Vlagyivosztok
"
}
}
"
Asia
:
Yakutsk
"
{
ec
{
"
Jakutszk
"
}
}
"
Asia
:
Yekaterinburg
"
{
ec
{
"
Jekatyerinburg
"
}
}
"
Asia
:
Yerevan
"
{
ec
{
"
Jerev
n
"
}
}
"
Atlantic
:
Azores
"
{
ec
{
"
Azori
-
szigetek
"
}
}
"
Atlantic
:
Bermuda
"
{
ec
{
"
Bermuda
"
}
}
"
Atlantic
:
Canary
"
{
ec
{
"
Kan
ri
-
szigetek
"
}
}
"
Atlantic
:
Cape_Verde
"
{
ec
{
"
Z
ld
-
foki
szigetek
"
}
}
"
Atlantic
:
Faeroe
"
{
ec
{
"
Fer
er
"
}
}
"
Atlantic
:
Madeira
"
{
ec
{
"
Madeira
"
}
}
"
Atlantic
:
Reykjavik
"
{
ec
{
"
Reykjav
k
"
}
}
"
Atlantic
:
South_Georgia
"
{
ec
{
"
D
li
-
Georgia
"
}
}
"
Atlantic
:
St_Helena
"
{
ec
{
"
Szent
Ilona
"
}
}
"
Atlantic
:
Stanley
"
{
ec
{
"
Stanley
"
}
}
"
Australia
:
Adelaide
"
{
ec
{
"
Adelaide
"
}
}
"
Australia
:
Brisbane
"
{
ec
{
"
Brisbane
"
}
}
"
Australia
:
Broken_Hill
"
{
ec
{
"
Broken
Hill
"
}
}
"
Australia
:
Currie
"
{
ec
{
"
Currie
"
}
}
"
Australia
:
Darwin
"
{
ec
{
"
Darwin
"
}
}
"
Australia
:
Eucla
"
{
ec
{
"
Eucla
"
}
}
"
Australia
:
Hobart
"
{
ec
{
"
Hobart
"
}
}
"
Australia
:
Lindeman
"
{
ec
{
"
Lindeman
"
}
}
"
Australia
:
Lord_Howe
"
{
ec
{
"
Lord
Howe
"
}
}
"
Australia
:
Melbourne
"
{
ec
{
"
Melbourne
"
}
}
"
Australia
:
Perth
"
{
ec
{
"
Perth
"
}
}
"
Australia
:
Sydney
"
{
ec
{
"
Sydney
"
}
}
"
Etc
:
UTC
"
{
ls
{
"
Koordin
lt
vil
gid
"
}
}
"
Etc
:
Unknown
"
{
ec
{
"
Ismeretlen
v
ros
"
}
}
"
Europe
:
Amsterdam
"
{
ec
{
"
Amszterdam
"
}
}
"
Europe
:
Andorra
"
{
ec
{
"
Andorra
"
}
}
"
Europe
:
Astrakhan
"
{
ec
{
"
Asztrah
n
"
}
}
"
Europe
:
Athens
"
{
ec
{
"
Ath
n
"
}
}
"
Europe
:
Belgrade
"
{
ec
{
"
Belgr
d
"
}
}
"
Europe
:
Berlin
"
{
ec
{
"
Berlin
"
}
}
"
Europe
:
Bratislava
"
{
ec
{
"
Pozsony
"
}
}
"
Europe
:
Brussels
"
{
ec
{
"
Br
sszel
"
}
}
"
Europe
:
Bucharest
"
{
ec
{
"
Bukarest
"
}
}
"
Europe
:
Budapest
"
{
ec
{
"
Budapest
"
}
}
"
Europe
:
Busingen
"
{
ec
{
"
B
singen
"
}
}
"
Europe
:
Chisinau
"
{
ec
{
"
Chisinau
"
}
}
"
Europe
:
Copenhagen
"
{
ec
{
"
Koppenh
ga
"
}
}
"
Europe
:
Dublin
"
{
ec
{
"
Dublin
"
}
ld
{
"
r
ny
ri
id
"
}
}
"
Europe
:
Gibraltar
"
{
ec
{
"
Gibralt
r
"
}
}
"
Europe
:
Guernsey
"
{
ec
{
"
Guernsey
"
}
}
"
Europe
:
Helsinki
"
{
ec
{
"
Helsinki
"
}
}
"
Europe
:
Isle_of_Man
"
{
ec
{
"
Man
-
sziget
"
}
}
"
Europe
:
Istanbul
"
{
ec
{
"
Isztanbul
"
}
}
"
Europe
:
Jersey
"
{
ec
{
"
Jersey
"
}
}
"
Europe
:
Kaliningrad
"
{
ec
{
"
Kalinyingr
d
"
}
}
"
Europe
:
Kiev
"
{
ec
{
"
Kijev
"
}
}
"
Europe
:
Kirov
"
{
ec
{
"
Kirov
"
}
}
"
Europe
:
Lisbon
"
{
ec
{
"
Lisszabon
"
}
}
"
Europe
:
Ljubljana
"
{
ec
{
"
Ljubljana
"
}
}
"
Europe
:
London
"
{
ec
{
"
London
"
}
ld
{
"
brit
ny
ri
id
"
}
}
"
Europe
:
Luxembourg
"
{
ec
{
"
Luxemburg
"
}
}
"
Europe
:
Madrid
"
{
ec
{
"
Madrid
"
}
}
"
Europe
:
Malta
"
{
ec
{
"
M
lta
"
}
}
"
Europe
:
Mariehamn
"
{
ec
{
"
Mariehamn
"
}
}
"
Europe
:
Minsk
"
{
ec
{
"
Minszk
"
}
}
"
Europe
:
Monaco
"
{
ec
{
"
Monaco
"
}
}
"
Europe
:
Moscow
"
{
ec
{
"
Moszkva
"
}
}
"
Europe
:
Oslo
"
{
ec
{
"
Oslo
"
}
}
"
Europe
:
Paris
"
{
ec
{
"
P
rizs
"
}
}
"
Europe
:
Podgorica
"
{
ec
{
"
Podgorica
"
}
}
"
Europe
:
Prague
"
{
ec
{
"
Pr
ga
"
}
}
"
Europe
:
Riga
"
{
ec
{
"
Riga
"
}
}
"
Europe
:
Rome
"
{
ec
{
"
R
ma
"
}
}
"
Europe
:
Samara
"
{
ec
{
"
Szamara
"
}
}
"
Europe
:
San_Marino
"
{
ec
{
"
San
Marino
"
}
}
"
Europe
:
Sarajevo
"
{
ec
{
"
Szarajev
"
}
}
"
Europe
:
Saratov
"
{
ec
{
"
Szaratov
"
}
}
"
Europe
:
Simferopol
"
{
ec
{
"
Szimferopol
"
}
}
"
Europe
:
Skopje
"
{
ec
{
"
Skopje
"
}
}
"
Europe
:
Sofia
"
{
ec
{
"
Sz
fia
"
}
}
"
Europe
:
Stockholm
"
{
ec
{
"
Stockholm
"
}
}
"
Europe
:
Tallinn
"
{
ec
{
"
Tallin
"
}
}
"
Europe
:
Tirane
"
{
ec
{
"
Tirana
"
}
}
"
Europe
:
Ulyanovsk
"
{
ec
{
"
Uljanovszk
"
}
}
"
Europe
:
Uzhgorod
"
{
ec
{
"
Ungv
r
"
}
}
"
Europe
:
Vaduz
"
{
ec
{
"
Vaduz
"
}
}
"
Europe
:
Vatican
"
{
ec
{
"
Vatik
n
"
}
}
"
Europe
:
Vienna
"
{
ec
{
"
B
cs
"
}
}
"
Europe
:
Vilnius
"
{
ec
{
"
Vilnius
"
}
}
"
Europe
:
Volgograd
"
{
ec
{
"
Volgogr
d
"
}
}
"
Europe
:
Warsaw
"
{
ec
{
"
Vars
"
}
}
"
Europe
:
Zagreb
"
{
ec
{
"
Z
gr
b
"
}
}
"
Europe
:
Zaporozhye
"
{
ec
{
"
Zaporozsje
"
}
}
"
Europe
:
Zurich
"
{
ec
{
"
Z
rich
"
}
}
"
Indian
:
Antananarivo
"
{
ec
{
"
Antananarivo
"
}
}
"
Indian
:
Chagos
"
{
ec
{
"
Chagos
"
}
}
"
Indian
:
Christmas
"
{
ec
{
"
Kar
csony
-
sziget
"
}
}
"
Indian
:
Cocos
"
{
ec
{
"
K
kusz
-
sziget
"
}
}
"
Indian
:
Comoro
"
{
ec
{
"
Komor
"
}
}
"
Indian
:
Kerguelen
"
{
ec
{
"
Kerguelen
"
}
}
"
Indian
:
Mahe
"
{
ec
{
"
Mahe
"
}
}
"
Indian
:
Maldives
"
{
ec
{
"
Mald
v
-
szigetek
"
}
}
"
Indian
:
Mauritius
"
{
ec
{
"
Mauritius
"
}
}
"
Indian
:
Mayotte
"
{
ec
{
"
Mayotte
"
}
}
"
Indian
:
Reunion
"
{
ec
{
"
R
union
"
}
}
"
Pacific
:
Apia
"
{
ec
{
"
Apia
"
}
}
"
Pacific
:
Auckland
"
{
ec
{
"
Auckland
"
}
}
"
Pacific
:
Bougainville
"
{
ec
{
"
Bougainville
"
}
}
"
Pacific
:
Chatham
"
{
ec
{
"
Chatham
-
szigetek
"
}
}
"
Pacific
:
Easter
"
{
ec
{
"
H
sv
t
-
szigetek
"
}
}
"
Pacific
:
Efate
"
{
ec
{
"
Efate
"
}
}
"
Pacific
:
Enderbury
"
{
ec
{
"
Enderbury
"
}
}
"
Pacific
:
Fakaofo
"
{
ec
{
"
Fakaofo
"
}
}
"
Pacific
:
Fiji
"
{
ec
{
"
Fidzsi
"
}
}
"
Pacific
:
Funafuti
"
{
ec
{
"
Funafuti
"
}
}
"
Pacific
:
Galapagos
"
{
ec
{
"
Galapagos
-
szigetek
"
}
}
"
Pacific
:
Gambier
"
{
ec
{
"
Gambier
-
szigetek
"
}
}
"
Pacific
:
Guadalcanal
"
{
ec
{
"
Guadalcanal
"
}
}
"
Pacific
:
Guam
"
{
ec
{
"
Guam
"
}
}
"
Pacific
:
Honolulu
"
{
ec
{
"
Honolulu
"
}
}
"
Pacific
:
Johnston
"
{
ec
{
"
Johnston
"
}
}
"
Pacific
:
Kiritimati
"
{
ec
{
"
Kiritimati
-
sziget
"
}
}
"
Pacific
:
Kosrae
"
{
ec
{
"
Kosrae
-
szigetek
"
}
}
"
Pacific
:
Kwajalein
"
{
ec
{
"
Kwajalein
-
z
tony
"
}
}
"
Pacific
:
Majuro
"
{
ec
{
"
Majuro
-
z
tony
"
}
}
"
Pacific
:
Marquesas
"
{
ec
{
"
Marquesas
-
szigetek
"
}
}
"
Pacific
:
Midway
"
{
ec
{
"
Midway
-
szigetek
"
}
}
"
Pacific
:
Nauru
"
{
ec
{
"
Nauru
"
}
}
"
Pacific
:
Niue
"
{
ec
{
"
Niue
"
}
}
"
Pacific
:
Norfolk
"
{
ec
{
"
Norfolk
"
}
}
"
Pacific
:
Noumea
"
{
ec
{
"
Noumea
"
}
}
"
Pacific
:
Pago_Pago
"
{
ec
{
"
Pago
Pago
"
}
}
"
Pacific
:
Palau
"
{
ec
{
"
Palau
"
}
}
"
Pacific
:
Pitcairn
"
{
ec
{
"
Pitcairn
-
szigetek
"
}
}
"
Pacific
:
Ponape
"
{
ec
{
"
Ponape
-
szigetek
"
}
}
"
Pacific
:
Port_Moresby
"
{
ec
{
"
Port
Moresby
"
}
}
"
Pacific
:
Rarotonga
"
{
ec
{
"
Rarotonga
"
}
}
"
Pacific
:
Saipan
"
{
ec
{
"
Saipan
"
}
}
"
Pacific
:
Tahiti
"
{
ec
{
"
Tahiti
"
}
}
"
Pacific
:
Tarawa
"
{
ec
{
"
Tarawa
"
}
}
"
Pacific
:
Tongatapu
"
{
ec
{
"
Tongatapu
"
}
}
"
Pacific
:
Truk
"
{
ec
{
"
Truk
"
}
}
"
Pacific
:
Wake
"
{
ec
{
"
Wake
-
sziget
"
}
}
"
Pacific
:
Wallis
"
{
ec
{
"
Wallis
"
}
}
"
meta
:
Acre
"
{
ld
{
"
Acre
ny
ri
id
"
}
lg
{
"
Acre
id
"
}
ls
{
"
Acre
z
naid
"
}
}
"
meta
:
Afghanistan
"
{
ls
{
"
afganiszt
ni
id
"
}
}
"
meta
:
Africa_Central
"
{
ls
{
"
k
z
p
-
afrikai
t
li
id
"
}
}
"
meta
:
Africa_Eastern
"
{
ls
{
"
kelet
-
afrikai
t
li
id
"
}
}
"
meta
:
Africa_Southern
"
{
ls
{
"
d
l
-
afrikai
t
li
id
"
}
}
"
meta
:
Africa_Western
"
{
ld
{
"
nyugat
-
afrikai
ny
ri
id
"
}
lg
{
"
nyugat
-
afrikai
id
z
na
"
}
ls
{
"
nyugat
-
afrikai
t
li
id
"
}
}
"
meta
:
Alaska
"
{
ld
{
"
alaszkai
ny
ri
id
"
}
lg
{
"
alaszkai
id
"
}
ls
{
"
alaszkai
z
naid
"
}
}
"
meta
:
Almaty
"
{
ld
{
"
Almati
ny
ri
id
"
}
lg
{
"
Almati
id
"
}
ls
{
"
Almati
z
naid
"
}
}
"
meta
:
Amazon
"
{
ld
{
"
amaz
niai
ny
ri
id
"
}
lg
{
"
amaz
niai
id
"
}
ls
{
"
amaz
niai
t
li
id
"
}
}
"
meta
:
America_Central
"
{
ld
{
"
k
z
ps
llamokbeli
ny
ri
id
"
}
lg
{
"
k
z
ps
llamokbeli
id
"
}
ls
{
"
k
z
ps
llamokbeli
z
naid
"
}
}
"
meta
:
America_Eastern
"
{
ld
{
"
keleti
llamokbeli
ny
ri
id
"
}
lg
{
"
keleti
llamokbeli
id
"
}
ls
{
"
keleti
llamokbeli
z
naid
"
}
}
"
meta
:
America_Mountain
"
{
ld
{
"
hegyvid
ki
ny
ri
id
"
}
lg
{
"
hegyvid
ki
id
"
}
ls
{
"
hegyvid
ki
z
naid
"
}
}
"
meta
:
America_Pacific
"
{
ld
{
"
csendes
-
ce
ni
ny
ri
id
"
}
lg
{
"
csendes
-
ce
ni
id
"
}
ls
{
"
csendes
-
ce
ni
z
naid
"
}
}
"
meta
:
Anadyr
"
{
ld
{
"
Anad
ri
ny
ri
id
"
}
lg
{
"
Anadiri
id
"
}
ls
{
"
Anad
ri
z
naid
"
}
}
"
meta
:
Apia
"
{
ld
{
"
apiai
ny
ri
id
"
}
lg
{
"
apiai
id
"
}
ls
{
"
apiai
t
li
id
"
}
}
"
meta
:
Aqtau
"
{
ld
{
"
Aqtaui
ny
ri
id
"
}
lg
{
"
Aqtaui
id
"
}
ls
{
"
Aqtaui
z
naid
"
}
}
"
meta
:
Aqtobe
"
{
ld
{
"
Aqtobei
ny
ri
id
"
}
lg
{
"
Aqtobei
id
"
}
ls
{
"
Aqtobei
z
naid
"
}
}
"
meta
:
Arabian
"
{
ld
{
"
arab
ny
ri
id
"
}
lg
{
"
arab
id
"
}
ls
{
"
arab
t
li
id
"
}
}
"
meta
:
Argentina
"
{
ld
{
"
argent
nai
ny
ri
id
"
}
lg
{
"
argent
nai
id
"
}
ls
{
"
argent
nai
t
li
id
"
}
}
"
meta
:
Argentina_Western
"
{
ld
{
"
nyugat
-
argent
nai
ny
ri
id
"
}
lg
{
"
nyugat
-
argent
nai
id
z
na
"
}
ls
{
"
nyugat
-
argent
nai
t
li
id
"
}
}
"
meta
:
Armenia
"
{
ld
{
"
rm
nyorsz
gi
ny
ri
id
"
}
lg
{
"
rm
nyorsz
gi
id
"
}
ls
{
"
rm
nyorsz
gi
t
li
id
"
}
}
"
meta
:
Atlantic
"
{
ld
{
"
atlanti
-
ce
ni
ny
ri
id
"
}
lg
{
"
atlanti
-
ce
ni
id
"
}
ls
{
"
atlanti
-
ce
ni
z
naid
"
}
}
"
meta
:
Australia_Central
"
{
ld
{
"
k
z
p
-
ausztr
liai
ny
ri
id
"
}
lg
{
"
k
z
p
-
ausztr
liai
id
"
}
ls
{
"
k
z
p
-
ausztr
liai
t
li
id
"
}
}
"
meta
:
Australia_CentralWestern
"
{
ld
{
"
k
z
p
-
nyugat
-
ausztr
liai
ny
ri
id
"
}
lg
{
"
k
z
p
-
nyugat
-
ausztr
liai
id
"
}
ls
{
"
k
z
p
-
nyugat
-
ausztr
liai
t
li
id
"
}
}
"
meta
:
Australia_Eastern
"
{
ld
{
"
kelet
-
ausztr
liai
ny
ri
id
"
}
lg
{
"
kelet
-
ausztr
liai
id
"
}
ls
{
"
kelet
-
ausztr
liai
t
li
id
"
}
}
"
meta
:
Australia_Western
"
{
ld
{
"
nyugat
-
ausztr
liai
ny
ri
id
"
}
lg
{
"
nyugat
-
ausztr
liai
id
"
}
ls
{
"
nyugat
-
ausztr
liai
t
li
id
"
}
}
"
meta
:
Azerbaijan
"
{
ld
{
"
azerbajdzs
ni
ny
ri
id
"
}
lg
{
"
azerbajdzs
ni
id
"
}
ls
{
"
azerbajdzs
ni
t
li
id
"
}
}
"
meta
:
Azores
"
{
ld
{
"
azori
ny
ri
id
"
}
lg
{
"
azori
id
z
na
"
}
ls
{
"
azori
t
li
id
"
}
}
"
meta
:
Bangladesh
"
{
ld
{
"
bangladesi
ny
ri
id
"
}
lg
{
"
bangladesi
id
"
}
ls
{
"
bangladesi
t
li
id
"
}
}
"
meta
:
Bhutan
"
{
ls
{
"
but
ni
id
"
}
}
"
meta
:
Bolivia
"
{
ls
{
"
bol
viai
t
li
id
"
}
}
"
meta
:
Brasilia
"
{
ld
{
"
braz
liai
ny
ri
id
"
}
lg
{
"
braz
liai
id
"
}
ls
{
"
braz
liai
t
li
id
"
}
}
"
meta
:
Brunei
"
{
ls
{
"
Brunei
Darussalam
-
i
id
"
}
}
"
meta
:
Cape_Verde
"
{
ld
{
"
z
ld
-
foki
-
szigeteki
ny
ri
id
"
}
lg
{
"
z
ld
-
foki
-
szigeteki
id
z
na
"
}
ls
{
"
z
ld
-
foki
-
szigeteki
t
li
id
"
}
}
"
meta
:
Chamorro
"
{
ls
{
"
chamorr
i
t
li
id
"
}
}
"
meta
:
Chatham
"
{
ld
{
"
chathami
ny
ri
id
"
}
lg
{
"
chathami
id
"
}
ls
{
"
chathami
t
li
id
"
}
}
"
meta
:
Chile
"
{
ld
{
"
chilei
ny
ri
id
"
}
lg
{
"
chilei
id
z
na
"
}
ls
{
"
chilei
t
li
id
"
}
}
"
meta
:
China
"
{
ld
{
"
k
nai
ny
ri
id
"
}
lg
{
"
k
nai
id
"
}
ls
{
"
k
nai
t
li
id
"
}
}
"
meta
:
Choibalsan
"
{
ld
{
"
csojbalszani
ny
ri
id
"
}
lg
{
"
csojbalszani
id
"
}
ls
{
"
csojbalszani
t
li
id
"
}
}
"
meta
:
Christmas
"
{
ls
{
"
kar
csony
-
szigeti
t
li
id
"
}
}
"
meta
:
Cocos
"
{
ls
{
"
k
kusz
-
szigeteki
t
li
id
"
}
}
"
meta
:
Colombia
"
{
ld
{
"
kolumbiai
ny
ri
id
"
}
lg
{
"
kolumbiai
id
"
}
ls
{
"
kolumbiai
t
li
id
"
}
}
"
meta
:
Cook
"
{
ld
{
"
cook
-
szigeteki
f
l
ny
ri
id
"
}
lg
{
"
cook
-
szigeteki
id
"
}
ls
{
"
cook
-
szigeteki
t
li
id
"
}
}
"
meta
:
Cuba
"
{
ld
{
"
kubai
ny
ri
id
"
}
lg
{
"
kubai
id
z
na
"
}
ls
{
"
kubai
t
li
id
"
}
}
"
meta
:
Davis
"
{
ls
{
"
davisi
id
"
}
}
"
meta
:
DumontDUrville
"
{
ls
{
"
dumont
-
d
Urville
-
i
id
"
}
}
"
meta
:
East_Timor
"
{
ls
{
"
kelet
-
timori
t
li
id
"
}
}
"
meta
:
Easter
"
{
ld
{
"
h
sv
t
-
szigeti
ny
ri
id
"
}
lg
{
"
h
sv
t
-
szigeti
id
z
na
"
}
ls
{
"
h
sv
t
-
szigeti
t
li
id
"
}
}
"
meta
:
Ecuador
"
{
ls
{
"
ecuadori
t
li
id
"
}
}
"
meta
:
Europe_Central
"
{
ld
{
"
k
z
p
-
eur
pai
ny
ri
id
"
}
lg
{
"
k
z
p
-
eur
pai
id
z
na
"
}
ls
{
"
k
z
p
-
eur
pai
t
li
id
"
}
sd
{
"
CEST
"
}
sg
{
"
CET
"
}
ss
{
"
CET
"
}
}
"
meta
:
Europe_Eastern
"
{
ld
{
"
kelet
-
eur
pai
ny
ri
id
"
}
lg
{
"
kelet
-
eur
pai
id
z
na
"
}
ls
{
"
kelet
-
eur
pai
t
li
id
"
}
sd
{
"
EEST
"
}
sg
{
"
EET
"
}
ss
{
"
EET
"
}
}
"
meta
:
Europe_Further_Eastern
"
{
ls
{
"
minszki
id
"
}
}
"
meta
:
Europe_Western
"
{
ld
{
"
nyugat
-
eur
pai
ny
ri
id
"
}
lg
{
"
nyugat
-
eur
pai
id
z
na
"
}
ls
{
"
nyugat
-
eur
pai
t
li
id
"
}
sd
{
"
WEST
"
}
sg
{
"
WET
"
}
ss
{
"
WET
"
}
}
"
meta
:
Falkland
"
{
ld
{
"
falkland
-
szigeteki
ny
ri
id
"
}
lg
{
"
falkland
-
szigeteki
id
"
}
ls
{
"
falkland
-
szigeteki
t
li
id
"
}
}
"
meta
:
Fiji
"
{
ld
{
"
fidzsi
ny
ri
id
"
}
lg
{
"
fidzsi
id
"
}
ls
{
"
fidzsi
t
li
id
"
}
}
"
meta
:
French_Guiana
"
{
ls
{
"
francia
-
guyanai
id
"
}
}
"
meta
:
French_Southern
"
{
ls
{
"
francia
d
li
s
antarktiszi
id
"
}
}
"
meta
:
GMT
"
{
ls
{
"
greenwichi
k
z
pid
t
li
id
"
}
ss
{
"
GMT
"
}
}
"
meta
:
Galapagos
"
{
ls
{
"
gal
pagosi
t
li
id
"
}
}
"
meta
:
Gambier
"
{
ls
{
"
gambieri
id
"
}
}
"
meta
:
Georgia
"
{
ld
{
"
gr
ziai
ny
ri
id
"
}
lg
{
"
gr
ziai
id
"
}
ls
{
"
gr
ziai
t
li
id
"
}
}
"
meta
:
Gilbert_Islands
"
{
ls
{
"
gilbert
-
szigeteki
id
"
}
}
"
meta
:
Greenland_Eastern
"
{
ld
{
"
kelet
-
gr
nlandi
ny
ri
id
"
}
lg
{
"
kelet
-
gr
nlandi
id
z
na
"
}
ls
{
"
kelet
-
gr
nlandi
t
li
id
"
}
}
"
meta
:
Greenland_Western
"
{
ld
{
"
nyugat
-
gr
nlandi
ny
ri
id
"
}
lg
{
"
nyugat
-
gr
nlandi
id
z
na
"
}
ls
{
"
nyugat
-
gr
nlandi
t
li
id
"
}
}
"
meta
:
Guam
"
{
ls
{
"
Guami
z
naid
"
}
}
"
meta
:
Gulf
"
{
ls
{
"
b
lbeli
t
li
id
"
}
}
"
meta
:
Guyana
"
{
ls
{
"
guyanai
t
li
id
"
}
}
"
meta
:
Hawaii_Aleutian
"
{
ld
{
"
hawaii
-
aleuti
ny
ri
id
"
}
lg
{
"
hawaii
-
aleuti
id
z
na
"
}
ls
{
"
hawaii
-
aleuti
t
li
id
"
}
}
"
meta
:
Hong_Kong
"
{
ld
{
"
hongkongi
ny
ri
id
"
}
lg
{
"
hongkongi
id
z
na
"
}
ls
{
"
hongkongi
t
li
id
"
}
}
"
meta
:
Hovd
"
{
ld
{
"
hovdi
ny
ri
id
"
}
lg
{
"
hovdi
id
"
}
ls
{
"
hovdi
t
li
id
"
}
}
"
meta
:
India
"
{
ls
{
"
indiai
t
li
id
"
}
}
"
meta
:
Indian_Ocean
"
{
ls
{
"
indiai
-
ce
ni
id
"
}
}
"
meta
:
Indochina
"
{
ls
{
"
indok
nai
id
"
}
}
"
meta
:
Indonesia_Central
"
{
ls
{
"
k
z
p
-
indon
ziai
id
"
}
}
"
meta
:
Indonesia_Eastern
"
{
ls
{
"
kelet
-
indon
ziai
id
"
}
}
"
meta
:
Indonesia_Western
"
{
ls
{
"
nyugat
-
indon
ziai
t
li
id
"
}
}
"
meta
:
Iran
"
{
ld
{
"
ir
ni
ny
ri
id
"
}
lg
{
"
ir
ni
id
"
}
ls
{
"
ir
ni
t
li
id
"
}
}
"
meta
:
Irkutsk
"
{
ld
{
"
irkutszki
ny
ri
id
"
}
lg
{
"
irkutszki
id
"
}
ls
{
"
irkutszki
t
li
id
"
}
}
"
meta
:
Israel
"
{
ld
{
"
izraeli
ny
ri
id
"
}
lg
{
"
izraeli
id
"
}
ls
{
"
izraeli
t
li
id
"
}
}
"
meta
:
Japan
"
{
ld
{
"
jap
n
ny
ri
id
"
}
lg
{
"
jap
n
id
"
}
ls
{
"
jap
n
t
li
id
"
}
}
"
meta
:
Kamchatka
"
{
ld
{
"
Petropavlovszk
-
kamcsatkai
ny
ri
id
"
}
lg
{
"
Petropavlovszk
-
kamcsatkai
id
"
}
ls
{
"
Petropavlovszk
-
kamcsatkai
z
naid
"
}
}
"
meta
:
Kazakhstan_Eastern
"
{
ls
{
"
kelet
-
kazahszt
ni
id
"
}
}
"
meta
:
Kazakhstan_Western
"
{
ls
{
"
nyugat
-
kazahszt
ni
id
"
}
}
"
meta
:
Korea
"
{
ld
{
"
koreai
ny
ri
id
"
}
lg
{
"
koreai
id
"
}
ls
{
"
koreai
t
li
id
"
}
}
"
meta
:
Kosrae
"
{
ls
{
"
kosraei
id
"
}
}
"
meta
:
Krasnoyarsk
"
{
ld
{
"
krasznojarszki
ny
ri
id
"
}
lg
{
"
krasznojarszki
id
"
}
ls
{
"
krasznojarszki
t
li
id
"
}
}
"
meta
:
Kyrgystan
"
{
ls
{
"
kirgiziszt
ni
id
"
}
}
"
meta
:
Lanka
"
{
ls
{
"
Lankai
id
"
}
}
"
meta
:
Line_Islands
"
{
ls
{
"
sor
-
szigeteki
id
"
}
}
"
meta
:
Lord_Howe
"
{
ld
{
"
Lord
Howe
-
szigeti
ny
ri
id
"
}
lg
{
"
Lord
Howe
-
szigeti
id
"
}
ls
{
"
Lord
Howe
-
szigeti
t
li
id
"
}
}
"
meta
:
Macau
"
{
ld
{
"
Macaui
ny
ri
id
"
}
lg
{
"
Macaui
id
"
}
ls
{
"
Macaui
z
naid
"
}
}
"
meta
:
Macquarie
"
{
ls
{
"
macquarie
-
szigeti
t
li
id
"
}
}
"
meta
:
Magadan
"
{
ld
{
"
magad
ni
ny
ri
id
"
}
lg
{
"
magad
ni
id
"
}
ls
{
"
magadani
t
li
id
"
}
}
"
meta
:
Malaysia
"
{
ls
{
"
malajziai
id
"
}
}
"
meta
:
Maldives
"
{
ls
{
"
mald
v
-
szigeteki
id
"
}
}
"
meta
:
Marquesas
"
{
ls
{
"
marquises
-
szigeteki
id
"
}
}
"
meta
:
Marshall_Islands
"
{
ls
{
"
marshall
-
szigeteki
id
"
}
}
"
meta
:
Mauritius
"
{
ld
{
"
mauritiusi
ny
ri
id
"
}
lg
{
"
mauritiusi
id
z
na
"
}
ls
{
"
mauritiusi
t
li
id
"
}
}
"
meta
:
Mawson
"
{
ls
{
"
mawsoni
id
"
}
}
"
meta
:
Mexico_Northwest
"
{
ld
{
"
szaknyugat
-
mexik
i
ny
ri
id
"
}
lg
{
"
szaknyugat
-
mexik
i
id
"
}
ls
{
"
szaknyugat
-
mexik
i
z
naid
"
}
}
"
meta
:
Mexico_Pacific
"
{
ld
{
"
mexik
i
csendes
-
ce
ni
ny
ri
id
"
}
lg
{
"
mexik
i
csendes
-
ce
ni
id
"
}
ls
{
"
mexik
i
csendes
-
ce
ni
z
naid
"
}
}
"
meta
:
Mongolia
"
{
ld
{
"
ul
nb
tori
ny
ri
id
"
}
lg
{
"
ul
nb
tori
id
"
}
ls
{
"
ul
nb
tori
t
li
id
"
}
}
"
meta
:
Moscow
"
{
ld
{
"
moszkvai
ny
ri
id
"
}
lg
{
"
moszkvai
id
"
}
ls
{
"
moszkvai
t
li
id
"
}
}
"
meta
:
Myanmar
"
{
ls
{
"
mianmari
id
"
}
}
"
meta
:
Nauru
"
{
ls
{
"
naurui
id
"
}
}
"
meta
:
Nepal
"
{
ls
{
"
nep
li
id
"
}
}
"
meta
:
New_Caledonia
"
{
ld
{
"
j
-
kaled
niai
ny
ri
id
"
}
lg
{
"
j
-
kaled
niai
id
"
}
ls
{
"
j
-
kaled
niai
t
li
id
"
}
}
"
meta
:
New_Zealand
"
{
ld
{
"
j
-
z
landi
ny
ri
id
"
}
lg
{
"
j
-
z
landi
id
"
}
ls
{
"
j
-
z
landi
t
li
id
"
}
}
"
meta
:
Newfoundland
"
{
ld
{
"
j
-
fundlandi
ny
ri
id
"
}
lg
{
"
j
-
fundlandi
id
"
}
ls
{
"
j
-
fundlandi
z
naid
"
}
}
"
meta
:
Niue
"
{
ls
{
"
niuei
id
"
}
}
"
meta
:
Norfolk
"
{
ls
{
"
norfolk
-
szigeteki
id
"
}
}
"
meta
:
Noronha
"
{
ld
{
"
Fernando
de
Noronha
-
i
ny
ri
id
"
}
lg
{
"
Fernando
de
Noronha
-
i
id
"
}
ls
{
"
Fernando
de
Noronha
-
i
t
li
id
"
}
}
"
meta
:
North_Mariana
"
{
ls
{
"
szak
-
mariana
-
szigeteki
id
"
}
}
"
meta
:
Novosibirsk
"
{
ld
{
"
novoszibirszki
ny
ri
id
"
}
lg
{
"
novoszibirszki
id
"
}
ls
{
"
novoszibirszki
t
li
id
"
}
}
"
meta
:
Omsk
"
{
ld
{
"
omszki
ny
ri
id
"
}
lg
{
"
omszki
id
"
}
ls
{
"
omszki
t
li
id
"
}
}
"
meta
:
Pakistan
"
{
ld
{
"
pakiszt
ni
ny
ri
id
"
}
lg
{
"
pakiszt
ni
id
"
}
ls
{
"
pakiszt
ni
t
li
id
"
}
}
"
meta
:
Palau
"
{
ls
{
"
palaui
id
"
}
}
"
meta
:
Papua_New_Guinea
"
{
ls
{
"
p
pua
j
-
guineai
id
"
}
}
"
meta
:
Paraguay
"
{
ld
{
"
paraguayi
ny
ri
id
"
}
lg
{
"
paraguayi
id
"
}
ls
{
"
paraguayi
t
li
id
"
}
}
"
meta
:
Peru
"
{
ld
{
"
perui
ny
ri
id
"
}
lg
{
"
perui
id
"
}
ls
{
"
perui
t
li
id
"
}
}
"
meta
:
Philippines
"
{
ld
{
"
f
l
p
-
szigeteki
ny
ri
id
"
}
lg
{
"
f
l
p
-
szigeteki
id
"
}
ls
{
"
f
l
p
-
szigeteki
t
li
id
"
}
}
"
meta
:
Phoenix_Islands
"
{
ls
{
"
phoenix
-
szigeteki
t
li
id
"
}
}
"
meta
:
Pierre_Miquelon
"
{
ld
{
"
Saint
-
Pierre
s
Miquelon
-
i
ny
ri
id
"
}
lg
{
"
Saint
-
Pierre
s
Miquelon
-
i
id
"
}
ls
{
"
Saint
-
Pierre
s
Miquelon
-
i
z
naid
"
}
}
"
meta
:
Pitcairn
"
{
ls
{
"
pitcairn
-
szigeteki
id
"
}
}
"
meta
:
Ponape
"
{
ls
{
"
ponape
-
szigeti
id
"
}
}
"
meta
:
Pyongyang
"
{
ls
{
"
phenjani
id
"
}
}
"
meta
:
Qyzylorda
"
{
ld
{
"
Qyzylordai
ny
ri
id
"
}
lg
{
"
Qyzylordai
id
"
}
ls
{
"
Qyzylordai
z
naid
"
}
}
"
meta
:
Reunion
"
{
ls
{
"
r
unioni
id
"
}
}
"
meta
:
Rothera
"
{
ls
{
"
rotherai
id
"
}
}
"
meta
:
Sakhalin
"
{
ld
{
"
szahalini
ny
ri
id
"
}
lg
{
"
szahalini
id
"
}
ls
{
"
szahalini
t
li
id
"
}
}
"
meta
:
Samara
"
{
ld
{
"
Szamarai
ny
ri
id
"
}
lg
{
"
Szamarai
id
"
}
ls
{
"
Szamarai
z
naid
"
}
}
"
meta
:
Samoa
"
{
ld
{
"
szamoai
ny
ri
id
"
}
lg
{
"
szamoai
id
"
}
ls
{
"
szamoai
t
li
id
"
}
}
"
meta
:
Seychelles
"
{
ls
{
"
seychelle
-
szigeteki
id
"
}
}
"
meta
:
Singapore
"
{
ls
{
"
szingap
ri
t
li
id
"
}
}
"
meta
:
Solomon
"
{
ls
{
"
salamon
-
szigeteki
id
"
}
}
"
meta
:
South_Georgia
"
{
ls
{
"
d
li
-
georgiai
id
"
}
}
"
meta
:
Suriname
"
{
ls
{
"
szurin
mi
id
"
}
}
"
meta
:
Syowa
"
{
ls
{
"
syowai
id
"
}
}
"
meta
:
Tahiti
"
{
ls
{
"
tahiti
id
"
}
}
"
meta
:
Taipei
"
{
ld
{
"
taipei
ny
ri
id
"
}
lg
{
"
taipei
id
"
}
ls
{
"
taipei
t
li
id
"
}
}
"
meta
:
Tajikistan
"
{
ls
{
"
t
dzsikiszt
ni
id
"
}
}
"
meta
:
Tokelau
"
{
ls
{
"
tokelaui
id
"
}
}
"
meta
:
Tonga
"
{
ld
{
"
tongai
ny
ri
id
"
}
lg
{
"
tongai
id
"
}
ls
{
"
tongai
t
li
id
"
}
}
"
meta
:
Truk
"
{
ls
{
"
truki
id
"
}
}
"
meta
:
Turkmenistan
"
{
ld
{
"
t
rkmeniszt
ni
ny
ri
id
"
}
lg
{
"
t
rkmeniszt
ni
id
"
}
ls
{
"
t
rkmeniszt
ni
t
li
id
"
}
}
"
meta
:
Tuvalu
"
{
ls
{
"
tuvalui
id
"
}
}
"
meta
:
Uruguay
"
{
ld
{
"
uruguayi
ny
ri
id
"
}
lg
{
"
uruguayi
id
"
}
ls
{
"
uruguayi
t
li
id
"
}
}
"
meta
:
Uzbekistan
"
{
ld
{
"
zbegiszt
ni
ny
ri
id
"
}
lg
{
"
zbegiszt
ni
id
"
}
ls
{
"
zbegiszt
ni
t
li
id
"
}
}
"
meta
:
Vanuatu
"
{
ld
{
"
vanuatui
ny
ri
id
"
}
lg
{
"
vanuatui
id
"
}
ls
{
"
vanuatui
t
li
id
"
}
}
"
meta
:
Venezuela
"
{
ls
{
"
venezuelai
id
"
}
}
"
meta
:
Vladivostok
"
{
ld
{
"
vlagyivosztoki
ny
ri
id
"
}
lg
{
"
vlagyivosztoki
id
"
}
ls
{
"
vlagyivosztoki
t
li
id
"
}
}
"
meta
:
Volgograd
"
{
ld
{
"
volgogr
di
ny
ri
id
"
}
lg
{
"
volgogr
di
id
"
}
ls
{
"
volgogr
di
t
li
id
"
}
}
"
meta
:
Vostok
"
{
ls
{
"
vosztoki
id
"
}
}
"
meta
:
Wake
"
{
ls
{
"
wake
-
szigeti
id
"
}
}
"
meta
:
Wallis
"
{
ls
{
"
Wallis
s
Futuna
-
i
id
"
}
}
"
meta
:
Yakutsk
"
{
ld
{
"
jakutszki
ny
ri
id
"
}
lg
{
"
jakutszki
id
"
}
ls
{
"
jakutszki
t
li
id
"
}
}
"
meta
:
Yekaterinburg
"
{
ld
{
"
jekatyerinburgi
ny
ri
id
"
}
lg
{
"
jekatyerinburgi
id
"
}
ls
{
"
jekatyerinburgi
t
li
id
"
}
}
fallbackFormat
{
"
{
1
}
(
{
0
}
)
"
}
gmtFormat
{
"
GMT
{
0
}
"
}
gmtZeroFormat
{
"
GMT
"
}
hourFormat
{
"
+
HH
:
mm
;
-
HH
:
mm
"
}
regionFormat
{
"
{
0
}
id
"
}
regionFormatDaylight
{
"
{
0
}
ny
ri
id
"
}
regionFormatStandard
{
"
{
0
}
z
naid
"
}
}
}
