/
/
2016
and
later
:
Unicode
Inc
.
and
others
.
/
/
License
&
terms
of
use
:
http
:
/
/
www
.
unicode
.
org
/
copyright
.
html
#
License
is
{
Version
{
"
36
.
1
"
}
zoneStrings
{
"
Africa
:
Abidjan
"
{
ec
{
"
Abidjan
"
}
}
"
Africa
:
Accra
"
{
ec
{
"
Accra
"
}
}
"
Africa
:
Addis_Ababa
"
{
ec
{
"
Addis
Ababa
"
}
}
"
Africa
:
Algiers
"
{
ec
{
"
Algeirsborg
"
}
}
"
Africa
:
Asmera
"
{
ec
{
"
Asmara
"
}
}
"
Africa
:
Bamako
"
{
ec
{
"
Bamako
"
}
}
"
Africa
:
Bangui
"
{
ec
{
"
Bangui
"
}
}
"
Africa
:
Banjul
"
{
ec
{
"
Banjul
"
}
}
"
Africa
:
Bissau
"
{
ec
{
"
Biss
"
}
}
"
Africa
:
Blantyre
"
{
ec
{
"
Blantyre
"
}
}
"
Africa
:
Brazzaville
"
{
ec
{
"
Brazzaville
"
}
}
"
Africa
:
Bujumbura
"
{
ec
{
"
Bujumbura
"
}
}
"
Africa
:
Cairo
"
{
ec
{
"
Ka
r
"
}
}
"
Africa
:
Casablanca
"
{
ec
{
"
Casablanca
"
}
}
"
Africa
:
Ceuta
"
{
ec
{
"
Ceuta
"
}
}
"
Africa
:
Conakry
"
{
ec
{
"
Conakry
"
}
}
"
Africa
:
Dakar
"
{
ec
{
"
Dakar
"
}
}
"
Africa
:
Dar_es_Salaam
"
{
ec
{
"
Dar
es
Salaam
"
}
}
"
Africa
:
Djibouti
"
{
ec
{
"
Djib
t
"
}
}
"
Africa
:
Douala
"
{
ec
{
"
Douala
"
}
}
"
Africa
:
El_Aaiun
"
{
ec
{
"
El
Aaiun
"
}
}
"
Africa
:
Freetown
"
{
ec
{
"
Freetown
"
}
}
"
Africa
:
Gaborone
"
{
ec
{
"
Gaborone
"
}
}
"
Africa
:
Harare
"
{
ec
{
"
Harare
"
}
}
"
Africa
:
Johannesburg
"
{
ec
{
"
J
hannesarborg
"
}
}
"
Africa
:
Juba
"
{
ec
{
"
Juba
"
}
}
"
Africa
:
Kampala
"
{
ec
{
"
Kampala
"
}
}
"
Africa
:
Khartoum
"
{
ec
{
"
Khartoum
"
}
}
"
Africa
:
Kigali
"
{
ec
{
"
Kigali
"
}
}
"
Africa
:
Kinshasa
"
{
ec
{
"
Kinshasa
"
}
}
"
Africa
:
Lagos
"
{
ec
{
"
Lagos
"
}
}
"
Africa
:
Libreville
"
{
ec
{
"
Libreville
"
}
}
"
Africa
:
Lome
"
{
ec
{
"
Lome
"
}
}
"
Africa
:
Luanda
"
{
ec
{
"
Luanda
"
}
}
"
Africa
:
Lubumbashi
"
{
ec
{
"
Lubumbashi
"
}
}
"
Africa
:
Lusaka
"
{
ec
{
"
Lusaka
"
}
}
"
Africa
:
Malabo
"
{
ec
{
"
Malabo
"
}
}
"
Africa
:
Maputo
"
{
ec
{
"
Maputo
"
}
}
"
Africa
:
Maseru
"
{
ec
{
"
Maseru
"
}
}
"
Africa
:
Mbabane
"
{
ec
{
"
Mbabane
"
}
}
"
Africa
:
Mogadishu
"
{
ec
{
"
Mogadishu
"
}
}
"
Africa
:
Monrovia
"
{
ec
{
"
Monrovia
"
}
}
"
Africa
:
Nairobi
"
{
ec
{
"
Nairobi
"
}
}
"
Africa
:
Ndjamena
"
{
ec
{
"
Ndjamena
"
}
}
"
Africa
:
Niamey
"
{
ec
{
"
Niamey
"
}
}
"
Africa
:
Nouakchott
"
{
ec
{
"
Nouakchott
"
}
}
"
Africa
:
Ouagadougou
"
{
ec
{
"
Ouagadougou
"
}
}
"
Africa
:
Porto
-
Novo
"
{
ec
{
"
Porto
-
Novo
"
}
}
"
Africa
:
Sao_Tome
"
{
ec
{
"
Sa
T
me
"
}
}
"
Africa
:
Tripoli
"
{
ec
{
"
Tr
p
l
"
}
}
"
Africa
:
Tunis
"
{
ec
{
"
T
nisborg
"
}
}
"
Africa
:
Windhoek
"
{
ec
{
"
Windhoek
"
}
}
"
America
:
Adak
"
{
ec
{
"
Adak
"
}
}
"
America
:
Anchorage
"
{
ec
{
"
Anchorage
"
}
}
"
America
:
Anguilla
"
{
ec
{
"
Angvilla
"
}
}
"
America
:
Antigua
"
{
ec
{
"
Ant
gva
"
}
}
"
America
:
Araguaina
"
{
ec
{
"
Araguaina
"
}
}
"
America
:
Argentina
:
La_Rioja
"
{
ec
{
"
La
Rioja
"
}
}
"
America
:
Argentina
:
Rio_Gallegos
"
{
ec
{
"
Rio
Gallegos
"
}
}
"
America
:
Argentina
:
Salta
"
{
ec
{
"
Salta
"
}
}
"
America
:
Argentina
:
San_Juan
"
{
ec
{
"
San
Juan
"
}
}
"
America
:
Argentina
:
San_Luis
"
{
ec
{
"
San
Luis
"
}
}
"
America
:
Argentina
:
Tucuman
"
{
ec
{
"
Tucuman
"
}
}
"
America
:
Argentina
:
Ushuaia
"
{
ec
{
"
Ushuaia
"
}
}
"
America
:
Aruba
"
{
ec
{
"
Ar
ba
"
}
}
"
America
:
Asuncion
"
{
ec
{
"
Asunci
n
"
}
}
"
America
:
Bahia
"
{
ec
{
"
Bahia
"
}
}
"
America
:
Bahia_Banderas
"
{
ec
{
"
Bahia
Banderas
"
}
}
"
America
:
Barbados
"
{
ec
{
"
Barbados
"
}
}
"
America
:
Belem
"
{
ec
{
"
Belem
"
}
}
"
America
:
Belize
"
{
ec
{
"
Bel
s
"
}
}
"
America
:
Blanc
-
Sablon
"
{
ec
{
"
Blanc
-
Sablon
"
}
}
"
America
:
Boa_Vista
"
{
ec
{
"
Boa
Vista
"
}
}
"
America
:
Bogota
"
{
ec
{
"
Bogota
"
}
}
"
America
:
Boise
"
{
ec
{
"
Boise
"
}
}
"
America
:
Buenos_Aires
"
{
ec
{
"
Buenos
Aires
"
}
}
"
America
:
Cambridge_Bay
"
{
ec
{
"
Cambridge
Bay
"
}
}
"
America
:
Campo_Grande
"
{
ec
{
"
Campo
Grande
"
}
}
"
America
:
Cancun
"
{
ec
{
"
Kank
n
"
}
}
"
America
:
Caracas
"
{
ec
{
"
Caracas
"
}
}
"
America
:
Catamarca
"
{
ec
{
"
Catamarca
"
}
}
"
America
:
Cayenne
"
{
ec
{
"
Cayenne
"
}
}
"
America
:
Cayman
"
{
ec
{
"
Cayman
-
eyjar
"
}
}
"
America
:
Chicago
"
{
ec
{
"
Chicago
"
}
}
"
America
:
Chihuahua
"
{
ec
{
"
Chihuahua
"
}
}
"
America
:
Coral_Harbour
"
{
ec
{
"
Atikokan
"
}
}
"
America
:
Cordoba
"
{
ec
{
"
Cordoba
"
}
}
"
America
:
Costa_Rica
"
{
ec
{
"
Kostar
ka
"
}
}
"
America
:
Creston
"
{
ec
{
"
Creston
"
}
}
"
America
:
Cuiaba
"
{
ec
{
"
Cuiaba
"
}
}
"
America
:
Curacao
"
{
ec
{
"
Curacao
"
}
}
"
America
:
Danmarkshavn
"
{
ec
{
"
Danmarkshavn
"
}
}
"
America
:
Dawson
"
{
ec
{
"
Dawson
"
}
}
"
America
:
Dawson_Creek
"
{
ec
{
"
Dawson
Creek
"
}
}
"
America
:
Denver
"
{
ec
{
"
Denver
"
}
}
"
America
:
Detroit
"
{
ec
{
"
Detroit
"
}
}
"
America
:
Dominica
"
{
ec
{
"
D
min
ka
"
}
}
"
America
:
Edmonton
"
{
ec
{
"
Edmonton
"
}
}
"
America
:
Eirunepe
"
{
ec
{
"
Eirunepe
"
}
}
"
America
:
El_Salvador
"
{
ec
{
"
El
Salvador
"
}
}
"
America
:
Fort_Nelson
"
{
ec
{
"
Fort
Nelson
"
}
}
"
America
:
Fortaleza
"
{
ec
{
"
Fortaleza
"
}
}
"
America
:
Glace_Bay
"
{
ec
{
"
Glace
Bay
"
}
}
"
America
:
Godthab
"
{
ec
{
"
Nuuk
"
}
}
"
America
:
Goose_Bay
"
{
ec
{
"
Goose
Bay
"
}
}
"
America
:
Grand_Turk
"
{
ec
{
"
Grand
Turk
"
}
}
"
America
:
Grenada
"
{
ec
{
"
Grenada
"
}
}
"
America
:
Guadeloupe
"
{
ec
{
"
Gvadel
p
"
}
}
"
America
:
Guatemala
"
{
ec
{
"
Gvatemala
"
}
}
"
America
:
Guayaquil
"
{
ec
{
"
Guayaquil
"
}
}
"
America
:
Guyana
"
{
ec
{
"
Gv
jana
"
}
}
"
America
:
Halifax
"
{
ec
{
"
Halifax
"
}
}
"
America
:
Havana
"
{
ec
{
"
Havana
"
}
}
"
America
:
Hermosillo
"
{
ec
{
"
Hermosillo
"
}
}
"
America
:
Indiana
:
Knox
"
{
ec
{
"
Knox
Indiana
"
}
}
"
America
:
Indiana
:
Marengo
"
{
ec
{
"
Marengo
Indiana
"
}
}
"
America
:
Indiana
:
Petersburg
"
{
ec
{
"
Petersburg
Indiana
"
}
}
"
America
:
Indiana
:
Tell_City
"
{
ec
{
"
Tell
City
Indiana
"
}
}
"
America
:
Indiana
:
Vevay
"
{
ec
{
"
Vevay
Indiana
"
}
}
"
America
:
Indiana
:
Vincennes
"
{
ec
{
"
Vincennes
Indiana
"
}
}
"
America
:
Indiana
:
Winamac
"
{
ec
{
"
Winamac
Indiana
"
}
}
"
America
:
Indianapolis
"
{
ec
{
"
Indianapolis
"
}
}
"
America
:
Inuvik
"
{
ec
{
"
Inuvik
"
}
}
"
America
:
Iqaluit
"
{
ec
{
"
Iqaluit
"
}
}
"
America
:
Jamaica
"
{
ec
{
"
Jama
ka
"
}
}
"
America
:
Jujuy
"
{
ec
{
"
Jujuy
"
}
}
"
America
:
Juneau
"
{
ec
{
"
Juneau
"
}
}
"
America
:
Kentucky
:
Monticello
"
{
ec
{
"
Monticello
Kentucky
"
}
}
"
America
:
Kralendijk
"
{
ec
{
"
Kralendijk
"
}
}
"
America
:
La_Paz
"
{
ec
{
"
La
Paz
"
}
}
"
America
:
Lima
"
{
ec
{
"
Lima
"
}
}
"
America
:
Los_Angeles
"
{
ec
{
"
Los
Angeles
"
}
}
"
America
:
Louisville
"
{
ec
{
"
Louisville
"
}
}
"
America
:
Lower_Princes
"
{
ec
{
"
Lower
Prince
s
Quarter
"
}
}
"
America
:
Maceio
"
{
ec
{
"
Maceio
"
}
}
"
America
:
Managua
"
{
ec
{
"
Managua
"
}
}
"
America
:
Manaus
"
{
ec
{
"
Manaus
"
}
}
"
America
:
Marigot
"
{
ec
{
"
Marigot
"
}
}
"
America
:
Martinique
"
{
ec
{
"
Martin
k
"
}
}
"
America
:
Matamoros
"
{
ec
{
"
Matamoros
"
}
}
"
America
:
Mazatlan
"
{
ec
{
"
Mazatlan
"
}
}
"
America
:
Mendoza
"
{
ec
{
"
Mendoza
"
}
}
"
America
:
Menominee
"
{
ec
{
"
Menominee
"
}
}
"
America
:
Merida
"
{
ec
{
"
Merida
"
}
}
"
America
:
Metlakatla
"
{
ec
{
"
Metlakatla
"
}
}
"
America
:
Mexico_City
"
{
ec
{
"
Mex
k
borg
"
}
}
"
America
:
Miquelon
"
{
ec
{
"
Miquelon
"
}
}
"
America
:
Moncton
"
{
ec
{
"
Moncton
"
}
}
"
America
:
Monterrey
"
{
ec
{
"
Monterrey
"
}
}
"
America
:
Montevideo
"
{
ec
{
"
Montevideo
"
}
}
"
America
:
Montserrat
"
{
ec
{
"
Montserrat
"
}
}
"
America
:
Nassau
"
{
ec
{
"
Nassau
"
}
}
"
America
:
New_York
"
{
ec
{
"
New
York
"
}
}
"
America
:
Nipigon
"
{
ec
{
"
Nipigon
"
}
}
"
America
:
Nome
"
{
ec
{
"
Nome
"
}
}
"
America
:
Noronha
"
{
ec
{
"
Noronha
"
}
}
"
America
:
North_Dakota
:
Beulah
"
{
ec
{
"
Beulah
North
Dakota
"
}
}
"
America
:
North_Dakota
:
Center
"
{
ec
{
"
Center
North
Dakota
"
}
}
"
America
:
North_Dakota
:
New_Salem
"
{
ec
{
"
New
Salem
North
Dakota
"
}
}
"
America
:
Ojinaga
"
{
ec
{
"
Ojinaga
"
}
}
"
America
:
Panama
"
{
ec
{
"
Panama
"
}
}
"
America
:
Pangnirtung
"
{
ec
{
"
Pangnirtung
"
}
}
"
America
:
Paramaribo
"
{
ec
{
"
Paramaribo
"
}
}
"
America
:
Phoenix
"
{
ec
{
"
Phoenix
"
}
}
"
America
:
Port
-
au
-
Prince
"
{
ec
{
"
Port
-
au
-
Prince
"
}
}
"
America
:
Port_of_Spain
"
{
ec
{
"
Port
of
Spain
"
}
}
"
America
:
Porto_Velho
"
{
ec
{
"
Porto
Velho
"
}
}
"
America
:
Puerto_Rico
"
{
ec
{
"
P
ert
R
k
"
}
}
"
America
:
Punta_Arenas
"
{
ec
{
"
Punta
Arenas
"
}
}
"
America
:
Rainy_River
"
{
ec
{
"
Rainy
River
"
}
}
"
America
:
Rankin_Inlet
"
{
ec
{
"
Rankin
Inlet
"
}
}
"
America
:
Recife
"
{
ec
{
"
Recife
"
}
}
"
America
:
Regina
"
{
ec
{
"
Regina
"
}
}
"
America
:
Resolute
"
{
ec
{
"
Resolute
"
}
}
"
America
:
Rio_Branco
"
{
ec
{
"
Rio
Branco
"
}
}
"
America
:
Santa_Isabel
"
{
ec
{
"
Santa
Isabel
"
}
}
"
America
:
Santarem
"
{
ec
{
"
Santarem
"
}
}
"
America
:
Santiago
"
{
ec
{
"
Santiago
"
}
}
"
America
:
Santo_Domingo
"
{
ec
{
"
Santo
Domingo
"
}
}
"
America
:
Sao_Paulo
"
{
ec
{
"
Sao
Paulo
"
}
}
"
America
:
Scoresbysund
"
{
ec
{
"
Ittoqqortoormiit
"
}
}
"
America
:
Sitka
"
{
ec
{
"
Sitka
"
}
}
"
America
:
St_Barthelemy
"
{
ec
{
"
Sankti
Bart
l
meusareyjar
"
}
}
"
America
:
St_Johns
"
{
ec
{
"
St
.
John
s
"
}
}
"
America
:
St_Kitts
"
{
ec
{
"
Sankti
Kitts
"
}
}
"
America
:
St_Lucia
"
{
ec
{
"
Sankti
L
s
a
"
}
}
"
America
:
St_Thomas
"
{
ec
{
"
Sankti
Thomas
"
}
}
"
America
:
St_Vincent
"
{
ec
{
"
Sankti
Vinsent
"
}
}
"
America
:
Swift_Current
"
{
ec
{
"
Swift
Current
"
}
}
"
America
:
Tegucigalpa
"
{
ec
{
"
Tegucigalpa
"
}
}
"
America
:
Thule
"
{
ec
{
"
Thule
"
}
}
"
America
:
Thunder_Bay
"
{
ec
{
"
Thunder
Bay
"
}
}
"
America
:
Tijuana
"
{
ec
{
"
Tijuana
"
}
}
"
America
:
Toronto
"
{
ec
{
"
Toronto
"
}
}
"
America
:
Tortola
"
{
ec
{
"
Tort
la
"
}
}
"
America
:
Vancouver
"
{
ec
{
"
Vancouver
"
}
}
"
America
:
Whitehorse
"
{
ec
{
"
Whitehorse
"
}
}
"
America
:
Winnipeg
"
{
ec
{
"
Winnipeg
"
}
}
"
America
:
Yakutat
"
{
ec
{
"
Yakutat
"
}
}
"
America
:
Yellowknife
"
{
ec
{
"
Yellowknife
"
}
}
"
Antarctica
:
Casey
"
{
ec
{
"
Casey
"
}
}
"
Antarctica
:
Davis
"
{
ec
{
"
Davis
"
}
}
"
Antarctica
:
DumontDUrville
"
{
ec
{
"
Dumont
d
Urville
"
}
}
"
Antarctica
:
Macquarie
"
{
ec
{
"
Macquarie
"
}
}
"
Antarctica
:
Mawson
"
{
ec
{
"
Mawson
"
}
}
"
Antarctica
:
McMurdo
"
{
ec
{
"
McMurdo
"
}
}
"
Antarctica
:
Palmer
"
{
ec
{
"
Palmer
"
}
}
"
Antarctica
:
Rothera
"
{
ec
{
"
Rothera
"
}
}
"
Antarctica
:
Syowa
"
{
ec
{
"
Syowa
"
}
}
"
Antarctica
:
Troll
"
{
ec
{
"
Troll
"
}
}
"
Antarctica
:
Vostok
"
{
ec
{
"
Vostok
"
}
}
"
Arctic
:
Longyearbyen
"
{
ec
{
"
Longyearbyen
"
}
}
"
Asia
:
Aden
"
{
ec
{
"
Aden
"
}
}
"
Asia
:
Almaty
"
{
ec
{
"
Almaty
"
}
}
"
Asia
:
Amman
"
{
ec
{
"
Amman
"
}
}
"
Asia
:
Anadyr
"
{
ec
{
"
Anadyr
"
}
}
"
Asia
:
Aqtau
"
{
ec
{
"
Aqtau
"
}
}
"
Asia
:
Aqtobe
"
{
ec
{
"
Aqtobe
"
}
}
"
Asia
:
Ashgabat
"
{
ec
{
"
Ashgabat
"
}
}
"
Asia
:
Atyrau
"
{
ec
{
"
Atyrau
"
}
}
"
Asia
:
Baghdad
"
{
ec
{
"
Bagdad
"
}
}
"
Asia
:
Bahrain
"
{
ec
{
"
Barein
"
}
}
"
Asia
:
Baku
"
{
ec
{
"
Bak
"
}
}
"
Asia
:
Bangkok
"
{
ec
{
"
Bangkok
"
}
}
"
Asia
:
Barnaul
"
{
ec
{
"
Barnaul
"
}
}
"
Asia
:
Beirut
"
{
ec
{
"
Beir
t
"
}
}
"
Asia
:
Bishkek
"
{
ec
{
"
Bishkek
"
}
}
"
Asia
:
Brunei
"
{
ec
{
"
Br
nei
"
}
}
"
Asia
:
Calcutta
"
{
ec
{
"
Kalk
tta
"
}
}
"
Asia
:
Chita
"
{
ec
{
"
Chita
"
}
}
"
Asia
:
Choibalsan
"
{
ec
{
"
Choibalsan
"
}
}
"
Asia
:
Colombo
"
{
ec
{
"
K
lomb
"
}
}
"
Asia
:
Damascus
"
{
ec
{
"
Damaskus
"
}
}
"
Asia
:
Dhaka
"
{
ec
{
"
Dakka
"
}
}
"
Asia
:
Dili
"
{
ec
{
"
Dili
"
}
}
"
Asia
:
Dubai
"
{
ec
{
"
Dubai
"
}
}
"
Asia
:
Dushanbe
"
{
ec
{
"
Dushanbe
"
}
}
"
Asia
:
Famagusta
"
{
ec
{
"
Famagusta
"
}
}
"
Asia
:
Gaza
"
{
ec
{
"
Gaza
"
}
}
"
Asia
:
Hebron
"
{
ec
{
"
Hebron
"
}
}
"
Asia
:
Hong_Kong
"
{
ec
{
"
Hong
Kong
"
}
}
"
Asia
:
Hovd
"
{
ec
{
"
Hovd
"
}
}
"
Asia
:
Irkutsk
"
{
ec
{
"
Irkutsk
"
}
}
"
Asia
:
Jakarta
"
{
ec
{
"
Djakarta
"
}
}
"
Asia
:
Jayapura
"
{
ec
{
"
Jayapura
"
}
}
"
Asia
:
Jerusalem
"
{
ec
{
"
Jer
salem
"
}
}
"
Asia
:
Kabul
"
{
ec
{
"
Kab
l
"
}
}
"
Asia
:
Kamchatka
"
{
ec
{
"
Kamtsjatka
"
}
}
"
Asia
:
Karachi
"
{
ec
{
"
Karachi
"
}
}
"
Asia
:
Katmandu
"
{
ec
{
"
Katmand
"
}
}
"
Asia
:
Khandyga
"
{
ec
{
"
Khandyga
"
}
}
"
Asia
:
Krasnoyarsk
"
{
ec
{
"
Krasnoyarsk
"
}
}
"
Asia
:
Kuala_Lumpur
"
{
ec
{
"
K
ala
L
mp
r
"
}
}
"
Asia
:
Kuching
"
{
ec
{
"
Kuching
"
}
}
"
Asia
:
Kuwait
"
{
ec
{
"
K
veit
"
}
}
"
Asia
:
Macau
"
{
ec
{
"
Maka
"
}
}
"
Asia
:
Magadan
"
{
ec
{
"
Magadan
"
}
}
"
Asia
:
Makassar
"
{
ec
{
"
Makassar
"
}
}
"
Asia
:
Manila
"
{
ec
{
"
Manila
"
}
}
"
Asia
:
Muscat
"
{
ec
{
"
Muscat
"
}
}
"
Asia
:
Nicosia
"
{
ec
{
"
N
k
s
a
"
}
}
"
Asia
:
Novokuznetsk
"
{
ec
{
"
Novokuznetsk
"
}
}
"
Asia
:
Novosibirsk
"
{
ec
{
"
Novosibirsk
"
}
}
"
Asia
:
Omsk
"
{
ec
{
"
Omsk
"
}
}
"
Asia
:
Oral
"
{
ec
{
"
Oral
"
}
}
"
Asia
:
Phnom_Penh
"
{
ec
{
"
Phnom
Penh
"
}
}
"
Asia
:
Pontianak
"
{
ec
{
"
Pontianak
"
}
}
"
Asia
:
Pyongyang
"
{
ec
{
"
Pjongjang
"
}
}
"
Asia
:
Qatar
"
{
ec
{
"
Katar
"
}
}
"
Asia
:
Qostanay
"
{
ec
{
"
Kostanay
"
}
}
"
Asia
:
Qyzylorda
"
{
ec
{
"
Qyzylorda
"
}
}
"
Asia
:
Rangoon
"
{
ec
{
"
Rang
n
"
}
}
"
Asia
:
Riyadh
"
{
ec
{
"
R
jad
"
}
}
"
Asia
:
Saigon
"
{
ec
{
"
Ho
Chi
Minh
-
borg
"
}
}
"
Asia
:
Sakhalin
"
{
ec
{
"
Sakhalin
"
}
}
"
Asia
:
Samarkand
"
{
ec
{
"
Samarkand
"
}
}
"
Asia
:
Seoul
"
{
ec
{
"
Se
l
"
}
}
"
Asia
:
Shanghai
"
{
ec
{
"
Sjangh
"
}
}
"
Asia
:
Singapore
"
{
ec
{
"
Singap
r
"
}
}
"
Asia
:
Srednekolymsk
"
{
ec
{
"
Srednekolymsk
"
}
}
"
Asia
:
Taipei
"
{
ec
{
"
Taipei
"
}
}
"
Asia
:
Tashkent
"
{
ec
{
"
Tashkent
"
}
}
"
Asia
:
Tbilisi
"
{
ec
{
"
Tbilisi
"
}
}
"
Asia
:
Tehran
"
{
ec
{
"
Teheran
"
}
}
"
Asia
:
Thimphu
"
{
ec
{
"
Thimphu
"
}
}
"
Asia
:
Tokyo
"
{
ec
{
"
T
k
"
}
}
"
Asia
:
Tomsk
"
{
ec
{
"
Tomsk
"
}
}
"
Asia
:
Ulaanbaatar
"
{
ec
{
"
lan
Bator
"
}
}
"
Asia
:
Urumqi
"
{
ec
{
"
Urumqi
"
}
}
"
Asia
:
Ust
-
Nera
"
{
ec
{
"
Ust
-
Nera
"
}
}
"
Asia
:
Vientiane
"
{
ec
{
"
Vientiane
"
}
}
"
Asia
:
Vladivostok
"
{
ec
{
"
Vladivostok
"
}
}
"
Asia
:
Yakutsk
"
{
ec
{
"
Yakutsk
"
}
}
"
Asia
:
Yekaterinburg
"
{
ec
{
"
Yekaterinburg
"
}
}
"
Asia
:
Yerevan
"
{
ec
{
"
Yerevan
"
}
}
"
Atlantic
:
Azores
"
{
ec
{
"
Azoreyjar
"
}
}
"
Atlantic
:
Bermuda
"
{
ec
{
"
Berm
da
"
}
}
"
Atlantic
:
Canary
"
{
ec
{
"
Kanar
eyjar
"
}
}
"
Atlantic
:
Cape_Verde
"
{
ec
{
"
Gr
nh
f
aeyjar
"
}
}
"
Atlantic
:
Faeroe
"
{
ec
{
"
F
reyjar
"
}
}
"
Atlantic
:
Madeira
"
{
ec
{
"
Madeira
"
}
}
"
Atlantic
:
Reykjavik
"
{
ec
{
"
Reykjav
k
"
}
}
"
Atlantic
:
South_Georgia
"
{
ec
{
"
Su
ur
-
Georg
a
"
}
}
"
Atlantic
:
St_Helena
"
{
ec
{
"
Sankti
Helena
"
}
}
"
Atlantic
:
Stanley
"
{
ec
{
"
Stanley
"
}
}
"
Australia
:
Adelaide
"
{
ec
{
"
Adelaide
"
}
}
"
Australia
:
Brisbane
"
{
ec
{
"
Brisbane
"
}
}
"
Australia
:
Broken_Hill
"
{
ec
{
"
Broken
Hill
"
}
}
"
Australia
:
Currie
"
{
ec
{
"
Currie
"
}
}
"
Australia
:
Darwin
"
{
ec
{
"
Darwin
"
}
}
"
Australia
:
Eucla
"
{
ec
{
"
Eucla
"
}
}
"
Australia
:
Hobart
"
{
ec
{
"
Hobart
"
}
}
"
Australia
:
Lindeman
"
{
ec
{
"
Lindeman
"
}
}
"
Australia
:
Lord_Howe
"
{
ec
{
"
Lord
Howe
"
}
}
"
Australia
:
Melbourne
"
{
ec
{
"
Melbourne
"
}
}
"
Australia
:
Perth
"
{
ec
{
"
Perth
"
}
}
"
Australia
:
Sydney
"
{
ec
{
"
Sydney
"
}
}
"
Etc
:
UTC
"
{
ls
{
"
Samr
mdur
al
j
legur
t
mi
"
}
}
"
Etc
:
Unknown
"
{
ec
{
"
ekkt
borg
"
}
}
"
Europe
:
Amsterdam
"
{
ec
{
"
Amsterdam
"
}
}
"
Europe
:
Andorra
"
{
ec
{
"
Andorra
"
}
}
"
Europe
:
Astrakhan
"
{
ec
{
"
Astrakhan
"
}
}
"
Europe
:
Athens
"
{
ec
{
"
A
ena
"
}
}
"
Europe
:
Belgrade
"
{
ec
{
"
Belgrad
"
}
}
"
Europe
:
Berlin
"
{
ec
{
"
Berl
n
"
}
}
"
Europe
:
Bratislava
"
{
ec
{
"
Bratislava
"
}
}
"
Europe
:
Brussels
"
{
ec
{
"
Brussel
"
}
}
"
Europe
:
Bucharest
"
{
ec
{
"
B
karest
"
}
}
"
Europe
:
Budapest
"
{
ec
{
"
B
dapest
"
}
}
"
Europe
:
Busingen
"
{
ec
{
"
Busingen
"
}
}
"
Europe
:
Chisinau
"
{
ec
{
"
Chisinau
"
}
}
"
Europe
:
Copenhagen
"
{
ec
{
"
Kaupmannah
fn
"
}
}
"
Europe
:
Dublin
"
{
ec
{
"
Dublin
"
}
ld
{
"
Sumart
mi
rlandi
"
}
}
"
Europe
:
Gibraltar
"
{
ec
{
"
G
braltar
"
}
}
"
Europe
:
Guernsey
"
{
ec
{
"
Guernsey
"
}
}
"
Europe
:
Helsinki
"
{
ec
{
"
Helsinki
"
}
}
"
Europe
:
Isle_of_Man
"
{
ec
{
"
M
n
"
}
}
"
Europe
:
Istanbul
"
{
ec
{
"
Istanb
l
"
}
}
"
Europe
:
Jersey
"
{
ec
{
"
Jersey
"
}
}
"
Europe
:
Kaliningrad
"
{
ec
{
"
Kaliningrad
"
}
}
"
Europe
:
Kiev
"
{
ec
{
"
K
nugar
ur
"
}
}
"
Europe
:
Kirov
"
{
ec
{
"
Kirov
"
}
}
"
Europe
:
Lisbon
"
{
ec
{
"
Lissabon
"
}
}
"
Europe
:
Ljubljana
"
{
ec
{
"
Ljubljana
"
}
}
"
Europe
:
London
"
{
ec
{
"
Lund
nir
"
}
ld
{
"
Sumart
mi
Bretlandi
"
}
}
"
Europe
:
Luxembourg
"
{
ec
{
"
L
xemborg
"
}
}
"
Europe
:
Madrid
"
{
ec
{
"
Madr
d
"
}
}
"
Europe
:
Malta
"
{
ec
{
"
Malta
"
}
}
"
Europe
:
Mariehamn
"
{
ec
{
"
Mar
uh
fn
"
}
}
"
Europe
:
Minsk
"
{
ec
{
"
Minsk
"
}
}
"
Europe
:
Monaco
"
{
ec
{
"
M
nak
"
}
}
"
Europe
:
Moscow
"
{
ec
{
"
Moskva
"
}
}
"
Europe
:
Oslo
"
{
ec
{
"
Osl
"
}
}
"
Europe
:
Paris
"
{
ec
{
"
Par
s
"
}
}
"
Europe
:
Podgorica
"
{
ec
{
"
Podgorica
"
}
}
"
Europe
:
Prague
"
{
ec
{
"
Prag
"
}
}
"
Europe
:
Riga
"
{
ec
{
"
Riga
"
}
}
"
Europe
:
Rome
"
{
ec
{
"
R
m
"
}
}
"
Europe
:
Samara
"
{
ec
{
"
Samara
"
}
}
"
Europe
:
San_Marino
"
{
ec
{
"
San
Mar
n
"
}
}
"
Europe
:
Sarajevo
"
{
ec
{
"
Sarajev
"
}
}
"
Europe
:
Saratov
"
{
ec
{
"
Saratov
"
}
}
"
Europe
:
Simferopol
"
{
ec
{
"
Simferopol
"
}
}
"
Europe
:
Skopje
"
{
ec
{
"
Skopje
"
}
}
"
Europe
:
Sofia
"
{
ec
{
"
S
f
a
"
}
}
"
Europe
:
Stockholm
"
{
ec
{
"
Stokkh
lmur
"
}
}
"
Europe
:
Tallinn
"
{
ec
{
"
Tallinn
"
}
}
"
Europe
:
Tirane
"
{
ec
{
"
Tirane
"
}
}
"
Europe
:
Ulyanovsk
"
{
ec
{
"
Ulyanovsk
"
}
}
"
Europe
:
Uzhgorod
"
{
ec
{
"
Uzhgorod
"
}
}
"
Europe
:
Vaduz
"
{
ec
{
"
Vaduz
"
}
}
"
Europe
:
Vatican
"
{
ec
{
"
Vat
kani
"
}
}
"
Europe
:
Vienna
"
{
ec
{
"
V
n
"
}
}
"
Europe
:
Vilnius
"
{
ec
{
"
Viln
us
"
}
}
"
Europe
:
Volgograd
"
{
ec
{
"
Volgograd
"
}
}
"
Europe
:
Warsaw
"
{
ec
{
"
Varsj
"
}
}
"
Europe
:
Zagreb
"
{
ec
{
"
Zagreb
"
}
}
"
Europe
:
Zaporozhye
"
{
ec
{
"
Zaporozhye
"
}
}
"
Europe
:
Zurich
"
{
ec
{
"
Zurich
"
}
}
"
Indian
:
Antananarivo
"
{
ec
{
"
Antananarivo
"
}
}
"
Indian
:
Chagos
"
{
ec
{
"
Chagos
"
}
}
"
Indian
:
Christmas
"
{
ec
{
"
J
laey
"
}
}
"
Indian
:
Cocos
"
{
ec
{
"
K
koseyjar
"
}
}
"
Indian
:
Comoro
"
{
ec
{
"
Comoro
"
}
}
"
Indian
:
Kerguelen
"
{
ec
{
"
Kerguelen
"
}
}
"
Indian
:
Mahe
"
{
ec
{
"
Mahe
"
}
}
"
Indian
:
Maldives
"
{
ec
{
"
Mald
veyjar
"
}
}
"
Indian
:
Mauritius
"
{
ec
{
"
M
rit
us
"
}
}
"
Indian
:
Mayotte
"
{
ec
{
"
Mayotte
"
}
}
"
Indian
:
Reunion
"
{
ec
{
"
R
union
"
}
}
"
Pacific
:
Apia
"
{
ec
{
"
Apia
"
}
}
"
Pacific
:
Auckland
"
{
ec
{
"
Auckland
"
}
}
"
Pacific
:
Bougainville
"
{
ec
{
"
Bougainville
"
}
}
"
Pacific
:
Chatham
"
{
ec
{
"
Chatham
"
}
}
"
Pacific
:
Easter
"
{
ec
{
"
P
skaeyja
"
}
}
"
Pacific
:
Efate
"
{
ec
{
"
Efate
"
}
}
"
Pacific
:
Enderbury
"
{
ec
{
"
Enderbury
"
}
}
"
Pacific
:
Fakaofo
"
{
ec
{
"
Fakaofo
"
}
}
"
Pacific
:
Fiji
"
{
ec
{
"
Fidj
"
}
}
"
Pacific
:
Funafuti
"
{
ec
{
"
Funafuti
"
}
}
"
Pacific
:
Galapagos
"
{
ec
{
"
Galapagos
"
}
}
"
Pacific
:
Gambier
"
{
ec
{
"
Gambier
"
}
}
"
Pacific
:
Guadalcanal
"
{
ec
{
"
Guadalcanal
"
}
}
"
Pacific
:
Guam
"
{
ec
{
"
Gvam
"
}
}
"
Pacific
:
Honolulu
"
{
ec
{
"
Honolulu
"
}
}
"
Pacific
:
Johnston
"
{
ec
{
"
Johnston
"
}
}
"
Pacific
:
Kiritimati
"
{
ec
{
"
Kiritimati
"
}
}
"
Pacific
:
Kosrae
"
{
ec
{
"
Kosrae
"
}
}
"
Pacific
:
Kwajalein
"
{
ec
{
"
Kwajalein
"
}
}
"
Pacific
:
Majuro
"
{
ec
{
"
Majuro
"
}
}
"
Pacific
:
Marquesas
"
{
ec
{
"
Marquesas
-
eyjar
"
}
}
"
Pacific
:
Midway
"
{
ec
{
"
Midway
"
}
}
"
Pacific
:
Nauru
"
{
ec
{
"
N
r
"
}
}
"
Pacific
:
Niue
"
{
ec
{
"
Niue
"
}
}
"
Pacific
:
Norfolk
"
{
ec
{
"
Norfolk
"
}
}
"
Pacific
:
Noumea
"
{
ec
{
"
Noumea
"
}
}
"
Pacific
:
Pago_Pago
"
{
ec
{
"
Pago
Pago
"
}
}
"
Pacific
:
Palau
"
{
ec
{
"
Pal
"
}
}
"
Pacific
:
Pitcairn
"
{
ec
{
"
Pitcairn
"
}
}
"
Pacific
:
Ponape
"
{
ec
{
"
Pohnpei
"
}
}
"
Pacific
:
Port_Moresby
"
{
ec
{
"
Port
Moresby
"
}
}
"
Pacific
:
Rarotonga
"
{
ec
{
"
Rarotonga
"
}
}
"
Pacific
:
Saipan
"
{
ec
{
"
Saipan
"
}
}
"
Pacific
:
Tahiti
"
{
ec
{
"
Tah
t
"
}
}
"
Pacific
:
Tarawa
"
{
ec
{
"
Tarawa
"
}
}
"
Pacific
:
Tongatapu
"
{
ec
{
"
Tongatapu
"
}
}
"
Pacific
:
Truk
"
{
ec
{
"
Chuuk
"
}
}
"
Pacific
:
Wake
"
{
ec
{
"
Wake
"
}
}
"
Pacific
:
Wallis
"
{
ec
{
"
Wallis
"
}
}
"
meta
:
Afghanistan
"
{
ls
{
"
Afganistant
mi
"
}
}
"
meta
:
Africa_Central
"
{
ls
{
"
Mi
-
Afr
kut
mi
"
}
}
"
meta
:
Africa_Eastern
"
{
ls
{
"
Austur
-
Afr
kut
mi
"
}
}
"
meta
:
Africa_Southern
"
{
ls
{
"
Su
ur
-
Afr
kut
mi
"
}
}
"
meta
:
Africa_Western
"
{
ld
{
"
Sumart
mi
Vestur
-
Afr
ku
"
}
lg
{
"
Vestur
-
Afr
kut
mi
"
}
ls
{
"
Sta
alt
mi
Vestur
-
Afr
ku
"
}
}
"
meta
:
Alaska
"
{
ld
{
"
Sumart
mi
Alaska
"
}
lg
{
"
T
mi
Alaska
"
}
ls
{
"
Sta
alt
mi
Alaska
"
}
}
"
meta
:
Amazon
"
{
ld
{
"
Sumart
mi
Amas
nsv
inu
"
}
lg
{
"
Amas
nt
mi
"
}
ls
{
"
Sta
alt
mi
Amas
nsv
inu
"
}
}
"
meta
:
America_Central
"
{
ld
{
"
Sumart
mi
mi
hluta
Bandar
kjanna
og
Kanada
"
}
lg
{
"
T
mi
mi
hluta
Bandar
kjanna
og
Kanada
"
}
ls
{
"
Sta
alt
mi
mi
hluta
Bandar
kjanna
og
Kanada
"
}
}
"
meta
:
America_Eastern
"
{
ld
{
"
Sumart
mi
austurhluta
Bandar
kjanna
og
Kanada
"
}
lg
{
"
T
mi
austurhluta
Bandar
kjanna
og
Kanada
"
}
ls
{
"
Sta
alt
mi
austurhluta
Bandar
kjanna
og
Kanada
"
}
}
"
meta
:
America_Mountain
"
{
ld
{
"
Sumart
mi
Klettafj
llum
"
}
lg
{
"
T
mi
Klettafj
llum
"
}
ls
{
"
Sta
alt
mi
Klettafj
llum
"
}
}
"
meta
:
America_Pacific
"
{
ld
{
"
Sumart
mi
Kyrrahafssv
inu
"
}
lg
{
"
T
mi
Kyrrahafssv
inu
"
}
ls
{
"
Sta
alt
mi
Kyrrahafssv
inu
"
}
}
"
meta
:
Anadyr
"
{
ld
{
"
Sumart
mi
Anadyr
"
}
lg
{
"
T
mi
Anadyr
"
}
ls
{
"
Sta
alt
mi
Anadyr
"
}
}
"
meta
:
Apia
"
{
ld
{
"
Sumart
mi
Ap
a
"
}
lg
{
"
T
mi
Ap
a
"
}
ls
{
"
Sta
alt
mi
Ap
a
"
}
}
"
meta
:
Arabian
"
{
ld
{
"
Sumart
mi
Arab
u
"
}
lg
{
"
Arab
ut
mi
"
}
ls
{
"
Sta
alt
mi
Arab
u
"
}
}
"
meta
:
Argentina
"
{
ld
{
"
Sumart
mi
Argent
nu
"
}
lg
{
"
Argent
nut
mi
"
}
ls
{
"
Sta
alt
mi
Argent
nu
"
}
}
"
meta
:
Argentina_Western
"
{
ld
{
"
Sumart
mi
Vestur
-
Argent
nu
"
}
lg
{
"
Vestur
-
Argent
nut
mi
"
}
ls
{
"
Sta
alt
mi
Vestur
-
Argent
nu
"
}
}
"
meta
:
Armenia
"
{
ld
{
"
Sumart
mi
Armen
u
"
}
lg
{
"
Armen
ut
mi
"
}
ls
{
"
Sta
alt
mi
Armen
u
"
}
}
"
meta
:
Atlantic
"
{
ld
{
"
Sumart
mi
Atlantshafssv
inu
"
}
lg
{
"
T
mi
Atlantshafssv
inu
"
}
ls
{
"
Sta
alt
mi
Atlantshafssv
inu
"
}
}
"
meta
:
Australia_Central
"
{
ld
{
"
Sumart
mi
Mi
-
stral
u
"
}
lg
{
"
T
mi
Mi
-
stral
u
"
}
ls
{
"
Sta
alt
mi
Mi
-
stral
u
"
}
}
"
meta
:
Australia_CentralWestern
"
{
ld
{
"
Sumart
mi
mi
vesturhluta
stral
u
"
}
lg
{
"
T
mi
mi
vesturhluta
stral
u
"
}
ls
{
"
Sta
alt
mi
mi
vesturhluta
stral
u
"
}
}
"
meta
:
Australia_Eastern
"
{
ld
{
"
Sumart
mi
Austur
-
stral
u
"
}
lg
{
"
T
mi
Austur
-
stral
u
"
}
ls
{
"
Sta
alt
mi
Austur
-
stral
u
"
}
}
"
meta
:
Australia_Western
"
{
ld
{
"
Sumart
mi
Vestur
-
stral
u
"
}
lg
{
"
T
mi
Vestur
-
stral
u
"
}
ls
{
"
Sta
alt
mi
Vestur
-
stral
u
"
}
}
"
meta
:
Azerbaijan
"
{
ld
{
"
Sumart
mi
Aserba
dsjan
"
}
lg
{
"
Aserba
dsjant
mi
"
}
ls
{
"
Sta
alt
mi
Aserba
dsjan
"
}
}
"
meta
:
Azores
"
{
ld
{
"
Sumart
mi
As
reyjum
"
}
lg
{
"
As
reyjat
mi
"
}
ls
{
"
Sta
alt
mi
As
reyjum
"
}
}
"
meta
:
Bangladesh
"
{
ld
{
"
Sumart
mi
Bangladess
"
}
lg
{
"
Bangladess
-
t
mi
"
}
ls
{
"
Sta
alt
mi
Bangladess
"
}
}
"
meta
:
Bhutan
"
{
ls
{
"
B
tant
mi
"
}
}
"
meta
:
Bolivia
"
{
ls
{
"
B
liv
ut
mi
"
}
}
"
meta
:
Brasilia
"
{
ld
{
"
Sumart
mi
Brasil
u
"
}
lg
{
"
Brasil
ut
mi
"
}
ls
{
"
Sta
alt
mi
Brasil
u
"
}
}
"
meta
:
Brunei
"
{
ls
{
"
Br
neit
mi
"
}
}
"
meta
:
Cape_Verde
"
{
ld
{
"
Sumart
mi
Gr
nh
f
aeyjum
"
}
lg
{
"
Gr
nh
f
aeyjat
mi
"
}
ls
{
"
Sta
alt
mi
Gr
nh
f
aeyjum
"
}
}
"
meta
:
Chamorro
"
{
ls
{
"
Chamorro
-
sta
alt
mi
"
}
}
"
meta
:
Chatham
"
{
ld
{
"
Sumart
mi
Chatham
"
}
lg
{
"
Chatham
-
t
mi
"
}
ls
{
"
Sta
alt
mi
Chatham
"
}
}
"
meta
:
Chile
"
{
ld
{
"
Sumart
mi
S
le
"
}
lg
{
"
S
let
mi
"
}
ls
{
"
Sta
alt
mi
S
le
"
}
}
"
meta
:
China
"
{
ld
{
"
Sumart
mi
K
na
"
}
lg
{
"
K
nat
mi
"
}
ls
{
"
Sta
alt
mi
K
na
"
}
}
"
meta
:
Choibalsan
"
{
ld
{
"
Sumart
mi
Choibalsan
"
}
lg
{
"
T
mi
Choibalsan
"
}
ls
{
"
Sta
alt
mi
Choibalsan
"
}
}
"
meta
:
Christmas
"
{
ls
{
"
J
laeyjart
mi
"
}
}
"
meta
:
Cocos
"
{
ls
{
"
K
koseyjat
mi
"
}
}
"
meta
:
Colombia
"
{
ld
{
"
Sumart
mi
K
lumb
u
"
}
lg
{
"
K
lumb
ut
mi
"
}
ls
{
"
Sta
alt
mi
K
lumb
u
"
}
}
"
meta
:
Cook
"
{
ld
{
"
H
lfsumart
mi
Cooks
-
eyjum
"
}
lg
{
"
Cooks
-
eyjat
mi
"
}
ls
{
"
Sta
alt
mi
Cooks
-
eyjum
"
}
}
"
meta
:
Cuba
"
{
ld
{
"
Sumart
mi
K
bu
"
}
lg
{
"
K
but
mi
"
}
ls
{
"
Sta
alt
mi
K
bu
"
}
}
"
meta
:
Davis
"
{
ls
{
"
Davis
-
t
mi
"
}
}
"
meta
:
DumontDUrville
"
{
ls
{
"
T
mi
Dumont
-
d
Urville
"
}
}
"
meta
:
East_Timor
"
{
ls
{
"
T
minn
T
mor
-
Leste
"
}
}
"
meta
:
Easter
"
{
ld
{
"
Sumart
mi
P
skaeyju
"
}
lg
{
"
P
skaeyjut
mi
"
}
ls
{
"
Sta
alt
mi
P
skaeyju
"
}
}
"
meta
:
Ecuador
"
{
ls
{
"
Ekvadort
mi
"
}
}
"
meta
:
Europe_Central
"
{
ld
{
"
Sumart
mi
Mi
-
Evr
pu
"
}
lg
{
"
Mi
-
Evr
put
mi
"
}
ls
{
"
Sta
alt
mi
Mi
-
Evr
pu
"
}
}
"
meta
:
Europe_Eastern
"
{
ld
{
"
Sumart
mi
Austur
-
Evr
pu
"
}
lg
{
"
Austur
-
Evr
put
mi
"
}
ls
{
"
Sta
alt
mi
Austur
-
Evr
pu
"
}
}
"
meta
:
Europe_Further_Eastern
"
{
ls
{
"
Sta
art
mi
Kal
n
ngrad
"
}
}
"
meta
:
Europe_Western
"
{
ld
{
"
Sumart
mi
Vestur
-
Evr
pu
"
}
lg
{
"
Vestur
-
Evr
put
mi
"
}
ls
{
"
Sta
alt
mi
Vestur
-
Evr
pu
"
}
}
"
meta
:
Falkland
"
{
ld
{
"
Sumart
mi
Falklandseyjum
"
}
lg
{
"
Falklandseyjat
mi
"
}
ls
{
"
Sta
alt
mi
Falklandseyjum
"
}
}
"
meta
:
Fiji
"
{
ld
{
"
Sumart
mi
F
dj
eyjum
"
}
lg
{
"
F
dj
eyjat
mi
"
}
ls
{
"
Sta
alt
mi
F
dj
eyjum
"
}
}
"
meta
:
French_Guiana
"
{
ls
{
"
T
mi
Fr
nsku
Gv
jana
"
}
}
"
meta
:
French_Southern
"
{
ls
{
"
T
mi
fr
nsku
su
urhafssv
um
og
Su
urskautslandssv
i
"
}
}
"
meta
:
GMT
"
{
ls
{
"
Greenwich
-
sta
alt
mi
"
}
}
"
meta
:
Galapagos
"
{
ls
{
"
Galapagos
-
t
mi
"
}
}
"
meta
:
Gambier
"
{
ls
{
"
Gambier
-
t
mi
"
}
}
"
meta
:
Georgia
"
{
ld
{
"
Sumart
mi
Georg
u
"
}
lg
{
"
Georg
ut
mi
"
}
ls
{
"
Sta
alt
mi
Georg
u
"
}
}
"
meta
:
Gilbert_Islands
"
{
ls
{
"
T
mi
Gilbert
-
eyjum
"
}
}
"
meta
:
Greenland_Eastern
"
{
ld
{
"
Sumart
mi
Austur
-
Gr
nlandi
"
}
lg
{
"
Austur
-
Gr
nlandst
mi
"
}
ls
{
"
Sta
alt
mi
Austur
-
Gr
nlandi
"
}
}
"
meta
:
Greenland_Western
"
{
ld
{
"
Sumart
mi
Vestur
-
Gr
nlandi
"
}
lg
{
"
Vestur
-
Gr
nlandst
mi
"
}
ls
{
"
Sta
alt
mi
Vestur
-
Gr
nlandi
"
}
}
"
meta
:
Gulf
"
{
ls
{
"
Sta
alt
mi
vi
Persafl
a
"
}
}
"
meta
:
Guyana
"
{
ls
{
"
Gv
janat
mi
"
}
}
"
meta
:
Hawaii_Aleutian
"
{
ld
{
"
Sumart
mi
Hava
og
Ale
ta
"
}
lg
{
"
T
mi
Hava
og
Ale
ta
"
}
ls
{
"
Sta
alt
mi
Hava
og
Ale
ta
"
}
}
"
meta
:
Hong_Kong
"
{
ld
{
"
Sumart
mi
Hong
Kong
"
}
lg
{
"
Hong
Kong
-
t
mi
"
}
ls
{
"
Sta
alt
mi
Hong
Kong
"
}
}
"
meta
:
Hovd
"
{
ld
{
"
Sumart
mi
Hovd
"
}
lg
{
"
Hovd
-
t
mi
"
}
ls
{
"
Sta
alt
mi
Hovd
"
}
}
"
meta
:
India
"
{
ls
{
"
Indlandst
mi
"
}
}
"
meta
:
Indian_Ocean
"
{
ls
{
"
Indlandshafst
mi
"
}
}
"
meta
:
Indochina
"
{
ls
{
"
Ind
k
nat
mi
"
}
}
"
meta
:
Indonesia_Central
"
{
ls
{
"
Mi
-
Ind
nes
ut
mi
"
}
}
"
meta
:
Indonesia_Eastern
"
{
ls
{
"
Austur
-
Ind
nes
ut
mi
"
}
}
"
meta
:
Indonesia_Western
"
{
ls
{
"
Vestur
-
Ind
nes
ut
mi
"
}
}
"
meta
:
Iran
"
{
ld
{
"
Sumart
mi
ran
"
}
lg
{
"
ranst
mi
"
}
ls
{
"
Sta
alt
mi
ran
"
}
}
"
meta
:
Irkutsk
"
{
ld
{
"
Sumart
mi
Irkutsk
"
}
lg
{
"
T
mi
Irkutsk
"
}
ls
{
"
Sta
alt
mi
Irkutsk
"
}
}
"
meta
:
Israel
"
{
ld
{
"
Sumart
mi
srael
"
}
lg
{
"
sraelst
mi
"
}
ls
{
"
Sta
alt
mi
srael
"
}
}
"
meta
:
Japan
"
{
ld
{
"
Sumart
mi
Japan
"
}
lg
{
"
Japanst
mi
"
}
ls
{
"
Sta
alt
mi
Japan
"
}
}
"
meta
:
Kamchatka
"
{
ld
{
"
Sumart
mi
Petropavlovsk
-
Kamchatski
"
}
lg
{
"
T
mi
Petropavlovsk
-
Kamchatski
"
}
ls
{
"
Sta
alt
mi
Petropavlovsk
-
Kamchatski
"
}
}
"
meta
:
Kazakhstan_Eastern
"
{
ls
{
"
T
mi
Austur
-
Kasakstan
"
}
}
"
meta
:
Kazakhstan_Western
"
{
ls
{
"
T
mi
Vestur
-
Kasakstan
"
}
}
"
meta
:
Korea
"
{
ld
{
"
Sumart
mi
K
reu
"
}
lg
{
"
K
reut
mi
"
}
ls
{
"
Sta
alt
mi
K
reu
"
}
}
"
meta
:
Kosrae
"
{
ls
{
"
Kosrae
-
t
mi
"
}
}
"
meta
:
Krasnoyarsk
"
{
ld
{
"
Sumart
mi
Krasnoyarsk
"
}
lg
{
"
T
mi
Krasnoyarsk
"
}
ls
{
"
Sta
alt
mi
Krasnoyarsk
"
}
}
"
meta
:
Kyrgystan
"
{
ls
{
"
Kirgistan
-
t
mi
"
}
}
"
meta
:
Line_Islands
"
{
ls
{
"
L
nueyja
-
t
mi
"
}
}
"
meta
:
Lord_Howe
"
{
ld
{
"
Sumart
mi
Lord
Howe
-
eyju
"
}
lg
{
"
T
mi
Lord
Howe
-
eyju
"
}
ls
{
"
Sta
alt
mi
Lord
Howe
-
eyju
"
}
}
"
meta
:
Macquarie
"
{
ls
{
"
Macquarie
-
eyjart
mi
"
}
}
"
meta
:
Magadan
"
{
ld
{
"
Sumart
mi
Magadan
"
}
lg
{
"
T
mi
Magadan
"
}
ls
{
"
Sta
alt
mi
Magadan
"
}
}
"
meta
:
Malaysia
"
{
ls
{
"
Malas
ut
mi
"
}
}
"
meta
:
Maldives
"
{
ls
{
"
Mald
veyja
-
t
mi
"
}
}
"
meta
:
Marquesas
"
{
ls
{
"
T
mi
Markgreifafr
reyjum
"
}
}
"
meta
:
Marshall_Islands
"
{
ls
{
"
T
mi
Marshall
-
eyjum
"
}
}
"
meta
:
Mauritius
"
{
ld
{
"
Sumart
mi
M
rit
us
"
}
lg
{
"
M
rit
ust
mi
"
}
ls
{
"
Sta
alt
mi
M
rit
us
"
}
}
"
meta
:
Mawson
"
{
ls
{
"
Mawson
-
t
mi
"
}
}
"
meta
:
Mexico_Northwest
"
{
ld
{
"
Sumart
mi
Nor
vestur
-
Mex
k
"
}
lg
{
"
T
mi
Nor
vestur
-
Mex
k
"
}
ls
{
"
Sta
alt
mi
Nor
vestur
-
Mex
k
"
}
}
"
meta
:
Mexico_Pacific
"
{
ld
{
"
Sumart
mi
Mex
k
Kyrrahafssv
inu
"
}
lg
{
"
Kyrrahafst
mi
Mex
k
"
}
ls
{
"
Sta
alt
mi
Mex
k
Kyrrahafssv
inu
"
}
}
"
meta
:
Mongolia
"
{
ld
{
"
Sumart
mi
lan
Bator
"
}
lg
{
"
T
mi
lan
Bator
"
}
ls
{
"
Sta
alt
mi
lan
Bator
"
}
}
"
meta
:
Moscow
"
{
ld
{
"
Sumart
mi
Moskvu
"
}
lg
{
"
Moskvut
mi
"
}
ls
{
"
Sta
alt
mi
Moskvu
"
}
}
"
meta
:
Myanmar
"
{
ls
{
"
Mjanmar
-
t
mi
"
}
}
"
meta
:
Nauru
"
{
ls
{
"
N
r
-
t
mi
"
}
}
"
meta
:
Nepal
"
{
ls
{
"
Nepalt
mi
"
}
}
"
meta
:
New_Caledonia
"
{
ld
{
"
Sumart
mi
N
ju
-
Kaled
n
u
"
}
lg
{
"
T
mi
N
ju
-
Kaled
n
u
"
}
ls
{
"
Sta
alt
mi
N
ju
-
Kaled
n
u
"
}
}
"
meta
:
New_Zealand
"
{
ld
{
"
Sumart
mi
N
ja
-
Sj
landi
"
}
lg
{
"
T
mi
N
ja
-
Sj
landi
"
}
ls
{
"
Sta
alt
mi
N
ja
-
Sj
landi
"
}
}
"
meta
:
Newfoundland
"
{
ld
{
"
Sumart
mi
N
fundnalandi
"
}
lg
{
"
T
mi
N
fundnalandi
"
}
ls
{
"
Sta
alt
mi
N
fundnalandi
"
}
}
"
meta
:
Niue
"
{
ls
{
"
Niue
-
t
mi
"
}
}
"
meta
:
Norfolk
"
{
ls
{
"
T
mi
Norfolk
-
eyju
"
}
}
"
meta
:
Noronha
"
{
ld
{
"
Sumart
mi
Fernando
de
Noronha
"
}
lg
{
"
T
mi
Fernando
de
Noronha
"
}
ls
{
"
Sta
alt
mi
Fernando
de
Noronha
"
}
}
"
meta
:
Novosibirsk
"
{
ld
{
"
Sumart
mi
Novosibirsk
"
}
lg
{
"
T
mi
Novosibirsk
"
}
ls
{
"
Sta
alt
mi
Novosibirsk
"
}
}
"
meta
:
Omsk
"
{
ld
{
"
Sumart
mi
Omsk
"
}
lg
{
"
T
minn
Omsk
"
}
ls
{
"
Sta
alt
mi
Omsk
"
}
}
"
meta
:
Pakistan
"
{
ld
{
"
Sumart
mi
Pakistan
"
}
lg
{
"
Pakistant
mi
"
}
ls
{
"
Sta
alt
mi
Pakistan
"
}
}
"
meta
:
Palau
"
{
ls
{
"
Pal
t
mi
"
}
}
"
meta
:
Papua_New_Guinea
"
{
ls
{
"
T
mi
Pap
a
N
ju
-
G
neu
"
}
}
"
meta
:
Paraguay
"
{
ld
{
"
Sumart
mi
Paragv
"
}
lg
{
"
Paragv
t
mi
"
}
ls
{
"
Sta
alt
mi
Paragv
"
}
}
"
meta
:
Peru
"
{
ld
{
"
Sumart
mi
Per
"
}
lg
{
"
Per
t
mi
"
}
ls
{
"
Sta
alt
mi
Per
"
}
}
"
meta
:
Philippines
"
{
ld
{
"
Sumart
mi
Filippseyjum
"
}
lg
{
"
Filippseyjat
mi
"
}
ls
{
"
Sta
alt
mi
Filippseyjum
"
}
}
"
meta
:
Phoenix_Islands
"
{
ls
{
"
F
nixeyjat
mi
"
}
}
"
meta
:
Pierre_Miquelon
"
{
ld
{
"
Sumart
mi
Sankti
Pierre
og
Miquelon
"
}
lg
{
"
T
mi
Sankti
Pierre
og
Miquelon
"
}
ls
{
"
Sta
alt
mi
Sankti
Pierre
og
Miquelon
"
}
}
"
meta
:
Pitcairn
"
{
ls
{
"
Pitcairn
-
t
mi
"
}
}
"
meta
:
Ponape
"
{
ls
{
"
Ponape
-
t
mi
"
}
}
"
meta
:
Pyongyang
"
{
ls
{
"
T
mi
Pjongjang
"
}
}
"
meta
:
Reunion
"
{
ls
{
"
R
union
-
t
mi
"
}
}
"
meta
:
Rothera
"
{
ls
{
"
Rothera
-
t
mi
"
}
}
"
meta
:
Sakhalin
"
{
ld
{
"
Sumart
mi
Sakhalin
"
}
lg
{
"
T
mi
Sakhalin
"
}
ls
{
"
Sta
alt
mi
Sakhalin
"
}
}
"
meta
:
Samara
"
{
ld
{
"
Sumart
mi
Samara
"
}
lg
{
"
T
mi
Samara
"
}
ls
{
"
Sta
alt
mi
Samara
"
}
}
"
meta
:
Samoa
"
{
ld
{
"
Sumart
mi
Sam
a
"
}
lg
{
"
Sam
a
-
t
mi
"
}
ls
{
"
Sta
alt
mi
Sam
a
"
}
}
"
meta
:
Seychelles
"
{
ls
{
"
Seychelles
-
eyjat
mi
"
}
}
"
meta
:
Singapore
"
{
ls
{
"
Singap
rt
mi
"
}
}
"
meta
:
Solomon
"
{
ls
{
"
Sal
monseyjat
mi
"
}
}
"
meta
:
South_Georgia
"
{
ls
{
"
Su
ur
-
Georg
ut
mi
"
}
}
"
meta
:
Suriname
"
{
ls
{
"
S
rinamt
mi
"
}
}
"
meta
:
Syowa
"
{
ls
{
"
Syowa
-
t
mi
"
}
}
"
meta
:
Tahiti
"
{
ls
{
"
Tah
t
-
t
mi
"
}
}
"
meta
:
Taipei
"
{
ld
{
"
Sumart
mi
Taipei
"
}
lg
{
"
Taipei
-
t
mi
"
}
ls
{
"
Sta
alt
mi
Taipei
"
}
}
"
meta
:
Tajikistan
"
{
ls
{
"
Tadsj
kistan
-
t
mi
"
}
}
"
meta
:
Tokelau
"
{
ls
{
"
T
kel
-
t
mi
"
}
}
"
meta
:
Tonga
"
{
ld
{
"
Sumart
mi
Tonga
"
}
lg
{
"
Tongat
mi
"
}
ls
{
"
Sta
alt
mi
Tonga
"
}
}
"
meta
:
Truk
"
{
ls
{
"
Chuuk
-
t
mi
"
}
}
"
meta
:
Turkmenistan
"
{
ld
{
"
Sumart
mi
T
rkmenistan
"
}
lg
{
"
T
rkmenistan
-
t
mi
"
}
ls
{
"
Sta
alt
mi
T
rkmenistan
"
}
}
"
meta
:
Tuvalu
"
{
ls
{
"
T
val
t
mi
"
}
}
"
meta
:
Uruguay
"
{
ld
{
"
Sumart
mi
r
gv
"
}
lg
{
"
r
gv
t
mi
"
}
ls
{
"
Sta
alt
mi
r
gv
"
}
}
"
meta
:
Uzbekistan
"
{
ld
{
"
Sumart
mi
sbekistan
"
}
lg
{
"
sbekistan
-
t
mi
"
}
ls
{
"
Sta
alt
mi
sbekistan
"
}
}
"
meta
:
Vanuatu
"
{
ld
{
"
Sumart
mi
Van
at
"
}
lg
{
"
Van
at
-
t
mi
"
}
ls
{
"
Sta
alt
mi
Van
at
"
}
}
"
meta
:
Venezuela
"
{
ls
{
"
Venes
elat
mi
"
}
}
"
meta
:
Vladivostok
"
{
ld
{
"
Sumart
mi
Vladivostok
"
}
lg
{
"
T
mi
Vladivostok
"
}
ls
{
"
Sta
alt
mi
Vladivostok
"
}
}
"
meta
:
Volgograd
"
{
ld
{
"
Sumart
mi
Volgograd
"
}
lg
{
"
T
mi
Volgograd
"
}
ls
{
"
Sta
alt
mi
Volgograd
"
}
}
"
meta
:
Vostok
"
{
ls
{
"
Vostok
-
t
mi
"
}
}
"
meta
:
Wake
"
{
ls
{
"
T
mi
Wake
-
eyju
"
}
}
"
meta
:
Wallis
"
{
ls
{
"
T
mi
Wallis
-
og
F
t
naeyjum
"
}
}
"
meta
:
Yakutsk
"
{
ld
{
"
Sumart
mi
Yakutsk
"
}
lg
{
"
T
minn
Yakutsk
"
}
ls
{
"
Sta
alt
mi
Yakutsk
"
}
}
"
meta
:
Yekaterinburg
"
{
ld
{
"
Sumart
mi
Yekaterinburg
"
}
lg
{
"
T
mi
Yekaterinburg
"
}
ls
{
"
Sta
alt
mi
Yekaterinborg
"
}
}
fallbackFormat
{
"
{
1
}
(
{
0
}
)
"
}
gmtFormat
{
"
GMT
{
0
}
"
}
gmtZeroFormat
{
"
GMT
"
}
hourFormat
{
"
+
HH
:
mm
;
-
HH
:
mm
"
}
regionFormat
{
"
{
0
}
"
}
regionFormatDaylight
{
"
{
0
}
(
sumart
mi
)
"
}
regionFormatStandard
{
"
{
0
}
(
sta
alt
mi
)
"
}
}
}
