/
/
2016
and
later
:
Unicode
Inc
.
and
others
.
/
/
License
&
terms
of
use
:
http
:
/
/
www
.
unicode
.
org
/
copyright
.
html
/
/
Generated
using
tools
/
cldr
/
cldr
-
to
-
icu
/
kxv
{
zoneStrings
{
"
Africa
:
Abidjan
"
{
ec
{
"
abidjan
"
}
}
"
Africa
:
Accra
"
{
ec
{
"
ecra
"
}
}
"
Africa
:
Addis_Ababa
"
{
ec
{
"
a
is
ababa
"
}
}
"
Africa
:
Algiers
"
{
ec
{
"
alj
yrs
"
}
}
"
Africa
:
Asmera
"
{
ec
{
"
asmara
"
}
}
"
Africa
:
Bamako
"
{
ec
{
"
bamako
"
}
}
"
Africa
:
Bangui
"
{
ec
{
"
bangui
"
}
}
"
Africa
:
Banjul
"
{
ec
{
"
banjul
"
}
}
"
Africa
:
Bissau
"
{
ec
{
"
bissau
"
}
}
"
Africa
:
Blantyre
"
{
ec
{
"
blan
aer
"
}
}
"
Africa
:
Brazzaville
"
{
ec
{
"
brajavill
"
}
}
"
Africa
:
Bujumbura
"
{
ec
{
"
bujumbura
"
}
}
"
Africa
:
Cairo
"
{
ec
{
"
kairo
"
}
}
"
Africa
:
Casablanca
"
{
ec
{
"
kasablanka
"
}
}
"
Africa
:
Ceuta
"
{
ec
{
"
seu
a
"
}
}
"
Africa
:
Conakry
"
{
ec
{
"
konakr
"
}
}
"
Africa
:
Dakar
"
{
ec
{
"
kar
"
}
}
"
Africa
:
Dar_es_Salaam
"
{
ec
{
"
dar
es
salaam
"
}
}
"
Africa
:
Djibouti
"
{
ec
{
"
jibuti
"
}
}
"
Africa
:
Douala
"
{
ec
{
"
duala
"
}
}
"
Africa
:
El_Aaiun
"
{
ec
{
"
el
aaiyun
"
}
}
"
Africa
:
Freetown
"
{
ec
{
"
pr
aun
"
}
}
"
Africa
:
Gaborone
"
{
ec
{
"
gaboron
"
}
}
"
Africa
:
Harare
"
{
ec
{
"
hrare
"
}
}
"
Africa
:
Johannesburg
"
{
ec
{
"
johannesburg
"
}
}
"
Africa
:
Juba
"
{
ec
{
"
juba
"
}
}
"
Africa
:
Kampala
"
{
ec
{
"
kmpala
"
}
}
"
Africa
:
Khartoum
"
{
ec
{
"
kar
oum
"
}
}
"
Africa
:
Kigali
"
{
ec
{
"
kigali
"
}
}
"
Africa
:
Kinshasa
"
{
ec
{
"
kinsasa
"
}
}
"
Africa
:
Lagos
"
{
ec
{
"
lagos
"
}
}
"
Africa
:
Libreville
"
{
ec
{
"
librevill
"
}
}
"
Africa
:
Lome
"
{
ec
{
"
lom
"
}
}
"
Africa
:
Luanda
"
{
ec
{
"
luan
a
"
}
}
"
Africa
:
Lubumbashi
"
{
ec
{
"
lubumbasi
"
}
}
"
Africa
:
Lusaka
"
{
ec
{
"
lusaka
"
}
}
"
Africa
:
Malabo
"
{
ec
{
"
malabo
"
}
}
"
Africa
:
Maputo
"
{
ec
{
"
mapu
u
"
}
}
"
Africa
:
Maseru
"
{
ec
{
"
maseru
"
}
}
"
Africa
:
Mbabane
"
{
ec
{
"
mbabane
"
}
}
"
Africa
:
Mogadishu
"
{
ec
{
"
moga
isu
"
}
}
"
Africa
:
Monrovia
"
{
ec
{
"
monrovia
"
}
}
"
Africa
:
Nairobi
"
{
ec
{
"
nairobi
"
}
}
"
Africa
:
Ndjamena
"
{
ec
{
"
njamena
"
}
}
"
Africa
:
Niamey
"
{
ec
{
"
niyame
"
}
}
"
Africa
:
Nouakchott
"
{
ec
{
"
nueksa
"
}
}
"
Africa
:
Ouagadougou
"
{
ec
{
"
vagdugu
"
}
}
"
Africa
:
Porto
-
Novo
"
{
ec
{
"
por
o
-
ovo
"
}
}
"
Africa
:
Sao_Tome
"
{
ec
{
"
sao
om
"
}
}
"
Africa
:
Tripoli
"
{
ec
{
"
tripoli
"
}
}
"
Africa
:
Tunis
"
{
ec
{
"
unis
"
}
}
"
Africa
:
Windhoek
"
{
ec
{
"
vindhuk
"
}
}
"
America
:
Adak
"
{
ec
{
"
a
ak
"
}
}
"
America
:
Anchorage
"
{
ec
{
"
ankoraj
"
}
}
"
America
:
Anguilla
"
{
ec
{
"
enguilla
"
}
}
"
America
:
Antigua
"
{
ec
{
"
en
igua
"
}
}
"
America
:
Araguaina
"
{
ec
{
"
aragvaina
"
}
}
"
America
:
Argentina
:
La_Rioja
"
{
ec
{
"
la
rioja
"
}
}
"
America
:
Argentina
:
Rio_Gallegos
"
{
ec
{
"
riyo
gallegos
"
}
}
"
America
:
Argentina
:
Salta
"
{
ec
{
"
sal
a
"
}
}
"
America
:
Argentina
:
San_Juan
"
{
ec
{
"
san
huan
"
}
}
"
America
:
Argentina
:
San_Luis
"
{
ec
{
"
san
luis
"
}
}
"
America
:
Argentina
:
Tucuman
"
{
ec
{
"
uk
mn
"
}
}
"
America
:
Argentina
:
Ushuaia
"
{
ec
{
"
usvaiya
"
}
}
"
America
:
Aruba
"
{
ec
{
"
aruba
"
}
}
"
America
:
Asuncion
"
{
ec
{
"
esunsion
"
}
}
"
America
:
Bahia
"
{
ec
{
"
bahia
"
}
}
"
America
:
Bahia_Banderas
"
{
ec
{
"
baia
ban
eras
"
}
}
"
America
:
Barbados
"
{
ec
{
"
barba
os
"
}
}
"
America
:
Belem
"
{
ec
{
"
belem
"
}
}
"
America
:
Belize
"
{
ec
{
"
belij
"
}
}
"
America
:
Blanc
-
Sablon
"
{
ec
{
"
blank
-
sablon
"
}
}
"
America
:
Boa_Vista
"
{
ec
{
"
boa
vista
"
}
}
"
America
:
Bogota
"
{
ec
{
"
bogo
a
"
}
}
"
America
:
Boise
"
{
ec
{
"
bois
"
}
}
"
America
:
Buenos_Aires
"
{
ec
{
"
buenous
aires
"
}
}
"
America
:
Cambridge_Bay
"
{
ec
{
"
kembrij
be
"
}
}
"
America
:
Campo_Grande
"
{
ec
{
"
kampo
gran
e
"
}
}
"
America
:
Cancun
"
{
ec
{
"
kankun
"
}
}
"
America
:
Caracas
"
{
ec
{
"
karakas
"
}
}
"
America
:
Catamarca
"
{
ec
{
"
katamarka
"
}
}
"
America
:
Cayenne
"
{
ec
{
"
keyen
"
}
}
"
America
:
Cayman
"
{
ec
{
"
keiman
"
}
}
"
America
:
Chicago
"
{
ec
{
"
cikago
"
}
}
"
America
:
Chihuahua
"
{
ec
{
"
chihuahua
"
}
}
"
America
:
Coral_Harbour
"
{
ec
{
"
e
ikoken
"
}
}
"
America
:
Cordoba
"
{
ec
{
"
kor
aba
"
}
}
"
America
:
Costa_Rica
"
{
ec
{
"
kos
a
rika
"
}
}
"
America
:
Creston
"
{
ec
{
"
kres
on
"
}
}
"
America
:
Cuiaba
"
{
ec
{
"
kuaaba
"
}
}
"
America
:
Curacao
"
{
ec
{
"
kyuraso
"
}
}
"
America
:
Danmarkshavn
"
{
ec
{
"
anmarksavn
"
}
}
"
America
:
Dawson
"
{
ec
{
"
aosn
"
}
}
"
America
:
Dawson_Creek
"
{
ec
{
"
aoson
kr
k
"
}
}
"
America
:
Denver
"
{
ec
{
"
enver
"
}
}
"
America
:
Detroit
"
{
ec
{
"
e
roi
"
}
}
"
America
:
Dominica
"
{
ec
{
"
ominika
"
}
}
"
America
:
Edmonton
"
{
ec
{
"
e
mon
on
"
}
}
"
America
:
Eirunepe
"
{
ec
{
"
eirunepe
"
}
}
"
America
:
El_Salvador
"
{
ec
{
"
el
salva
or
"
}
}
"
America
:
Fort_Nelson
"
{
ec
{
"
phort
nelsn
"
}
}
"
America
:
Fortaleza
"
{
ec
{
"
portaleja
"
}
}
"
America
:
Glace_Bay
"
{
ec
{
"
glas
bay
"
}
}
"
America
:
Godthab
"
{
ec
{
"
n
k
"
}
}
"
America
:
Goose_Bay
"
{
ec
{
"
goos
be
"
}
}
"
America
:
Grand_Turk
"
{
ec
{
"
gran
urk
"
}
}
"
America
:
Grenada
"
{
ec
{
"
grena
a
"
}
}
"
America
:
Guadeloupe
"
{
ec
{
"
gua
eloupe
"
}
}
"
America
:
Guatemala
"
{
ec
{
"
guatemala
"
}
}
"
America
:
Guayaquil
"
{
ec
{
"
guajakil
"
}
}
"
America
:
Guyana
"
{
ec
{
"
guyana
"
}
}
"
America
:
Halifax
"
{
ec
{
"
helipaks
"
}
}
"
America
:
Havana
"
{
ec
{
"
havana
"
}
}
"
America
:
Hermosillo
"
{
ec
{
"
ermosijo
"
}
}
"
America
:
Indiana
:
Knox
"
{
ec
{
"
noks
in
iyana
"
}
}
"
America
:
Indiana
:
Marengo
"
{
ec
{
"
marengo
in
iyana
"
}
}
"
America
:
Indiana
:
Petersburg
"
{
ec
{
"
pi
trsberg
in
iyana
"
}
}
"
America
:
Indiana
:
Tell_City
"
{
ec
{
"
ell
sity
in
iyana
"
}
}
"
America
:
Indiana
:
Vevay
"
{
ec
{
"
vivi
in
iyana
"
}
}
"
America
:
Indiana
:
Vincennes
"
{
ec
{
"
vincens
in
iyana
"
}
}
"
America
:
Indiana
:
Winamac
"
{
ec
{
"
vinamak
in
iyana
"
}
}
"
America
:
Indianapolis
"
{
ec
{
"
in
ianapolis
"
}
}
"
America
:
Inuvik
"
{
ec
{
"
in
vik
"
}
}
"
America
:
Iqaluit
"
{
ec
{
"
ikalui
"
}
}
"
America
:
Jamaica
"
{
ec
{
"
jamaika
"
}
}
"
America
:
Jujuy
"
{
ec
{
"
huhue
"
}
}
"
America
:
Juneau
"
{
ec
{
"
junov
"
}
}
"
America
:
Kentucky
:
Monticello
"
{
ec
{
"
mon
isello
ken
uk
"
}
}
"
America
:
Kralendijk
"
{
ec
{
"
krelen
eik
"
}
}
"
America
:
La_Paz
"
{
ec
{
"
la
paj
"
}
}
"
America
:
Lima
"
{
ec
{
"
lima
"
}
}
"
America
:
Los_Angeles
"
{
ec
{
"
los
anjeles
"
}
}
"
America
:
Louisville
"
{
ec
{
"
louiville
"
}
}
"
America
:
Lower_Princes
"
{
ec
{
"
lover
princ
s
kuva
ar
"
}
}
"
America
:
Maceio
"
{
ec
{
"
mas
o
"
}
}
"
America
:
Managua
"
{
ec
{
"
managua
"
}
}
"
America
:
Manaus
"
{
ec
{
"
manaus
"
}
}
"
America
:
Marigot
"
{
ec
{
"
marigo
"
}
}
"
America
:
Martinique
"
{
ec
{
"
mar
inik
"
}
}
"
America
:
Matamoros
"
{
ec
{
"
ma
amoros
"
}
}
"
America
:
Mazatlan
"
{
ec
{
"
masa
lan
"
}
}
"
America
:
Mendoza
"
{
ec
{
"
men
oja
"
}
}
"
America
:
Menominee
"
{
ec
{
"
menomin
"
}
}
"
America
:
Merida
"
{
ec
{
"
meri
a
"
}
}
"
America
:
Metlakatla
"
{
ec
{
"
me
laka
la
"
}
}
"
America
:
Mexico_City
"
{
ec
{
"
meksico
si
y
"
}
}
"
America
:
Miquelon
"
{
ec
{
"
mikvil
"
}
}
"
America
:
Moncton
"
{
ec
{
"
monk
on
"
}
}
"
America
:
Monterrey
"
{
ec
{
"
mon
erre
"
}
}
"
America
:
Montevideo
"
{
ec
{
"
mon
evidio
"
}
}
"
America
:
Montserrat
"
{
ec
{
"
mon
serre
"
}
}
"
America
:
Nassau
"
{
ec
{
"
nasau
"
}
}
"
America
:
New_York
"
{
ec
{
"
niyu
york
"
}
}
"
America
:
Nome
"
{
ec
{
"
nom
"
}
}
"
America
:
Noronha
"
{
ec
{
"
noronha
"
}
}
"
America
:
North_Dakota
:
Beulah
"
{
ec
{
"
biyula
uttar
ako
a
"
}
}
"
America
:
North_Dakota
:
Center
"
{
ec
{
"
ma
in
uttar
ako
a
"
}
}
"
America
:
North_Dakota
:
New_Salem
"
{
ec
{
"
neu
salem
uttar
ako
a
"
}
}
"
America
:
Ojinaga
"
{
ec
{
"
ojinaga
"
}
}
"
America
:
Panama
"
{
ec
{
"
panama
"
}
}
"
America
:
Paramaribo
"
{
ec
{
"
paramaribo
"
}
}
"
America
:
Phoenix
"
{
ec
{
"
piniks
"
}
}
"
America
:
Port
-
au
-
Prince
"
{
ec
{
"
port
-
au
-
prinse
"
}
}
"
America
:
Port_of_Spain
"
{
ec
{
"
por
ap
spain
"
}
}
"
America
:
Porto_Velho
"
{
ec
{
"
por
p
velho
"
}
}
"
America
:
Puerto_Rico
"
{
ec
{
"
puerto
riko
"
}
}
"
America
:
Punta_Arenas
"
{
ec
{
"
pu
a
erenas
"
}
}
"
America
:
Rankin_Inlet
"
{
ec
{
"
rankin
inled
"
}
}
"
America
:
Recife
"
{
ec
{
"
resipi
"
}
}
"
America
:
Regina
"
{
ec
{
"
rejina
"
}
}
"
America
:
Resolute
"
{
ec
{
"
rejalyu
"
}
}
"
America
:
Rio_Branco
"
{
ec
{
"
rio
branko
"
}
}
"
America
:
Santarem
"
{
ec
{
"
satari
"
}
}
"
America
:
Santiago
"
{
ec
{
"
san
iago
"
}
}
"
America
:
Santo_Domingo
"
{
ec
{
"
sento
omingo
"
}
}
"
America
:
Sao_Paulo
"
{
ec
{
"
sao
paulo
"
}
}
"
America
:
Scoresbysund
"
{
ec
{
"
i
oko
ormi
"
}
}
"
America
:
Sitka
"
{
ec
{
"
sitka
"
}
}
"
America
:
St_Barthelemy
"
{
ec
{
"
sen
bartelemi
"
}
}
"
America
:
St_Johns
"
{
ec
{
"
sen
jons
"
}
}
"
America
:
St_Kitts
"
{
ec
{
"
sent
ki
s
"
}
}
"
America
:
St_Lucia
"
{
ec
{
"
sent
lusia
"
}
}
"
America
:
St_Thomas
"
{
ec
{
"
sen
tomas
"
}
}
"
America
:
St_Vincent
"
{
ec
{
"
sen
vinsen
"
}
}
"
America
:
Swift_Current
"
{
ec
{
"
svip
kurren
"
}
}
"
America
:
Tegucigalpa
"
{
ec
{
"
tegu
"
}
}
"
America
:
Thule
"
{
ec
{
"
tule
"
}
}
"
America
:
Tijuana
"
{
ec
{
"
tihvana
"
}
}
"
America
:
Toronto
"
{
ec
{
"
oron
o
"
}
}
"
America
:
Tortola
"
{
ec
{
"
or
ola
"
}
}
"
America
:
Vancouver
"
{
ec
{
"
vank
ver
"
}
}
"
America
:
Whitehorse
"
{
ec
{
"
vhai
hors
"
}
}
"
America
:
Winnipeg
"
{
ec
{
"
vinnipeg
"
}
}
"
America
:
Yakutat
"
{
ec
{
"
yaku
a
"
}
}
"
Antarctica
:
Casey
"
{
ec
{
"
kesee
"
}
}
"
Antarctica
:
Davis
"
{
ec
{
"
evis
"
}
}
"
Antarctica
:
DumontDUrville
"
{
ec
{
"
yumont
de
urvill
"
}
}
"
Antarctica
:
Macquarie
"
{
ec
{
"
mekvari
"
}
}
"
Antarctica
:
Mawson
"
{
ec
{
"
mavson
"
}
}
"
Antarctica
:
McMurdo
"
{
ec
{
"
mek
mur
o
"
}
}
"
Antarctica
:
Palmer
"
{
ec
{
"
palmer
"
}
}
"
Antarctica
:
Rothera
"
{
ec
{
"
rotera
"
}
}
"
Antarctica
:
Syowa
"
{
ec
{
"
syova
"
}
}
"
Antarctica
:
Troll
"
{
ec
{
"
roll
"
}
}
"
Antarctica
:
Vostok
"
{
ec
{
"
vos
ok
"
}
}
"
Arctic
:
Longyearbyen
"
{
ec
{
"
lngyarbyen
"
}
}
"
Asia
:
Aden
"
{
ec
{
"
e
en
"
}
}
"
Asia
:
Almaty
"
{
ec
{
"
alma
y
"
}
}
"
Asia
:
Amman
"
{
ec
{
"
amman
"
}
}
"
Asia
:
Anadyr
"
{
ec
{
"
ana
ir
"
}
}
"
Asia
:
Aqtau
"
{
ec
{
"
aktau
"
}
}
"
Asia
:
Aqtobe
"
{
ec
{
"
aaktobe
"
}
}
"
Asia
:
Ashgabat
"
{
ec
{
"
asgaba
"
}
}
"
Asia
:
Atyrau
"
{
ec
{
"
atarau
"
}
}
"
Asia
:
Baghdad
"
{
ec
{
"
bagdad
"
}
}
"
Asia
:
Bahrain
"
{
ec
{
"
bahrain
"
}
}
"
Asia
:
Baku
"
{
ec
{
"
baku
"
}
}
"
Asia
:
Bangkok
"
{
ec
{
"
bangkok
"
}
}
"
Asia
:
Barnaul
"
{
ec
{
"
barnaul
"
}
}
"
Asia
:
Beirut
"
{
ec
{
"
beirut
"
}
}
"
Asia
:
Bishkek
"
{
ec
{
"
biskek
"
}
}
"
Asia
:
Brunei
"
{
ec
{
"
brunei
"
}
}
"
Asia
:
Calcutta
"
{
ec
{
"
kolkata
"
}
}
"
Asia
:
Chita
"
{
ec
{
"
cita
"
}
}
"
Asia
:
Colombo
"
{
ec
{
"
kolombo
"
}
}
"
Asia
:
Damascus
"
{
ec
{
"
amaskus
"
}
}
"
Asia
:
Dhaka
"
{
ec
{
"
aka
"
}
}
"
Asia
:
Dili
"
{
ec
{
"
ili
"
}
}
"
Asia
:
Dubai
"
{
ec
{
"
dubai
"
}
}
"
Asia
:
Dushanbe
"
{
ec
{
"
dusambe
"
}
}
"
Asia
:
Famagusta
"
{
ec
{
"
pamagusta
"
}
}
"
Asia
:
Gaza
"
{
ec
{
"
gaja
"
}
}
"
Asia
:
Hebron
"
{
ec
{
"
hebron
"
}
}
"
Asia
:
Hong_Kong
"
{
ec
{
"
hong
kong
"
}
}
"
Asia
:
Hovd
"
{
ec
{
"
hovd
"
}
}
"
Asia
:
Irkutsk
"
{
ec
{
"
irku
sk
"
}
}
"
Asia
:
Jakarta
"
{
ec
{
"
jakarta
"
}
}
"
Asia
:
Jayapura
"
{
ec
{
"
jayapura
"
}
}
"
Asia
:
Jerusalem
"
{
ec
{
"
jerusalem
"
}
}
"
Asia
:
Kabul
"
{
ec
{
"
kabul
"
}
}
"
Asia
:
Kamchatka
"
{
ec
{
"
kamca
ka
"
}
}
"
Asia
:
Karachi
"
{
ec
{
"
karac
"
}
}
"
Asia
:
Katmandu
"
{
ec
{
"
ka
man
u
"
}
}
"
Asia
:
Khandyga
"
{
ec
{
"
kandiga
"
}
}
"
Asia
:
Krasnoyarsk
"
{
ec
{
"
krasneyarsk
"
}
}
"
Asia
:
Kuala_Lumpur
"
{
ec
{
"
kuala
lumpur
"
}
}
"
Asia
:
Kuching
"
{
ec
{
"
kucing
"
}
}
"
Asia
:
Kuwait
"
{
ec
{
"
kuvait
"
}
}
"
Asia
:
Macau
"
{
ec
{
"
mkao
"
}
}
"
Asia
:
Magadan
"
{
ec
{
"
mega
an
"
}
}
"
Asia
:
Makassar
"
{
ec
{
"
makasar
"
}
}
"
Asia
:
Manila
"
{
ec
{
"
man
la
"
}
}
"
Asia
:
Muscat
"
{
ec
{
"
maskat
"
}
}
"
Asia
:
Nicosia
"
{
ec
{
"
nikosiya
"
}
}
"
Asia
:
Novokuznetsk
"
{
ec
{
"
nevokujne
sk
"
}
}
"
Asia
:
Novosibirsk
"
{
ec
{
"
novosibirsk
"
}
}
"
Asia
:
Omsk
"
{
ec
{
"
omsk
"
}
}
"
Asia
:
Oral
"
{
ec
{
"
oral
"
}
}
"
Asia
:
Phnom_Penh
"
{
ec
{
"
pnom
penh
"
}
}
"
Asia
:
Pontianak
"
{
ec
{
"
pon
ianak
"
}
}
"
Asia
:
Pyongyang
"
{
ec
{
"
pyongyang
"
}
}
"
Asia
:
Qatar
"
{
ec
{
"
katar
"
}
}
"
Asia
:
Qostanay
"
{
ec
{
"
kos
ane
"
}
}
"
Asia
:
Qyzylorda
"
{
ec
{
"
kijuorda
"
}
}
"
Asia
:
Rangoon
"
{
ec
{
"
yangon
"
}
}
"
Asia
:
Riyadh
"
{
ec
{
"
riyad
"
}
}
"
Asia
:
Saigon
"
{
ec
{
"
ho
ci
minh
siti
"
}
}
"
Asia
:
Sakhalin
"
{
ec
{
"
sahalin
"
}
}
"
Asia
:
Samarkand
"
{
ec
{
"
samarkand
"
}
}
"
Asia
:
Seoul
"
{
ec
{
"
seol
"
}
}
"
Asia
:
Shanghai
"
{
ec
{
"
sengai
"
}
}
"
Asia
:
Singapore
"
{
ec
{
"
singapor
"
}
}
"
Asia
:
Srednekolymsk
"
{
ec
{
"
sre
nekolymsk
"
}
}
"
Asia
:
Taipei
"
{
ec
{
"
taipei
"
}
}
"
Asia
:
Tashkent
"
{
ec
{
"
tasken
"
}
}
"
Asia
:
Tbilisi
"
{
ec
{
"
tbilisi
"
}
}
"
Asia
:
Tehran
"
{
ec
{
"
tehran
"
}
}
"
Asia
:
Thimphu
"
{
ec
{
"
timphu
"
}
}
"
Asia
:
Tokyo
"
{
ec
{
"
okyo
"
}
}
"
Asia
:
Tomsk
"
{
ec
{
"
omsk
"
}
}
"
Asia
:
Ulaanbaatar
"
{
ec
{
"
ulanba
ar
"
}
}
"
Asia
:
Urumqi
"
{
ec
{
"
urumci
"
}
}
"
Asia
:
Ust
-
Nera
"
{
ec
{
"
yust
-
nera
"
}
}
"
Asia
:
Vientiane
"
{
ec
{
"
vien
iaan
"
}
}
"
Asia
:
Vladivostok
"
{
ec
{
"
vla
ivos
ok
"
}
}
"
Asia
:
Yakutsk
"
{
ec
{
"
yaku
sk
"
}
}
"
Asia
:
Yekaterinburg
"
{
ec
{
"
yikaterinburg
"
}
}
"
Asia
:
Yerevan
"
{
ec
{
"
yerevan
"
}
}
"
Atlantic
:
Azores
"
{
ec
{
"
ajores
"
}
}
"
Atlantic
:
Bermuda
"
{
ec
{
"
berm
da
"
}
}
"
Atlantic
:
Canary
"
{
ec
{
"
keneri
"
}
}
"
Atlantic
:
Cape_Verde
"
{
ec
{
"
kep
ver
e
"
}
}
"
Atlantic
:
Faeroe
"
{
ec
{
"
pero
"
}
}
"
Atlantic
:
Madeira
"
{
ec
{
"
ma
iera
"
}
}
"
Atlantic
:
Reykjavik
"
{
ec
{
"
reykyavik
"
}
}
"
Atlantic
:
South_Georgia
"
{
ec
{
"
dki
jorjia
"
}
}
"
Atlantic
:
St_Helena
"
{
ec
{
"
sent
helena
"
}
}
"
Atlantic
:
Stanley
"
{
ec
{
"
s
anli
"
}
}
"
Australia
:
Adelaide
"
{
ec
{
"
aedileid
"
}
}
"
Australia
:
Brisbane
"
{
ec
{
"
brisbane
"
}
}
"
Australia
:
Broken_Hill
"
{
ec
{
"
broken
hill
"
}
}
"
Australia
:
Darwin
"
{
ec
{
"
arvin
"
}
}
"
Australia
:
Eucla
"
{
ec
{
"
yukla
"
}
}
"
Australia
:
Hobart
"
{
ec
{
"
hobar
"
}
}
"
Australia
:
Lindeman
"
{
ec
{
"
lin
erman
"
}
}
"
Australia
:
Lord_Howe
"
{
ec
{
"
lor
hove
"
}
}
"
Australia
:
Melbourne
"
{
ec
{
"
melborne
"
}
}
"
Australia
:
Perth
"
{
ec
{
"
pert
"
}
}
"
Australia
:
Sydney
"
{
ec
{
"
sy
n
"
}
}
"
Etc
:
UTC
"
{
ls
{
"
smani
jaga
pruti
bel
"
}
}
"
Etc
:
Unknown
"
{
ec
{
"
pu
a
ti
ga
a
"
}
}
"
Europe
:
Amsterdam
"
{
ec
{
"
ams
er
am
"
}
}
"
Europe
:
Andorra
"
{
ec
{
"
aa
ora
"
}
}
"
Europe
:
Astrakhan
"
{
ec
{
"
aas
rahan
"
}
}
"
Europe
:
Athens
"
{
ec
{
"
etens
"
}
}
"
Europe
:
Belgrade
"
{
ec
{
"
belgra
e
"
}
}
"
Europe
:
Berlin
"
{
ec
{
"
berlin
"
}
}
"
Europe
:
Bratislava
"
{
ec
{
"
bra
islava
"
}
}
"
Europe
:
Brussels
"
{
ec
{
"
brussels
"
}
}
"
Europe
:
Bucharest
"
{
ec
{
"
bukarest
"
}
}
"
Europe
:
Budapest
"
{
ec
{
"
bu
apest
"
}
}
"
Europe
:
Busingen
"
{
ec
{
"
busingen
"
}
}
"
Europe
:
Chisinau
"
{
ec
{
"
kisinau
"
}
}
"
Europe
:
Copenhagen
"
{
ec
{
"
kopenhagen
"
}
}
"
Europe
:
Dublin
"
{
ec
{
"
blin
"
}
ld
{
"
aairis
manaka
bel
"
}
}
"
Europe
:
Gibraltar
"
{
ec
{
"
jibral
ar
"
}
}
"
Europe
:
Guernsey
"
{
ec
{
"
gernsi
"
}
}
"
Europe
:
Helsinki
"
{
ec
{
"
helsinki
"
}
}
"
Europe
:
Isle_of_Man
"
{
ec
{
"
aail
ap
man
"
}
}
"
Europe
:
Istanbul
"
{
ec
{
"
istanbul
"
}
}
"
Europe
:
Jersey
"
{
ec
{
"
jersi
"
}
}
"
Europe
:
Kaliningrad
"
{
ec
{
"
kaliningra
"
}
}
"
Europe
:
Kiev
"
{
ec
{
"
kiyv
"
}
}
"
Europe
:
Kirov
"
{
ec
{
"
kirov
"
}
}
"
Europe
:
Lisbon
"
{
ec
{
"
lisbon
"
}
}
"
Europe
:
Ljubljana
"
{
ec
{
"
lyublyana
"
}
}
"
Europe
:
London
"
{
ec
{
"
ln
n
"
}
ld
{
"
bri
is
kar
masa
bel
"
}
}
"
Europe
:
Luxembourg
"
{
ec
{
"
lksembrg
"
}
}
"
Europe
:
Madrid
"
{
ec
{
"
me
ri
"
}
}
"
Europe
:
Malta
"
{
ec
{
"
mal
a
"
}
}
"
Europe
:
Mariehamn
"
{
ec
{
"
marieham
"
}
}
"
Europe
:
Minsk
"
{
ec
{
"
minsk
"
}
}
"
Europe
:
Monaco
"
{
ec
{
"
monako
"
}
}
"
Europe
:
Moscow
"
{
ec
{
"
mosko
"
}
}
"
Europe
:
Oslo
"
{
ec
{
"
oslo
"
}
}
"
Europe
:
Paris
"
{
ec
{
"
paris
"
}
}
"
Europe
:
Podgorica
"
{
ec
{
"
p
goritsa
"
}
}
"
Europe
:
Prague
"
{
ec
{
"
prag
"
}
}
"
Europe
:
Riga
"
{
ec
{
"
riga
"
}
}
"
Europe
:
Rome
"
{
ec
{
"
rom
"
}
}
"
Europe
:
Samara
"
{
ec
{
"
samara
"
}
}
"
Europe
:
San_Marino
"
{
ec
{
"
san
marino
"
}
}
"
Europe
:
Sarajevo
"
{
ec
{
"
sarajevo
"
}
}
"
Europe
:
Saratov
"
{
ec
{
"
sara
ov
"
}
}
"
Europe
:
Simferopol
"
{
ec
{
"
simperopol
"
}
}
"
Europe
:
Skopje
"
{
ec
{
"
skopi
"
}
}
"
Europe
:
Sofia
"
{
ec
{
"
sopiya
"
}
}
"
Europe
:
Stockholm
"
{
ec
{
"
s
okhom
"
}
}
"
Europe
:
Tallinn
"
{
ec
{
"
talin
"
}
}
"
Europe
:
Tirane
"
{
ec
{
"
irane
"
}
}
"
Europe
:
Ulyanovsk
"
{
ec
{
"
ulyanovsk
"
}
}
"
Europe
:
Vaduz
"
{
ec
{
"
va
uj
"
}
}
"
Europe
:
Vatican
"
{
ec
{
"
va
ikan
"
}
}
"
Europe
:
Vienna
"
{
ec
{
"
vienna
"
}
}
"
Europe
:
Vilnius
"
{
ec
{
"
vilnius
"
}
}
"
Europe
:
Volgograd
"
{
ec
{
"
volgogra
"
}
}
"
Europe
:
Warsaw
"
{
ec
{
"
varsa
"
}
}
"
Europe
:
Zagreb
"
{
ec
{
"
tegusigalpa
"
}
}
"
Europe
:
Zurich
"
{
ec
{
"
juric
"
}
}
"
Indian
:
Antananarivo
"
{
ec
{
"
ananariv
"
}
}
"
Indian
:
Chagos
"
{
ec
{
"
chagos
"
}
}
"
Indian
:
Christmas
"
{
ec
{
"
kris
mas
"
}
}
"
Indian
:
Cocos
"
{
ec
{
"
kokos
"
}
}
"
Indian
:
Comoro
"
{
ec
{
"
komoro
"
}
}
"
Indian
:
Kerguelen
"
{
ec
{
"
kerguelen
"
}
}
"
Indian
:
Mahe
"
{
ec
{
"
mahe
"
}
}
"
Indian
:
Maldives
"
{
ec
{
"
maldives
"
}
}
"
Indian
:
Mauritius
"
{
ec
{
"
maurisius
"
}
}
"
Indian
:
Mayotte
"
{
ec
{
"
mayo
"
}
}
"
Indian
:
Reunion
"
{
ec
{
"
reunion
"
}
}
"
Pacific
:
Apia
"
{
ec
{
"
apia
"
}
}
"
Pacific
:
Auckland
"
{
ec
{
"
klan
"
}
}
"
Pacific
:
Bougainville
"
{
ec
{
"
bouganvill
"
}
}
"
Pacific
:
Chatham
"
{
ec
{
"
ce
am
"
}
}
"
Pacific
:
Easter
"
{
ec
{
"
ster
"
}
}
"
Pacific
:
Efate
"
{
ec
{
"
ipe
e
"
}
}
"
Pacific
:
Fakaofo
"
{
ec
{
"
pakaopo
"
}
}
"
Pacific
:
Fiji
"
{
ec
{
"
piji
"
}
}
"
Pacific
:
Funafuti
"
{
ec
{
"
punaputi
"
}
}
"
Pacific
:
Galapagos
"
{
ec
{
"
galapagos
"
}
}
"
Pacific
:
Gambier
"
{
ec
{
"
gambier
"
}
}
"
Pacific
:
Guadalcanal
"
{
ec
{
"
gua
alkenal
"
}
}
"
Pacific
:
Guam
"
{
ec
{
"
guam
"
}
}
"
Pacific
:
Kanton
"
{
ec
{
"
kan
on
"
}
}
"
Pacific
:
Kiritimati
"
{
ec
{
"
kiritimati
"
}
}
"
Pacific
:
Kosrae
"
{
ec
{
"
kisrae
"
}
}
"
Pacific
:
Kwajalein
"
{
ec
{
"
kvajalein
"
}
}
"
Pacific
:
Majuro
"
{
ec
{
"
majuro
"
}
}
"
Pacific
:
Marquesas
"
{
ec
{
"
markisas
"
}
}
"
Pacific
:
Midway
"
{
ec
{
"
mi
vay
"
}
}
"
Pacific
:
Nauru
"
{
ec
{
"
nauru
"
}
}
"
Pacific
:
Niue
"
{
ec
{
"
niue
"
}
}
"
Pacific
:
Norfolk
"
{
ec
{
"
norpok
"
}
}
"
Pacific
:
Noumea
"
{
ec
{
"
numie
"
}
}
"
Pacific
:
Pago_Pago
"
{
ec
{
"
pango
pango
"
}
}
"
Pacific
:
Palau
"
{
ec
{
"
palau
"
}
}
"
Pacific
:
Pitcairn
"
{
ec
{
"
pi
kern
"
}
}
"
Pacific
:
Ponape
"
{
ec
{
"
ponpei
"
}
}
"
Pacific
:
Port_Moresby
"
{
ec
{
"
por
moresbi
"
}
}
"
Pacific
:
Rarotonga
"
{
ec
{
"
rarotonga
"
}
}
"
Pacific
:
Saipan
"
{
ec
{
"
saipan
"
}
}
"
Pacific
:
Tahiti
"
{
ec
{
"
ahi
i
"
}
}
"
Pacific
:
Tarawa
"
{
ec
{
"
tarava
"
}
}
"
Pacific
:
Tongatapu
"
{
ec
{
"
onga
apu
"
}
}
"
Pacific
:
Truk
"
{
ec
{
"
c
k
"
}
}
"
Pacific
:
Wake
"
{
ec
{
"
vek
"
}
}
"
Pacific
:
Wallis
"
{
ec
{
"
vallis
"
}
}
"
meta
:
Afghanistan
"
{
ls
{
"
aapganistan
bel
"
}
}
"
meta
:
Africa_Central
"
{
ls
{
"
madini
aaprika
bel
"
}
}
"
meta
:
Africa_Eastern
"
{
ls
{
"
ve
a
hpu
aaprika
bel
"
}
}
"
meta
:
Africa_Southern
"
{
ls
{
"
dki
aaprika
bel
"
}
}
"
meta
:
Africa_Western
"
{
ld
{
"
ve
a
ku
pu
aaprika
kar
bel
"
}
lg
{
"
ve
aku
pu
aaprika
bel
"
}
ls
{
"
ve
a
ku
pu
aaprika
mananka
bel
"
}
}
"
meta
:
Alaska
"
{
ld
{
"
alaska
elaai
bel
"
}
lg
{
"
alaska
bel
"
}
ls
{
"
alaska
mananka
bel
"
}
}
"
meta
:
Amazon
"
{
ld
{
"
majon
kar
masa
bel
"
}
lg
{
"
majon
bel
"
}
ls
{
"
majon
mananka
bel
"
}
}
"
meta
:
America_Central
"
{
ld
{
"
madin
elaai
bel
"
}
lg
{
"
madin
bel
"
}
ls
{
"
madin
mananka
bel
"
}
}
"
meta
:
America_Eastern
"
{
ld
{
"
ve
ahapu
elaai
bel
"
}
lg
{
"
ve
ahapu
bel
"
}
ls
{
"
ve
ahapu
mananka
bel
"
}
}
"
meta
:
America_Mountain
"
{
ld
{
"
harka
elaai
bel
"
}
lg
{
"
harka
bel
"
}
ls
{
"
harka
mananka
bel
"
}
}
"
meta
:
America_Pacific
"
{
ld
{
"
pesipik
elaai
bel
"
}
lg
{
"
pesipik
bel
"
}
ls
{
"
pesipik
mananka
bel
"
}
}
"
meta
:
Apia
"
{
ld
{
"
epi
del
it
bel
"
}
lg
{
"
epi
bel
"
}
ls
{
"
epi
m
n
nka
bel
"
}
}
"
meta
:
Arabian
"
{
ld
{
"
rbi
ti
del
it
bel
"
}
lg
{
"
rbi
ti
bel
"
}
ls
{
"
rbi
ti
m
n
nka
bel
"
}
}
"
meta
:
Argentina
"
{
ld
{
"
rjen
in
k
r
~
bel
bel
"
}
lg
{
"
rjen
in
bel
"
}
ls
{
"
rjen
in
m
n
nka
bel
"
}
}
"
meta
:
Argentina_Western
"
{
ld
{
"
we
ku
upu
rjen
in
k
r
~
bel
"
}
lg
{
"
we
ku
upu
rjen
in
bel
"
}
ls
{
"
we
ku
upu
rjen
in
m
n
nka
bel
"
}
}
"
meta
:
Armenia
"
{
ld
{
"
rmeni
k
r
~
bel
"
}
lg
{
"
rmeni
bel
"
}
ls
{
"
rmeni
m
n
nka
bel
"
}
}
"
meta
:
Atlantic
"
{
ld
{
"
l
n
ik
del
i
bel
"
}
lg
{
"
l
n
ik
bel
"
}
ls
{
"
l
n
ik
m
n
nka
bel
"
}
}
"
meta
:
Australia_Central
"
{
ld
{
"
streli
ti
m
din
del
i
bel
"
}
lg
{
"
m
din
streli
bel
"
}
ls
{
"
streli
ti
m
din
m
n
nka
bel
"
}
}
"
meta
:
Australia_CentralWestern
"
{
ld
{
"
streli
ti
m
din
we
ku
upu
del
i
bel
"
}
lg
{
"
streli
ti
m
din
we
ku
upu
bel
"
}
ls
{
"
streli
ti
m
din
we
ku
upu
m
n
nka
bel
"
}
}
"
meta
:
Australia_Eastern
"
{
ld
{
"
streli
ti
we
hap
del
iti
bel
"
}
lg
{
"
we
hapu
strali
bel
"
}
ls
{
"
streli
ti
we
hap
m
n
nka
bel
"
}
}
"
meta
:
Australia_Western
"
{
ld
{
"
streli
ti
we
ku
up
del
i
bel
"
}
lg
{
"
we
ku
up
streli
bel
"
}
ls
{
"
streli
ti
we
ku
up
m
n
nka
bel
"
}
}
"
meta
:
Azerbaijan
"
{
ld
{
"
jerb
ij
n
k
r
~
bel
"
}
lg
{
"
jerb
ij
n
bel
"
}
ls
{
"
jerb
ij
n
m
n
nka
bel
"
}
}
"
meta
:
Azores
"
{
ld
{
"
ajores
k
r
~
bel
"
}
lg
{
"
ajores
bel
"
}
ls
{
"
ajores
m
n
nka
bel
"
}
}
"
meta
:
Bangladesh
"
{
ld
{
"
b
ngl
des
k
r
~
bel
"
}
lg
{
"
b
ngl
des
bel
"
}
ls
{
"
b
ngl
des
m
n
nka
bel
"
}
}
"
meta
:
Bhutan
"
{
ls
{
"
but
n
bel
"
}
}
"
meta
:
Bolivia
"
{
ls
{
"
bolwi
bel
"
}
}
"
meta
:
Brasilia
"
{
ld
{
"
br
jili
k
r
~
bel
"
}
lg
{
"
br
jili
bel
"
}
ls
{
"
br
jili
m
n
nka
bel
"
}
}
"
meta
:
Brunei
"
{
ls
{
"
bruneti
d
rus
l
m
bel
"
}
}
"
meta
:
Cape_Verde
"
{
ld
{
"
kep
b
k
r
~
bel
"
}
lg
{
"
kep
b
bel
"
}
ls
{
"
kep
b
m
n
nka
bel
"
}
}
"
meta
:
Chamorro
"
{
ls
{
"
c
mor
m
n
nka
bel
"
}
}
"
meta
:
Chatham
"
{
ld
{
"
cy
t
m
del
it
bel
"
}
lg
{
"
cy
t
m
bel
"
}
ls
{
"
cy
t
m
m
n
nka
bel
"
}
}
"
meta
:
Chile
"
{
ld
{
"
cili
k
r
~
bel
"
}
lg
{
"
cini
bel
"
}
ls
{
"
cili
m
n
nka
bel
"
}
}
"
meta
:
China
"
{
ld
{
"
cin
del
i
bel
"
}
lg
{
"
cin
bel
"
}
ls
{
"
cin
m
n
nka
bel
"
}
}
"
meta
:
Christmas
"
{
ls
{
"
krism
s
d
p
bel
"
}
}
"
meta
:
Cocos
"
{
ls
{
"
kokos
d
p
bel
"
}
}
"
meta
:
Colombia
"
{
ld
{
"
kolombi
k
r
~
bel
"
}
lg
{
"
kolombi
bel
"
}
ls
{
"
kolombi
m
n
nka
bel
"
}
}
"
meta
:
Cook
"
{
ld
{
"
kuk
d
p
d
k
r
~
bel
"
}
lg
{
"
kuk
d
p
bel
"
}
ls
{
"
kuk
d
p
m
n
nka
bel
"
}
}
"
meta
:
Cuba
"
{
ld
{
"
kub
del
i
bel
"
}
lg
{
"
kub
bel
"
}
ls
{
"
kub
m
n
nka
bel
"
}
}
"
meta
:
Davis
"
{
ls
{
"
debis
bel
"
}
}
"
meta
:
DumontDUrville
"
{
ls
{
"
umon
i
arwil
bel
"
}
}
"
meta
:
East_Timor
"
{
ls
{
"
we
hapu
timor
bel
"
}
}
"
meta
:
Easter
"
{
ld
{
"
is
r
d
p
k
r
~
bel
"
}
lg
{
"
is
r
d
p
bel
"
}
ls
{
"
is
r
d
p
m
n
nka
bel
"
}
}
"
meta
:
Ecuador
"
{
ls
{
"
iqu
or
bel
"
}
}
"
meta
:
Europe_Central
"
{
ld
{
"
m
din
yuropi
ti
k
r
~
bel
"
}
lg
{
"
m
din
yuropi
ti
bel
"
}
ls
{
"
m
din
yuropi
ti
m
n
nka
bel
"
}
}
"
meta
:
Europe_Eastern
"
{
ld
{
"
we
hpu
yuropi
ti
k
r
~
bel
"
}
lg
{
"
we
hpu
yuropi
ti
bel
"
}
ls
{
"
we
hpu
yuropi
ti
m
n
nka
bel
"
}
}
"
meta
:
Europe_Further_Eastern
"
{
ls
{
"
ar
we
hpu
yuropati
bel
"
}
}
"
meta
:
Europe_Western
"
{
ld
{
"
we
k
pu
yuropi
ti
k
r
~
bel
"
}
lg
{
"
we
k
pu
yuropi
ti
bel
"
}
ls
{
"
we
k
pu
yuropi
ti
m
n
nka
bel
"
}
}
"
meta
:
Falkland
"
{
ld
{
"
pakly
n
d
pati
k
r
~
bel
"
}
lg
{
"
pakly
n
d
pati
bel
"
}
ls
{
"
pakly
n
d
pati
m
n
nka
bel
"
}
}
"
meta
:
Fiji
"
{
ld
{
"
piji
k
r
~
bel
"
}
lg
{
"
piji
bel
"
}
ls
{
"
piji
m
n
nka
bel
"
}
}
"
meta
:
French_Guiana
"
{
ls
{
"
prench
guy
n
bel
"
}
}
"
meta
:
French_Southern
"
{
ls
{
"
prenc
daki
a
e
aan
rk
ik
bel
"
}
}
"
meta
:
GMT
"
{
ls
{
"
grinwic
m
n
bel
"
}
}
"
meta
:
Galapagos
"
{
ls
{
"
g
l
pogs
bel
"
}
}
"
meta
:
Gambier
"
{
ls
{
"
gambiyr
bel
"
}
}
"
meta
:
Georgia
"
{
ld
{
"
jarji
k
r
~
bel
"
}
lg
{
"
jarj
bel
"
}
ls
{
"
jarji
m
n
nka
bel
"
}
}
"
meta
:
Gilbert_Islands
"
{
ls
{
"
g
lbr
d
p
bel
"
}
}
"
meta
:
Greenland_Eastern
"
{
ld
{
"
we
hpu
grinl
nd
k
r
~
bel
"
}
lg
{
"
we
hpu
grinl
nd
bel
"
}
ls
{
"
we
hpu
grinl
nd
m
n
nka
bel
"
}
}
"
meta
:
Greenland_Western
"
{
ld
{
"
we
ak
p
grinl
n
k
r
~
bel
"
}
lg
{
"
we
ak
p
grinl
n
bel
"
}
ls
{
"
we
ak
p
grinl
n
m
n
nka
bel
"
}
}
"
meta
:
Gulf
"
{
ls
{
"
galp
m
n
nka
bel
"
}
}
"
meta
:
Guyana
"
{
ls
{
"
guy
n
bel
"
}
}
"
meta
:
Hawaii_Aleutian
"
{
ld
{
"
h
w
e
-
aal
s
n
el
i
bel
"
}
lg
{
"
h
w
e
-
aal
s
n
bel
"
}
ls
{
"
h
w
e
-
aal
s
n
m
n
nka
bel
"
}
}
"
meta
:
Hong_Kong
"
{
ld
{
"
hang
kang
k
r
~
bel
"
}
lg
{
"
hang
kang
bel
"
}
ls
{
"
hang
kang
m
n
nka
bel
"
}
}
"
meta
:
Hovd
"
{
ld
{
"
hwo
k
r
~
bel
"
}
lg
{
"
hwo
bel
"
}
ls
{
"
hwo
m
n
nka
bel
"
}
}
"
meta
:
India
"
{
ls
{
"
b
rat
m
n
nka
bel
"
}
}
"
meta
:
Indian_Ocean
"
{
ls
{
"
b
rat
k
j
bel
"
}
}
"
meta
:
Indochina
"
{
ls
{
"
in
ocin
bel
"
}
}
"
meta
:
Indonesia_Central
"
{
ls
{
"
m
dini
in
nesi
bel
"
}
}
"
meta
:
Indonesia_Eastern
"
{
ls
{
"
we
hpu
in
nesi
bel
"
}
}
"
meta
:
Indonesia_Western
"
{
ls
{
"
we
k
p
in
nesi
bel
"
}
}
"
meta
:
Iran
"
{
ld
{
"
ir
n
el
i
bel
"
}
lg
{
"
ir
n
bel
"
}
ls
{
"
ir
n
m
n
nka
bel
"
}
}
"
meta
:
Irkutsk
"
{
ld
{
"
rkustak
k
r
~
bel
"
}
lg
{
"
rkustak
bel
"
}
ls
{
"
rkustak
m
n
nka
bel
"
}
}
"
meta
:
Israel
"
{
ld
{
"
ijar
l
el
i
bel
"
}
lg
{
"
ijar
l
bel
"
}
ls
{
"
ijar
l
m
n
nka
bel
"
}
}
"
meta
:
Japan
"
{
ld
{
"
j
p
n
el
i
bel
"
}
lg
{
"
j
p
n
bel
"
}
ls
{
"
j
p
n
m
n
nka
bel
"
}
}
"
meta
:
Kazakhstan
"
{
ls
{
"
k
j
kst
n
bel
"
}
}
"
meta
:
Kazakhstan_Eastern
"
{
ls
{
"
we
hapu
k
j
kst
n
bel
"
}
}
"
meta
:
Kazakhstan_Western
"
{
ls
{
"
we
k
p
k
j
kst
n
bel
"
}
}
"
meta
:
Korea
"
{
ld
{
"
kori
n
el
i
bel
"
}
lg
{
"
kori
n
bel
"
}
ls
{
"
kori
n
m
n
nka
bel
"
}
}
"
meta
:
Kosrae
"
{
ls
{
"
kasr
bel
"
}
}
"
meta
:
Krasnoyarsk
"
{
ld
{
"
kr
sn
rska
k
r
~
bel
"
}
lg
{
"
kr
sn
rska
bel
"
}
ls
{
"
kr
sn
rska
m
n
nka
bel
"
}
}
"
meta
:
Kyrgystan
"
{
ls
{
"
kirgijst
n
bel
"
}
}
"
meta
:
Line_Islands
"
{
ls
{
"
l
in
d
p
bel
"
}
}
"
meta
:
Lord_Howe
"
{
ld
{
"
la
hawe
el
i
bel
"
}
lg
{
"
la
hawe
bel
"
}
ls
{
"
la
hawe
m
n
nka
bel
"
}
}
"
meta
:
Magadan
"
{
ld
{
"
m
g
dan
el
it
bel
"
}
lg
{
"
m
g
dan
bel
"
}
ls
{
"
m
g
dan
m
n
nka
bel
"
}
}
"
meta
:
Malaysia
"
{
ls
{
"
malesi
bel
"
}
}
"
meta
:
Maldives
"
{
ls
{
"
m
ld
p
bel
"
}
}
"
meta
:
Marquesas
"
{
ls
{
"
m
rksas
bel
"
}
}
"
meta
:
Marshall_Islands
"
{
ls
{
"
m
rs
l
d
pa
bel
"
}
}
"
meta
:
Mauritius
"
{
ld
{
"
mar
sas
k
r
~
bel
"
}
lg
{
"
mar
sas
bel
"
}
ls
{
"
mar
sasm
n
nka
bel
"
}
}
"
meta
:
Mawson
"
{
ls
{
"
m
wosn
bel
"
}
}
"
meta
:
Mexico_Pacific
"
{
ld
{
"
meksik
n
pesipic
el
i
bel
"
}
lg
{
"
meksik
n
pesipic
bel
"
}
ls
{
"
meksik
n
pesipic
m
n
nka
bel
"
}
}
"
meta
:
Mongolia
"
{
ld
{
"
l
nbator
k
r
~
bel
"
}
lg
{
"
l
nbator
bel
"
}
ls
{
"
l
nbator
m
n
nka
bel
"
}
}
"
meta
:
Moscow
"
{
ld
{
"
mosko
k
r
~
bel
"
}
lg
{
"
mosko
bel
"
}
ls
{
"
mosko
m
n
nka
bel
"
}
}
"
meta
:
Myanmar
"
{
ls
{
"
mi
y
m
r
bel
"
}
}
"
meta
:
Nauru
"
{
ls
{
"
n
ur
bel
"
}
}
"
meta
:
Nepal
"
{
ls
{
"
nep
l
bel
"
}
}
"
meta
:
New_Caledonia
"
{
ld
{
"
ni
kele
oni
k
r
~
bel
"
}
lg
{
"
ni
kele
oni
bel
"
}
ls
{
"
ni
kele
oni
m
n
nka
bel
"
}
}
"
meta
:
New_Zealand
"
{
ld
{
"
ni
jil
n
el
i
bel
"
}
lg
{
"
ni
jil
n
bel
"
}
ls
{
"
ni
jil
n
m
n
nka
bel
"
}
}
"
meta
:
Newfoundland
"
{
ld
{
"
ni
paun
ly
n
el
i
bel
"
}
lg
{
"
ni
paun
ly
n
bel
"
}
ls
{
"
ni
paun
ly
n
m
n
nka
bel
"
}
}
"
meta
:
Niue
"
{
ls
{
"
ni
bel
"
}
}
"
meta
:
Norfolk
"
{
ld
{
"
norpok
d
p
el
i
bel
"
}
lg
{
"
norpok
d
p
bel
"
}
ls
{
"
norpok
d
p
m
n
nka
bel
"
}
}
"
meta
:
Noronha
"
{
ld
{
"
parn
~
o
e
noroh
~
k
r
~
bel
"
}
lg
{
"
parn
~
o
e
noroh
~
bel
"
}
ls
{
"
parn
~
o
e
noroh
~
m
n
nka
bel
"
}
}
"
meta
:
Novosibirsk
"
{
ld
{
"
nawosibisrk
k
r
~
bel
"
}
lg
{
"
nawosibisrk
bel
"
}
ls
{
"
nawosibisrk
m
n
nka
bel
"
}
}
"
meta
:
Omsk
"
{
ld
{
"
amska
k
r
~
bel
"
}
lg
{
"
amska
bel
"
}
ls
{
"
amska
m
n
nka
bel
"
}
}
"
meta
:
Pakistan
"
{
ld
{
"
p
kist
n
k
r
~
bel
"
}
lg
{
"
p
kist
n
bel
"
}
ls
{
"
p
kist
n
m
n
nka
bel
"
}
}
"
meta
:
Palau
"
{
ls
{
"
p
l
u
bel
"
}
}
"
meta
:
Papua_New_Guinea
"
{
ls
{
"
p
pu
niu
gun
bel
"
}
}
"
meta
:
Paraguay
"
{
ld
{
"
p
r
guy
k
r
~
bel
"
}
lg
{
"
p
r
guy
bel
"
}
ls
{
"
p
r
guy
m
n
nka
bel
"
}
}
"
meta
:
Peru
"
{
ld
{
"
peru
k
r
~
bel
"
}
lg
{
"
peru
bel
"
}
ls
{
"
peru
m
n
nka
bel
"
}
}
"
meta
:
Philippines
"
{
ld
{
"
pilipin
k
r
~
bel
"
}
lg
{
"
pilipin
bel
"
}
ls
{
"
pilipin
m
n
nka
bel
"
}
}
"
meta
:
Phoenix_Islands
"
{
ls
{
"
piniksa
d
pati
bel
"
}
}
"
meta
:
Pierre_Miquelon
"
{
ld
{
"
s
n
pier
a
mekw
l
n
el
i
bel
"
}
lg
{
"
s
n
pier
a
mekw
l
n
bel
"
}
ls
{
"
s
n
pier
a
mekw
l
n
m
n
nka
bel
"
}
}
"
meta
:
Pitcairn
"
{
ls
{
"
pi
k
ran
bel
"
}
}
"
meta
:
Ponape
"
{
ls
{
"
pon
pe
bel
"
}
}
"
meta
:
Pyongyang
"
{
ls
{
"
pyongay
ng
bel
"
}
}
"
meta
:
Reunion
"
{
ls
{
"
r
n
an
bel
"
}
}
"
meta
:
Rothera
"
{
ls
{
"
rot
r
bel
"
}
}
"
meta
:
Sakhalin
"
{
ld
{
"
sak
lin
k
r
~
bel
"
}
lg
{
"
sak
lin
bel
"
}
ls
{
"
sak
lin
m
n
nka
bel
"
}
}
"
meta
:
Samoa
"
{
ld
{
"
sa
moa
el
i
"
}
lg
{
"
sa
moa
bel
"
}
ls
{
"
sa
moa
m
n
nka
bel
"
}
}
"
meta
:
Seychelles
"
{
ls
{
"
s
sels
bel
"
}
}
"
meta
:
Singapore
"
{
ls
{
"
sing
pur
m
n
nka
bel
"
}
}
"
meta
:
Solomon
"
{
ls
{
"
soloman
d
pati
bel
"
}
}
"
meta
:
South_Georgia
"
{
ls
{
"
dk
a
jarj
bel
"
}
}
"
meta
:
Suriname
"
{
ls
{
"
sur
n
m
bel
"
}
}
"
meta
:
Syowa
"
{
ls
{
"
saw
bel
"
}
}
"
meta
:
Tahiti
"
{
ls
{
"
t
hiti
bel
"
}
}
"
meta
:
Taipei
"
{
ld
{
"
t
ip
el
i
"
}
lg
{
"
t
ip
bel
"
}
ls
{
"
t
ip
m
n
nka
bel
"
}
}
"
meta
:
Tajikistan
"
{
ls
{
"
t
jikist
n
bel
"
}
}
"
meta
:
Tokelau
"
{
ls
{
"
okel
u
bel
"
}
}
"
meta
:
Tonga
"
{
ld
{
"
ang
k
r
~
bel
"
}
lg
{
"
ang
bel
"
}
ls
{
"
ang
m
n
nka
bel
"
}
}
"
meta
:
Truk
"
{
ls
{
"
cuk
bel
"
}
}
"
meta
:
Turkmenistan
"
{
ld
{
"
turkmenist
n
k
r
~
bel
"
}
lg
{
"
turkmenist
n
bel
"
}
ls
{
"
turkmenist
n
manaka
bel
"
}
}
"
meta
:
Tuvalu
"
{
ls
{
"
tuwal
bel
"
}
}
"
meta
:
Uruguay
"
{
ld
{
"
urguw
k
r
~
bel
"
}
lg
{
"
urguw
bel
"
}
ls
{
"
urguw
manaka
bel
"
}
}
"
meta
:
Uzbekistan
"
{
ld
{
"
uzw
kist
n
k
r
bel
"
}
lg
{
"
uzw
kist
n
bel
"
}
ls
{
"
uzw
kist
n
m
n
nka
bel
"
}
}
"
meta
:
Vanuatu
"
{
ld
{
"
wanu
t
k
r
~
bel
"
}
lg
{
"
wanu
t
bel
"
}
ls
{
"
wanu
t
m
n
nka
bel
"
}
}
"
meta
:
Venezuela
"
{
ls
{
"
wen
zuel
bel
"
}
}
"
meta
:
Vladivostok
"
{
ld
{
"
wl
diwostak
k
r
~
bel
"
}
lg
{
"
wl
diwostak
bel
"
}
ls
{
"
wl
diwostak
m
n
nka
bel
"
}
}
"
meta
:
Volgograd
"
{
ld
{
"
w
lgogr
k
r
~
bel
"
}
lg
{
"
w
lgogr
bel
"
}
ls
{
"
w
lgogr
m
n
nka
bel
"
}
}
"
meta
:
Vostok
"
{
ls
{
"
wostak
bel
"
}
}
"
meta
:
Wake
"
{
ls
{
"
waka
d
pa
bel
"
}
}
"
meta
:
Wallis
"
{
ls
{
"
walis
a
pu
un
"
}
}
"
meta
:
Yakutsk
"
{
ld
{
"
yakustuk
k
r
~
bel
"
}
lg
{
"
yakustuk
bel
"
}
ls
{
"
yakustuk
m
n
nka
bel
"
}
}
"
meta
:
Yekaterinburg
"
{
ld
{
"
yakaterinbarg
k
r
~
bel
"
}
lg
{
"
yakaterinbarg
bel
"
}
ls
{
"
yakaterinbarg
m
n
nka
bel
"
}
}
regionFormat
{
"
{
0
}
bel
"
}
regionFormatDaylight
{
"
{
0
}
ayli
bel
"
}
regionFormatStandard
{
"
{
0
}
m
n
nka
bel
"
}
}
}
