/
/
*
*
*
*
*
*
*
*
*
*
*
*
*
*
*
*
*
*
*
*
*
*
*
*
*
*
*
*
*
*
*
*
*
*
*
*
*
*
*
*
*
*
*
*
*
*
*
*
*
*
*
*
*
*
*
*
*
*
*
*
*
*
*
*
*
*
*
*
*
*
*
*
*
*
*
/
/
*
/
/
*
Copyright
(
C
)
2013
International
Business
Machines
/
/
*
Corporation
and
others
.
All
Rights
Reserved
.
/
/
*
Tool
:
org
.
unicode
.
cldr
.
icu
.
NewLdml2IcuConverter
/
/
*
Source
File
:
<
path
>
/
common
/
main
/
lt
.
xml
/
/
*
/
/
*
*
*
*
*
*
*
*
*
*
*
*
*
*
*
*
*
*
*
*
*
*
*
*
*
*
*
*
*
*
*
*
*
*
*
*
*
*
*
*
*
*
*
*
*
*
*
*
*
*
*
*
*
*
*
*
*
*
*
*
*
*
*
*
*
*
*
*
*
*
*
*
*
*
*
/
*
*
*
ICU
<
specials
>
source
:
<
path
>
/
common
/
main
/
lt
.
xml
*
/
lt
{
Version
{
"
2
.
0
.
93
.
19
"
}
zoneStrings
{
"
Africa
:
Abidjan
"
{
ec
{
"
Abid
anas
"
}
}
"
Africa
:
Accra
"
{
ec
{
"
Akra
"
}
}
"
Africa
:
Addis_Ababa
"
{
ec
{
"
Adis
Abeba
"
}
}
"
Africa
:
Algiers
"
{
ec
{
"
Al
yras
"
}
}
"
Africa
:
Asmera
"
{
ec
{
"
Asmara
"
}
}
"
Africa
:
Bamako
"
{
ec
{
"
Bamakas
"
}
}
"
Africa
:
Bangui
"
{
ec
{
"
Bangis
"
}
}
"
Africa
:
Banjul
"
{
ec
{
"
Band
ulis
"
}
}
"
Africa
:
Bissau
"
{
ec
{
"
Bisau
"
}
}
"
Africa
:
Blantyre
"
{
ec
{
"
Blantairas
"
}
}
"
Africa
:
Brazzaville
"
{
ec
{
"
Brazavilis
"
}
}
"
Africa
:
Bujumbura
"
{
ec
{
"
Bu
umb
ra
"
}
}
"
Africa
:
Cairo
"
{
ec
{
"
Kairas
"
}
}
"
Africa
:
Casablanca
"
{
ec
{
"
Kasablanka
"
}
}
"
Africa
:
Ceuta
"
{
ec
{
"
Seuta
"
}
}
"
Africa
:
Conakry
"
{
ec
{
"
Konakris
"
}
}
"
Africa
:
Dakar
"
{
ec
{
"
Dakaras
"
}
}
"
Africa
:
Dar_es_Salaam
"
{
ec
{
"
Dar
es
Salamas
"
}
}
"
Africa
:
Djibouti
"
{
ec
{
"
D
ibutis
"
}
}
"
Africa
:
Douala
"
{
ec
{
"
Duala
"
}
}
"
Africa
:
El_Aaiun
"
{
ec
{
"
al
Aj
nas
"
}
}
"
Africa
:
Freetown
"
{
ec
{
"
Fritaunas
"
}
}
"
Africa
:
Gaborone
"
{
ec
{
"
Gaboronas
"
}
}
"
Africa
:
Harare
"
{
ec
{
"
Harar
"
}
}
"
Africa
:
Johannesburg
"
{
ec
{
"
Johanesburgas
"
}
}
"
Africa
:
Juba
"
{
ec
{
"
D
uba
"
}
}
"
Africa
:
Khartoum
"
{
ec
{
"
Chartumas
"
}
}
"
Africa
:
Kigali
"
{
ec
{
"
Kigalis
"
}
}
"
Africa
:
Kinshasa
"
{
ec
{
"
Kin
asa
"
}
}
"
Africa
:
Lagos
"
{
ec
{
"
Lagosas
"
}
}
"
Africa
:
Libreville
"
{
ec
{
"
Librevilis
"
}
}
"
Africa
:
Lome
"
{
ec
{
"
Lom
"
}
}
"
Africa
:
Lubumbashi
"
{
ec
{
"
Lubumba
is
"
}
}
"
Africa
:
Malabo
"
{
ec
{
"
Malabas
"
}
}
"
Africa
:
Maputo
"
{
ec
{
"
Maputas
"
}
}
"
Africa
:
Mbabane
"
{
ec
{
"
Mbaban
"
}
}
"
Africa
:
Mogadishu
"
{
ec
{
"
Mogadi
as
"
}
}
"
Africa
:
Monrovia
"
{
ec
{
"
Monrovija
"
}
}
"
Africa
:
Nairobi
"
{
ec
{
"
Nairobis
"
}
}
"
Africa
:
Ndjamena
"
{
ec
{
"
Nd
amena
"
}
}
"
Africa
:
Niamey
"
{
ec
{
"
Niam
jus
"
}
}
"
Africa
:
Nouakchott
"
{
ec
{
"
Nuak
otas
"
}
}
"
Africa
:
Ouagadougou
"
{
ec
{
"
Vagadugu
"
}
}
"
Africa
:
Porto
-
Novo
"
{
ec
{
"
Porto
Novas
"
}
}
"
Africa
:
Sao_Tome
"
{
ec
{
"
San
Tom
"
}
}
"
Africa
:
Tripoli
"
{
ec
{
"
Tripolis
"
}
}
"
Africa
:
Tunis
"
{
ec
{
"
Tunisas
"
}
}
"
Africa
:
Windhoek
"
{
ec
{
"
Vindhukas
"
}
}
"
America
:
Adak
"
{
ec
{
"
Eidakas
"
}
}
"
America
:
Anchorage
"
{
ec
{
"
Ankorid
as
"
}
}
"
America
:
Anguilla
"
{
ec
{
"
Angilija
"
}
}
"
America
:
Antigua
"
{
ec
{
"
Antigva
"
}
}
"
America
:
Araguaina
"
{
ec
{
"
Aragvajana
"
}
}
"
America
:
Argentina
:
La_Rioja
"
{
ec
{
"
La
Riocha
"
}
}
"
America
:
Argentina
:
Rio_Gallegos
"
{
ec
{
"
Rio
Galjegosas
"
}
}
"
America
:
Argentina
:
Salta
"
{
ec
{
"
Saltas
"
}
}
"
America
:
Argentina
:
San_Juan
"
{
ec
{
"
San
Chuanas
"
}
}
"
America
:
Argentina
:
San_Luis
"
{
ec
{
"
Sent
Luisas
"
}
}
"
America
:
Argentina
:
Tucuman
"
{
ec
{
"
Tukumanas
"
}
}
"
America
:
Argentina
:
Ushuaia
"
{
ec
{
"
U
uaja
"
}
}
"
America
:
Asuncion
"
{
ec
{
"
Asunsjonas
"
}
}
"
America
:
Bahia
"
{
ec
{
"
Baija
"
}
}
"
America
:
Bahia_Banderas
"
{
ec
{
"
Bahia
Banderasas
"
}
}
"
America
:
Barbados
"
{
ec
{
"
Barbadosas
"
}
}
"
America
:
Belem
"
{
ec
{
"
Belenas
"
}
}
"
America
:
Belize
"
{
ec
{
"
Belizas
"
}
}
"
America
:
Blanc
-
Sablon
"
{
ec
{
"
Blan
Sablonas
"
}
}
"
America
:
Boa_Vista
"
{
ec
{
"
Bua
Vista
"
}
}
"
America
:
Boise
"
{
ec
{
"
Boisis
"
}
}
"
America
:
Buenos_Aires
"
{
ec
{
"
Buenos
Air
s
"
}
}
"
America
:
Cambridge_Bay
"
{
ec
{
"
Keimbrid
B
jus
"
}
}
"
America
:
Campo_Grande
"
{
ec
{
"
Kampo
Grand
"
}
}
"
America
:
Cancun
"
{
ec
{
"
Kank
nas
"
}
}
"
America
:
Caracas
"
{
ec
{
"
Karakasas
"
}
}
"
America
:
Catamarca
"
{
ec
{
"
Katamarka
"
}
}
"
America
:
Cayenne
"
{
ec
{
"
Kajenas
"
}
}
"
America
:
Cayman
"
{
ec
{
"
Kaimanas
"
}
}
"
America
:
Chicago
"
{
ec
{
"
ikaga
"
}
}
"
America
:
Chihuahua
"
{
ec
{
"
ihuahua
"
}
}
"
America
:
Coral_Harbour
"
{
ec
{
"
Atikokanas
"
}
}
"
America
:
Cordoba
"
{
ec
{
"
Kordoba
"
}
}
"
America
:
Costa_Rica
"
{
ec
{
"
Kosta
Rika
"
}
}
"
America
:
Creston
"
{
ec
{
"
Krestonas
"
}
}
"
America
:
Cuiaba
"
{
ec
{
"
Kujaba
"
}
}
"
America
:
Curacao
"
{
ec
{
"
Kiurasao
"
}
}
"
America
:
Danmarkshavn
"
{
ec
{
"
Danmarkshaunas
"
}
}
"
America
:
Dawson
"
{
ec
{
"
Dosonas
"
}
}
"
America
:
Dawson_Creek
"
{
ec
{
"
Doson
Krikas
"
}
}
"
America
:
Denver
"
{
ec
{
"
Denveris
"
}
}
"
America
:
Detroit
"
{
ec
{
"
Detroitas
"
}
}
"
America
:
Dominica
"
{
ec
{
"
Dominika
"
}
}
"
America
:
Edmonton
"
{
ec
{
"
Edmontonas
"
}
}
"
America
:
Eirunepe
"
{
ec
{
"
Eirunep
"
}
}
"
America
:
El_Salvador
"
{
ec
{
"
Salvadoras
"
}
}
"
America
:
Glace_Bay
"
{
ec
{
"
Gleis
B
jus
"
}
}
"
America
:
Godthab
"
{
ec
{
"
N
kas
"
}
}
"
America
:
Goose_Bay
"
{
ec
{
"
Gus
B
jus
"
}
}
"
America
:
Grand_Turk
"
{
ec
{
"
Grand
Terkas
"
}
}
"
America
:
Guadeloupe
"
{
ec
{
"
Gvadalup
"
}
}
"
America
:
Guatemala
"
{
ec
{
"
Gvatemala
"
}
}
"
America
:
Guayaquil
"
{
ec
{
"
Gvajakilis
"
}
}
"
America
:
Guyana
"
{
ec
{
"
Gvajana
"
}
}
"
America
:
Halifax
"
{
ec
{
"
Halifaksas
"
}
}
"
America
:
Hermosillo
"
{
ec
{
"
Hermosiljas
"
}
}
"
America
:
Indiana
:
Knox
"
{
ec
{
"
Noksas
Indiana
"
}
}
"
America
:
Indiana
:
Marengo
"
{
ec
{
"
Marengas
Indiana
"
}
}
"
America
:
Indiana
:
Petersburg
"
{
ec
{
"
Pitersbergas
Indiana
"
}
}
"
America
:
Indiana
:
Tell_City
"
{
ec
{
"
Tel
Sitis
Indiana
"
}
}
"
America
:
Indiana
:
Vevay
"
{
ec
{
"
Vivis
Indiana
"
}
}
"
America
:
Indiana
:
Vincennes
"
{
ec
{
"
Vinsenas
Indiana
"
}
}
"
America
:
Indiana
:
Winamac
"
{
ec
{
"
Vinamakas
Indiana
"
}
}
"
America
:
Inuvik
"
{
ec
{
"
Inuvikas
"
}
}
"
America
:
Iqaluit
"
{
ec
{
"
Ikaluitas
"
}
}
"
America
:
Jamaica
"
{
ec
{
"
Jamaika
"
}
}
"
America
:
Jujuy
"
{
ec
{
"
Chuchujus
"
}
}
"
America
:
Juneau
"
{
ec
{
"
D
unas
"
}
}
"
America
:
Kentucky
:
Monticello
"
{
ec
{
"
Montiselas
Kentukis
"
}
}
"
America
:
Kralendijk
"
{
ec
{
"
Kralendeikas
"
}
}
"
America
:
La_Paz
"
{
ec
{
"
La
Pasas
"
}
}
"
America
:
Los_Angeles
"
{
ec
{
"
Los
And
elas
"
}
}
"
America
:
Louisville
"
{
ec
{
"
Luisvilis
"
}
}
"
America
:
Lower_Princes
"
{
ec
{
"
emutinis
Prinses
Kvorteris
"
}
}
"
America
:
Maceio
"
{
ec
{
"
Masejo
"
}
}
"
America
:
Managua
"
{
ec
{
"
Managva
"
}
}
"
America
:
Manaus
"
{
ec
{
"
Manausas
"
}
}
"
America
:
Marigot
"
{
ec
{
"
Marigo
"
}
}
"
America
:
Martinique
"
{
ec
{
"
Martinika
"
}
}
"
America
:
Matamoros
"
{
ec
{
"
Matamorosas
"
}
}
"
America
:
Mazatlan
"
{
ec
{
"
Masatlanas
"
}
}
"
America
:
Mendoza
"
{
ec
{
"
Mendosa
"
}
}
"
America
:
Menominee
"
{
ec
{
"
Menominis
"
}
}
"
America
:
Mexico_City
"
{
ec
{
"
Meksikas
"
}
}
"
America
:
Miquelon
"
{
ec
{
"
Mikelonas
"
}
}
"
America
:
Moncton
"
{
ec
{
"
Monktonas
"
}
}
"
America
:
Monterrey
"
{
ec
{
"
Monter
jus
"
}
}
"
America
:
Montevideo
"
{
ec
{
"
Montevid
jas
"
}
}
"
America
:
Montreal
"
{
ec
{
"
Monrealis
"
}
}
"
America
:
Montserrat
"
{
ec
{
"
Montseratas
"
}
}
"
America
:
New_York
"
{
ec
{
"
Niujorkas
"
}
}
"
America
:
Nipigon
"
{
ec
{
"
Nipigonas
"
}
}
"
America
:
Nome
"
{
ec
{
"
Nomas
"
}
}
"
America
:
Noronha
"
{
ec
{
"
Noronja
"
}
}
"
America
:
North_Dakota
:
Beulah
"
{
ec
{
"
Bjula
iaur
s
Dakota
"
}
}
"
America
:
North_Dakota
:
Center
"
{
ec
{
"
Senteris
iaur
s
Dakota
"
}
}
"
America
:
North_Dakota
:
New_Salem
"
{
ec
{
"
Niu
Seilemas
iaur
s
Dakota
"
}
}
"
America
:
Ojinaga
"
{
ec
{
"
Ochinaga
"
}
}
"
America
:
Pangnirtung
"
{
ec
{
"
Pangnirtungas
"
}
}
"
America
:
Paramaribo
"
{
ec
{
"
Paramaribas
"
}
}
"
America
:
Phoenix
"
{
ec
{
"
Finiksas
"
}
}
"
America
:
Port
-
au
-
Prince
"
{
ec
{
"
Port
o
Prensas
"
}
}
"
America
:
Port_of_Spain
"
{
ec
{
"
Port
of
Speinas
"
}
}
"
America
:
Porto_Velho
"
{
ec
{
"
Porto
Veljas
"
}
}
"
America
:
Puerto_Rico
"
{
ec
{
"
Puerto
Rikas
"
}
}
"
America
:
Rainy_River
"
{
ec
{
"
Reini
Riveris
"
}
}
"
America
:
Rankin_Inlet
"
{
ec
{
"
Rankin
Inletas
"
}
}
"
America
:
Recife
"
{
ec
{
"
Resif
"
}
}
"
America
:
Regina
"
{
ec
{
"
Red
ina
"
}
}
"
America
:
Resolute
"
{
ec
{
"
Resolutas
"
}
}
"
America
:
Rio_Branco
"
{
ec
{
"
Rio
Brankas
"
}
}
"
America
:
Santa_Isabel
"
{
ec
{
"
Santa
Izabel
"
}
}
"
America
:
Santarem
"
{
ec
{
"
Santarenas
"
}
}
"
America
:
Santiago
"
{
ec
{
"
Santjagas
"
}
}
"
America
:
Santo_Domingo
"
{
ec
{
"
Santo
Domingas
"
}
}
"
America
:
Sao_Paulo
"
{
ec
{
"
San
Paulas
"
}
}
"
America
:
Scoresbysund
"
{
ec
{
"
Itokortormitas
"
}
}
"
America
:
Shiprock
"
{
ec
{
"
iprokas
"
}
}
"
America
:
St_Barthelemy
"
{
ec
{
"
Sen
Bartelemi
"
}
}
"
America
:
St_Johns
"
{
ec
{
"
Sent
D
onsas
"
}
}
"
America
:
St_Kitts
"
{
ec
{
"
Sent
Kitsas
"
}
}
"
America
:
St_Lucia
"
{
ec
{
"
Sent
Lusija
"
}
}
"
America
:
St_Thomas
"
{
ec
{
"
Sent
Tomasas
"
}
}
"
America
:
St_Vincent
"
{
ec
{
"
Sent
Vincentas
"
}
}
"
America
:
Swift_Current
"
{
ec
{
"
Svift
Karentas
"
}
}
"
America
:
Tegucigalpa
"
{
ec
{
"
Tegusigalpa
"
}
}
"
America
:
Thule
"
{
ec
{
"
Kanakas
"
}
}
"
America
:
Thunder_Bay
"
{
ec
{
"
Tander
B
jus
"
}
}
"
America
:
Tijuana
"
{
ec
{
"
Tichuana
"
}
}
"
America
:
Toronto
"
{
ec
{
"
Torontas
"
}
}
"
America
:
Vancouver
"
{
ec
{
"
Vankuveris
"
}
}
"
America
:
Whitehorse
"
{
ec
{
"
Vaithorsas
"
}
}
"
America
:
Winnipeg
"
{
ec
{
"
Vinipegas
"
}
}
"
America
:
Yakutat
"
{
ec
{
"
Jakutatas
"
}
}
"
America
:
Yellowknife
"
{
ec
{
"
Jelounaifas
"
}
}
"
Antarctica
:
Casey
"
{
ec
{
"
Keisis
"
}
}
"
Antarctica
:
Davis
"
{
ec
{
"
Deivisas
"
}
}
"
Antarctica
:
DumontDUrville
"
{
ec
{
"
Diumonas
d
'
Urvilis
"
}
}
"
Antarctica
:
Macquarie
"
{
ec
{
"
Makvoris
"
}
}
"
Antarctica
:
Mawson
"
{
ec
{
"
Mosonas
"
}
}
"
Antarctica
:
McMurdo
"
{
ec
{
"
Makmerdas
"
}
}
"
Antarctica
:
Palmer
"
{
ec
{
"
Palmeris
"
}
}
"
Antarctica
:
Rothera
"
{
ec
{
"
Rotera
"
}
}
"
Antarctica
:
South_Pole
"
{
ec
{
"
Piet
a
igalis
"
}
}
"
Antarctica
:
Syowa
"
{
ec
{
"
Siova
"
}
}
"
Antarctica
:
Vostok
"
{
ec
{
"
Vostokas
"
}
}
"
Arctic
:
Longyearbyen
"
{
ec
{
"
Longjyrbienas
"
}
}
"
Asia
:
Aden
"
{
ec
{
"
Adenas
"
}
}
"
Asia
:
Almaty
"
{
ec
{
"
Alma
Ata
"
}
}
"
Asia
:
Amman
"
{
ec
{
"
Amanas
"
}
}
"
Asia
:
Anadyr
"
{
ec
{
"
Anadyris
"
}
}
"
Asia
:
Aqtau
"
{
ec
{
"
Aktau
"
}
}
"
Asia
:
Aqtobe
"
{
ec
{
"
Aktiubinskas
"
}
}
"
Asia
:
Ashgabat
"
{
ec
{
"
A
chabadas
"
}
}
"
Asia
:
Baghdad
"
{
ec
{
"
Bagdadas
"
}
}
"
Asia
:
Bahrain
"
{
ec
{
"
Bahreinas
"
}
}
"
Asia
:
Bangkok
"
{
ec
{
"
Bankokas
"
}
}
"
Asia
:
Beirut
"
{
ec
{
"
Beirutas
"
}
}
"
Asia
:
Bishkek
"
{
ec
{
"
Bi
kekas
"
}
}
"
Asia
:
Brunei
"
{
ec
{
"
Brun
jus
"
}
}
"
Asia
:
Calcutta
"
{
ec
{
"
Kolkata
"
}
}
"
Asia
:
Choibalsan
"
{
ec
{
"
oibalsanas
"
}
}
"
Asia
:
Chongqing
"
{
ec
{
"
ong
ingas
"
}
}
"
Asia
:
Colombo
"
{
ec
{
"
Kolombas
"
}
}
"
Asia
:
Damascus
"
{
ec
{
"
Damaskas
"
}
}
"
Asia
:
Dhaka
"
{
ec
{
"
Daka
"
}
}
"
Asia
:
Dili
"
{
ec
{
"
Dilis
"
}
}
"
Asia
:
Dubai
"
{
ec
{
"
Dubajus
"
}
}
"
Asia
:
Dushanbe
"
{
ec
{
"
Du
anb
"
}
}
"
Asia
:
Gaza
"
{
ec
{
"
Gazos
ruo
as
"
}
}
"
Asia
:
Harbin
"
{
ec
{
"
Harbinas
"
}
}
"
Asia
:
Hebron
"
{
ec
{
"
Hebronas
"
}
}
"
Asia
:
Hong_Kong
"
{
ec
{
"
Honkongas
"
}
}
"
Asia
:
Hovd
"
{
ec
{
"
Hovdas
"
}
}
"
Asia
:
Irkutsk
"
{
ec
{
"
Irkutskas
"
}
}
"
Asia
:
Jakarta
"
{
ec
{
"
D
akarta
"
}
}
"
Asia
:
Jayapura
"
{
ec
{
"
D
ajapura
"
}
}
"
Asia
:
Jerusalem
"
{
ec
{
"
Jeruzal
"
}
}
"
Asia
:
Kabul
"
{
ec
{
"
Kabulas
"
}
}
"
Asia
:
Kamchatka
"
{
ec
{
"
Kam
iatka
"
}
}
"
Asia
:
Karachi
"
{
ec
{
"
Kara
is
"
}
}
"
Asia
:
Kashgar
"
{
ec
{
"
Ka
garas
"
}
}
"
Asia
:
Katmandu
"
{
ec
{
"
Katmandu
"
}
}
"
Asia
:
Khandyga
"
{
ec
{
"
Chandyga
"
}
}
"
Asia
:
Krasnoyarsk
"
{
ec
{
"
Krasnojarskas
"
}
}
"
Asia
:
Kuala_Lumpur
"
{
ec
{
"
Kvala
Lump
ras
"
}
}
"
Asia
:
Kuching
"
{
ec
{
"
Ku
ingas
"
}
}
"
Asia
:
Kuwait
"
{
ec
{
"
Kuveitas
"
}
}
"
Asia
:
Macau
"
{
ec
{
"
Makao
"
}
}
"
Asia
:
Magadan
"
{
ec
{
"
Magadanas
"
}
}
"
Asia
:
Makassar
"
{
ec
{
"
Makasaras
"
}
}
"
Asia
:
Muscat
"
{
ec
{
"
Maskatas
"
}
}
"
Asia
:
Nicosia
"
{
ec
{
"
Nikosija
"
}
}
"
Asia
:
Novokuznetsk
"
{
ec
{
"
Novokuzneckas
"
}
}
"
Asia
:
Novosibirsk
"
{
ec
{
"
Novosibirskas
"
}
}
"
Asia
:
Omsk
"
{
ec
{
"
Omskas
"
}
}
"
Asia
:
Oral
"
{
ec
{
"
Uralskas
"
}
}
"
Asia
:
Phnom_Penh
"
{
ec
{
"
Pnompenis
"
}
}
"
Asia
:
Pontianak
"
{
ec
{
"
Pontianakas
"
}
}
"
Asia
:
Pyongyang
"
{
ec
{
"
Pchenjanas
"
}
}
"
Asia
:
Qatar
"
{
ec
{
"
Kataras
"
}
}
"
Asia
:
Qyzylorda
"
{
ec
{
"
Kzyl
-
Orda
"
}
}
"
Asia
:
Rangoon
"
{
ec
{
"
Rang
nas
"
}
}
"
Asia
:
Riyadh
"
{
ec
{
"
Rijadas
"
}
}
"
Asia
:
Saigon
"
{
ec
{
"
Ho
iminas
"
}
}
"
Asia
:
Sakhalin
"
{
ec
{
"
Sachalinas
"
}
}
"
Asia
:
Samarkand
"
{
ec
{
"
Samarkandas
"
}
}
"
Asia
:
Seoul
"
{
ec
{
"
Seulas
"
}
}
"
Asia
:
Shanghai
"
{
ec
{
"
anchajus
"
}
}
"
Asia
:
Singapore
"
{
ec
{
"
Singap
ras
"
}
}
"
Asia
:
Taipei
"
{
ec
{
"
Taip
jus
"
}
}
"
Asia
:
Tashkent
"
{
ec
{
"
Ta
kentas
"
}
}
"
Asia
:
Tbilisi
"
{
ec
{
"
Tbilisis
"
}
}
"
Asia
:
Tehran
"
{
ec
{
"
Teheranas
"
}
}
"
Asia
:
Thimphu
"
{
ec
{
"
Timpu
"
}
}
"
Asia
:
Tokyo
"
{
ec
{
"
Tokijas
"
}
}
"
Asia
:
Ulaanbaatar
"
{
ec
{
"
Ulan
Batoras
"
}
}
"
Asia
:
Urumqi
"
{
ec
{
"
Urum
i
"
}
}
"
Asia
:
Ust
-
Nera
"
{
ec
{
"
Ust
Nera
"
}
}
"
Asia
:
Vientiane
"
{
ec
{
"
Vientianas
"
}
}
"
Asia
:
Vladivostok
"
{
ec
{
"
Vladivostokas
"
}
}
"
Asia
:
Yakutsk
"
{
ec
{
"
Jakutskas
"
}
}
"
Asia
:
Yekaterinburg
"
{
ec
{
"
Jekaterinburgas
"
}
}
"
Asia
:
Yerevan
"
{
ec
{
"
Jerevanas
"
}
}
"
Atlantic
:
Azores
"
{
ec
{
"
Azorai
"
}
}
"
Atlantic
:
Canary
"
{
ec
{
"
Kanar
salos
"
}
}
"
Atlantic
:
Cape_Verde
"
{
ec
{
"
aliasis
Ky
ulys
"
}
}
"
Atlantic
:
Faeroe
"
{
ec
{
"
Farerai
"
}
}
"
Atlantic
:
Reykjavik
"
{
ec
{
"
Reikjavikas
"
}
}
"
Atlantic
:
South_Georgia
"
{
ec
{
"
Piet
D
ord
ija
"
}
}
"
Atlantic
:
St_Helena
"
{
ec
{
"
Sent
Helena
"
}
}
"
Atlantic
:
Stanley
"
{
ec
{
"
Stenlis
"
}
}
"
Australia
:
Adelaide
"
{
ec
{
"
Adelaid
"
}
}
"
Australia
:
Brisbane
"
{
ec
{
"
Brisbanas
"
}
}
"
Australia
:
Broken_Hill
"
{
ec
{
"
Broken
Hilis
"
}
}
"
Australia
:
Currie
"
{
ec
{
"
Karis
"
}
}
"
Australia
:
Darwin
"
{
ec
{
"
Darvinas
"
}
}
"
Australia
:
Eucla
"
{
ec
{
"
Jukla
"
}
}
"
Australia
:
Hobart
"
{
ec
{
"
Hobartas
"
}
}
"
Australia
:
Lindeman
"
{
ec
{
"
Lindemanas
"
}
}
"
Australia
:
Lord_Howe
"
{
ec
{
"
Lordo
Hau
sala
"
}
}
"
Australia
:
Melbourne
"
{
ec
{
"
Melburnas
"
}
}
"
Australia
:
Perth
"
{
ec
{
"
Pertas
"
}
}
"
Australia
:
Sydney
"
{
ec
{
"
Sidn
jus
"
}
}
"
Etc
:
Unknown
"
{
ec
{
"
ne
inomas
miestas
"
}
}
"
Europe
:
Amsterdam
"
{
ec
{
"
Amsterdamas
"
}
}
"
Europe
:
Andorra
"
{
ec
{
"
Andora
"
}
}
"
Europe
:
Athens
"
{
ec
{
"
At
nai
"
}
}
"
Europe
:
Belgrade
"
{
ec
{
"
Belgradas
"
}
}
"
Europe
:
Berlin
"
{
ec
{
"
Berlynas
"
}
}
"
Europe
:
Brussels
"
{
ec
{
"
Briuselis
"
}
}
"
Europe
:
Bucharest
"
{
ec
{
"
Bukare
tas
"
}
}
"
Europe
:
Budapest
"
{
ec
{
"
Budape
tas
"
}
}
"
Europe
:
Busingen
"
{
ec
{
"
Biusingenas
"
}
}
"
Europe
:
Chisinau
"
{
ec
{
"
Ki
iniovas
"
}
}
"
Europe
:
Copenhagen
"
{
ec
{
"
Kopenhaga
"
}
}
"
Europe
:
Dublin
"
{
ec
{
"
Dublinas
"
}
ld
{
"
Airijos
vasaros
laikas
"
}
}
"
Europe
:
Gibraltar
"
{
ec
{
"
Gibraltaras
"
}
}
"
Europe
:
Guernsey
"
{
ec
{
"
Gernsis
"
}
}
"
Europe
:
Helsinki
"
{
ec
{
"
Helsinkis
"
}
}
"
Europe
:
Isle_of_Man
"
{
ec
{
"
Meno
sala
"
}
}
"
Europe
:
Istanbul
"
{
ec
{
"
Stambulas
"
}
}
"
Europe
:
Jersey
"
{
ec
{
"
D
ersis
"
}
}
"
Europe
:
Kaliningrad
"
{
ec
{
"
Kaliningradas
"
}
}
"
Europe
:
Kiev
"
{
ec
{
"
Kijevas
"
}
}
"
Europe
:
Lisbon
"
{
ec
{
"
Lisabona
"
}
}
"
Europe
:
Ljubljana
"
{
ec
{
"
Liubliana
"
}
}
"
Europe
:
London
"
{
ec
{
"
Londonas
"
}
ld
{
"
Britanijos
vasaros
laikas
"
}
}
"
Europe
:
Luxembourg
"
{
ec
{
"
Liuksemburgas
"
}
}
"
Europe
:
Madrid
"
{
ec
{
"
Madridas
"
}
}
"
Europe
:
Mariehamn
"
{
ec
{
"
Marianhamina
"
}
}
"
Europe
:
Minsk
"
{
ec
{
"
Minskas
"
}
}
"
Europe
:
Monaco
"
{
ec
{
"
Monakas
"
}
}
"
Europe
:
Moscow
"
{
ec
{
"
Maskva
"
}
}
"
Europe
:
Oslo
"
{
ec
{
"
Oslas
"
}
}
"
Europe
:
Paris
"
{
ec
{
"
Pary
ius
"
}
}
"
Europe
:
Prague
"
{
ec
{
"
Praha
"
}
}
"
Europe
:
Riga
"
{
ec
{
"
Ryga
"
}
}
"
Europe
:
Rome
"
{
ec
{
"
Roma
"
}
}
"
Europe
:
San_Marino
"
{
ec
{
"
San
Marinas
"
}
}
"
Europe
:
Sarajevo
"
{
ec
{
"
Sarajevas
"
}
}
"
Europe
:
Simferopol
"
{
ec
{
"
Simferopolis
"
}
}
"
Europe
:
Skopje
"
{
ec
{
"
Skopj
"
}
}
"
Europe
:
Sofia
"
{
ec
{
"
Sofija
"
}
}
"
Europe
:
Stockholm
"
{
ec
{
"
Stokholmas
"
}
}
"
Europe
:
Tallinn
"
{
ec
{
"
Talinas
"
}
}
"
Europe
:
Tirane
"
{
ec
{
"
Tirana
"
}
}
"
Europe
:
Uzhgorod
"
{
ec
{
"
U
horodas
"
}
}
"
Europe
:
Vaduz
"
{
ec
{
"
Vaducas
"
}
}
"
Europe
:
Vatican
"
{
ec
{
"
Vatikanas
"
}
}
"
Europe
:
Vienna
"
{
ec
{
"
Viena
"
}
}
"
Europe
:
Volgograd
"
{
ec
{
"
Volgogradas
"
}
}
"
Europe
:
Warsaw
"
{
ec
{
"
Var
uva
"
}
}
"
Europe
:
Zagreb
"
{
ec
{
"
Zagrebas
"
}
}
"
Europe
:
Zaporozhye
"
{
ec
{
"
Zaporo
"
}
}
"
Europe
:
Zurich
"
{
ec
{
"
Ciurichas
"
}
}
"
Indian
:
Antananarivo
"
{
ec
{
"
Antananaryvas
"
}
}
"
Indian
:
Chagos
"
{
ec
{
"
agosas
"
}
}
"
Indian
:
Christmas
"
{
ec
{
"
Kal
d
Sala
"
}
}
"
Indian
:
Cocos
"
{
ec
{
"
Kokos
sala
"
}
}
"
Indian
:
Comoro
"
{
ec
{
"
Komoras
"
}
}
"
Indian
:
Kerguelen
"
{
ec
{
"
Kergelenas
"
}
}
"
Indian
:
Mahe
"
{
ec
{
"
Mah
"
}
}
"
Indian
:
Maldives
"
{
ec
{
"
Maldyvai
"
}
}
"
Indian
:
Mauritius
"
{
ec
{
"
Mauricijus
"
}
}
"
Indian
:
Mayotte
"
{
ec
{
"
Majotas
"
}
}
"
Indian
:
Reunion
"
{
ec
{
"
Reunjonas
"
}
}
"
Pacific
:
Apia
"
{
ec
{
"
Apija
"
}
}
"
Pacific
:
Auckland
"
{
ec
{
"
Oklandas
"
}
}
"
Pacific
:
Chatham
"
{
ec
{
"
atamas
"
}
}
"
Pacific
:
Easter
"
{
ec
{
"
Velyk
sala
"
}
}
"
Pacific
:
Efate
"
{
ec
{
"
Efat
"
}
}
"
Pacific
:
Enderbury
"
{
ec
{
"
Enderburis
"
}
}
"
Pacific
:
Fakaofo
"
{
ec
{
"
Fakaofas
"
}
}
"
Pacific
:
Fiji
"
{
ec
{
"
Fid
is
"
}
}
"
Pacific
:
Funafuti
"
{
ec
{
"
Funafutis
"
}
}
"
Pacific
:
Galapagos
"
{
ec
{
"
Galapagai
"
}
}
"
Pacific
:
Gambier
"
{
ec
{
"
Gambyras
"
}
}
"
Pacific
:
Guadalcanal
"
{
ec
{
"
Gvadalkanalis
"
}
}
"
Pacific
:
Guam
"
{
ec
{
"
Guamas
"
}
}
"
Pacific
:
Johnston
"
{
ec
{
"
D
onstonas
"
}
}
"
Pacific
:
Kiritimati
"
{
ec
{
"
Kiritimatis
"
}
}
"
Pacific
:
Kosrae
"
{
ec
{
"
Kosraj
"
}
}
"
Pacific
:
Kwajalein
"
{
ec
{
"
Kvad
aleinas
"
}
}
"
Pacific
:
Majuro
"
{
ec
{
"
Mad
ras
"
}
}
"
Pacific
:
Marquesas
"
{
ec
{
"
Markizo
salos
"
}
}
"
Pacific
:
Midway
"
{
ec
{
"
Midv
jus
"
}
}
"
Pacific
:
Niue
"
{
ec
{
"
Niuj
"
}
}
"
Pacific
:
Norfolk
"
{
ec
{
"
Norfolkas
"
}
}
"
Pacific
:
Noumea
"
{
ec
{
"
Num
ja
"
}
}
"
Pacific
:
Pago_Pago
"
{
ec
{
"
Pago
Pagas
"
}
}
"
Pacific
:
Pitcairn
"
{
ec
{
"
Pitkerno
sala
"
}
}
"
Pacific
:
Ponape
"
{
ec
{
"
Ponap
"
}
}
"
Pacific
:
Port_Moresby
"
{
ec
{
"
Port
Morsbis
"
}
}
"
Pacific
:
Saipan
"
{
ec
{
"
Saipanas
"
}
}
"
Pacific
:
Tahiti
"
{
ec
{
"
Taitis
"
}
}
"
Pacific
:
Tarawa
"
{
ec
{
"
Tarava
"
}
}
"
Pacific
:
Truk
"
{
ec
{
"
ukas
"
}
}
"
Pacific
:
Wake
"
{
ec
{
"
Veiko
sala
"
}
}
"
Pacific
:
Wallis
"
{
ec
{
"
Volisas
"
}
}
"
meta
:
Afghanistan
"
{
ls
{
"
Afganistano
laikas
"
}
}
"
meta
:
Africa_Central
"
{
ls
{
"
Centrin
s
Afrikos
laikas
"
}
}
"
meta
:
Africa_Eastern
"
{
ls
{
"
Ryt
Afrikos
laikas
"
}
}
"
meta
:
Africa_Southern
"
{
ls
{
"
Piet
Afrikos
laikas
"
}
}
"
meta
:
Africa_Western
"
{
ld
{
"
Vakar
Afrikos
vasaros
laikas
"
}
lg
{
"
Vakar
Afrikos
laikas
"
}
ls
{
"
Vakar
Afrikos
iemos
laikas
"
}
}
"
meta
:
Alaska
"
{
ld
{
"
Aliaskos
vasaros
laikas
"
}
lg
{
"
Aliaskos
laikas
"
}
ls
{
"
Aliaskos
iemos
laikas
"
}
}
"
meta
:
Almaty
"
{
ld
{
"
Almatos
vasaros
laikas
"
}
lg
{
"
Almatos
laikas
"
}
ls
{
"
Almatos
iemos
laikas
"
}
}
"
meta
:
Amazon
"
{
ld
{
"
Amazon
s
vasaros
laikas
"
}
lg
{
"
Amazon
s
laikas
"
}
ls
{
"
Amazon
s
iemos
laikas
"
}
}
"
meta
:
America_Central
"
{
ld
{
"
iaur
s
Amerikos
centro
vasaros
laikas
"
}
lg
{
"
iaur
s
Amerikos
centro
laikas
"
}
ls
{
"
iaur
s
Amerikos
centro
iemos
laikas
"
}
}
"
meta
:
America_Eastern
"
{
ld
{
"
iaur
s
Amerikos
ryt
vasaros
laikas
"
}
lg
{
"
iaur
s
Amerikos
ryt
laikas
"
}
ls
{
"
iaur
s
Amerikos
ryt
iemos
laikas
"
}
}
"
meta
:
America_Mountain
"
{
ld
{
"
iaur
s
Amerikos
kaln
vasaros
laikas
"
}
lg
{
"
iaur
s
Amerikos
kaln
laikas
"
}
ls
{
"
iaur
s
Amerikos
kaln
iemos
laikas
"
}
}
"
meta
:
America_Pacific
"
{
ld
{
"
iaur
s
Amerikos
Ramiojo
vandenyno
vasaros
laikas
"
}
lg
{
"
iaur
s
Amerikos
Ramiojo
vandenyno
laikas
"
}
ls
{
"
iaur
s
Amerikos
Ramiojo
vandenyno
iemos
laikas
"
}
}
"
meta
:
Anadyr
"
{
ld
{
"
Anadyr
s
vasaros
laikas
"
}
lg
{
"
Anadyr
s
laikas
"
}
ls
{
"
Anadyr
s
iemos
laikas
"
}
}
"
meta
:
Aqtau
"
{
ld
{
"
Aktau
vasaros
laikas
"
}
lg
{
"
Aktau
laikas
"
}
ls
{
"
Aktau
iemos
laikas
"
}
}
"
meta
:
Aqtobe
"
{
ld
{
"
Aktob
s
vasaros
laikas
"
}
lg
{
"
Aktob
s
laikas
"
}
ls
{
"
Aktob
s
iemos
laikas
"
}
}
"
meta
:
Arabian
"
{
ld
{
"
Arabijos
vasaros
laikas
"
}
lg
{
"
Arabijos
laikas
"
}
ls
{
"
Arabijos
iemos
laikas
"
}
}
"
meta
:
Argentina
"
{
ld
{
"
Argentinos
vasaros
laikas
"
}
lg
{
"
Argentinos
laikas
"
}
ls
{
"
Argentinos
iemos
laikas
"
}
}
"
meta
:
Argentina_Western
"
{
ld
{
"
Vakar
Argentinos
vasaros
laikas
"
}
lg
{
"
Vakar
Argentinos
laikas
"
}
ls
{
"
Vakar
Argentinos
iemos
laikas
"
}
}
"
meta
:
Armenia
"
{
ld
{
"
Arm
nijos
vasaros
laikas
"
}
lg
{
"
Arm
nijos
laikas
"
}
ls
{
"
Arm
nijos
iemos
laikas
"
}
}
"
meta
:
Atlantic
"
{
ld
{
"
Atlanto
vasaros
laikas
"
}
lg
{
"
Atlanto
laikas
"
}
ls
{
"
Atlanto
iemos
laikas
"
}
}
"
meta
:
Australia_Central
"
{
ld
{
"
Centrin
s
Australijos
vasaros
laikas
"
}
lg
{
"
Centrin
s
Australijos
laikas
"
}
ls
{
"
Centrin
s
Australijos
iemos
laikas
"
}
}
"
meta
:
Australia_CentralWestern
"
{
ld
{
"
Centrin
s
vakar
Australijos
vasaros
laikas
"
}
lg
{
"
Centrin
s
vakar
Australijos
laikas
"
}
ls
{
"
Centrin
s
vakar
Australijos
iemos
laikas
"
}
}
"
meta
:
Australia_Eastern
"
{
ld
{
"
Ryt
Australijos
vasaros
laikas
"
}
lg
{
"
Ryt
Australijos
laikas
"
}
ls
{
"
Ryt
Australijos
iemos
laikas
"
}
}
"
meta
:
Australia_Western
"
{
ld
{
"
Vakar
Australijos
vasaros
laikas
"
}
lg
{
"
Vakar
Australijos
laikas
"
}
ls
{
"
Vakar
Australijos
iemos
laikas
"
}
}
"
meta
:
Azerbaijan
"
{
ld
{
"
Azerbaid
ano
vasaros
laikas
"
}
lg
{
"
Azerbaid
ano
laikas
"
}
ls
{
"
Azerbaid
ano
iemos
laikas
"
}
}
"
meta
:
Azores
"
{
ld
{
"
Azor
Sal
vasaros
laikas
"
}
lg
{
"
Azor
Sal
laikas
"
}
ls
{
"
Azor
Sal
iemos
laikas
"
}
}
"
meta
:
Bangladesh
"
{
ld
{
"
Banglade
o
vasaros
laikas
"
}
lg
{
"
Banglade
o
laikas
"
}
ls
{
"
Banglade
o
iemos
laikas
"
}
}
"
meta
:
Bhutan
"
{
ls
{
"
Butano
laikas
"
}
}
"
meta
:
Bolivia
"
{
ls
{
"
Bolivijos
laikas
"
}
}
"
meta
:
Brasilia
"
{
ld
{
"
Brazilijos
vasaros
laikas
"
}
lg
{
"
Brazilijos
laikas
"
}
ls
{
"
Brazilijos
iemos
laikas
"
}
}
"
meta
:
Brunei
"
{
ls
{
"
Brun
jaus
Darusalamo
laikas
"
}
}
"
meta
:
Cape_Verde
"
{
ld
{
"
aliojo
Ky
ulio
vasaros
laikas
"
}
lg
{
"
aliojo
Ky
ulio
laikas
"
}
ls
{
"
aliojo
Ky
ulio
iemos
laikas
"
}
}
"
meta
:
Chamorro
"
{
ls
{
"
amoro
laikas
"
}
}
"
meta
:
Chatham
"
{
ld
{
"
atamo
vasaros
laikas
"
}
lg
{
"
atamo
laikas
"
}
ls
{
"
atamo
iemos
laikas
"
}
}
"
meta
:
Chile
"
{
ld
{
"
il
s
vasaros
laikas
"
}
lg
{
"
il
s
laikas
"
}
ls
{
"
il
s
iemos
laikas
"
}
}
"
meta
:
China
"
{
ld
{
"
Kinijos
vasaros
laikas
"
}
lg
{
"
Kinijos
laikas
"
}
ls
{
"
Kinijos
iemos
laikas
"
}
}
"
meta
:
Choibalsan
"
{
ld
{
"
oibalsano
vasaros
laikas
"
}
lg
{
"
oibalsano
laikas
"
}
ls
{
"
oibalsano
iemos
laikas
"
}
}
"
meta
:
Christmas
"
{
ls
{
"
Kal
d
Salos
laikas
"
}
}
"
meta
:
Cocos
"
{
ls
{
"
Kokos
Sal
laikas
"
}
}
"
meta
:
Colombia
"
{
ld
{
"
Kolumbijos
vasaros
laikas
"
}
lg
{
"
Kolumbijos
laikas
"
}
ls
{
"
Kolumbijos
iemos
laikas
"
}
}
"
meta
:
Cook
"
{
ld
{
"
Kuko
Sal
pus
s
vasaros
laikas
"
}
lg
{
"
Kuko
Sal
laikas
"
}
ls
{
"
Kuko
Sal
iemos
laikas
"
}
}
"
meta
:
Cuba
"
{
ld
{
"
Kubos
vasaros
laikas
"
}
lg
{
"
Kubos
laikas
"
}
ls
{
"
Kubos
iemos
laikas
"
}
}
"
meta
:
Davis
"
{
ls
{
"
Deiviso
laikas
"
}
}
"
meta
:
DumontDUrville
"
{
ls
{
"
Diumono
d
'
Urvilio
laikas
"
}
}
"
meta
:
East_Timor
"
{
ls
{
"
Ryt
Timoro
laikas
"
}
}
"
meta
:
Easter
"
{
ld
{
"
Velyk
Salos
vasaros
laikas
"
}
lg
{
"
Velyk
Salos
laikas
"
}
ls
{
"
Velyk
salos
iemos
laikas
"
}
}
"
meta
:
Ecuador
"
{
ls
{
"
Ekvadoro
laikas
"
}
}
"
meta
:
Europe_Central
"
{
ld
{
"
Vidurio
Europos
vasaros
laikas
"
}
lg
{
"
Vidurio
Europos
laikas
"
}
ls
{
"
Vidurio
Europos
iemos
laikas
"
}
}
"
meta
:
Europe_Eastern
"
{
ld
{
"
Ryt
Europos
vasaros
laikas
"
}
lg
{
"
Ryt
Europos
laikas
"
}
ls
{
"
Ryt
Europos
iemos
laikas
"
}
}
"
meta
:
Europe_Western
"
{
ld
{
"
Vakar
Europos
vasaros
laikas
"
}
lg
{
"
Vakar
Europos
laikas
"
}
ls
{
"
Vakar
Europos
iemos
laikas
"
}
}
"
meta
:
Falkland
"
{
ld
{
"
Folklando
Sal
vasaros
laikas
"
}
lg
{
"
Folklando
Sal
laikas
"
}
ls
{
"
Folkland
sal
iemos
laikas
"
}
}
"
meta
:
Fiji
"
{
ld
{
"
Fid
io
vasaros
laikas
"
}
lg
{
"
Fid
io
laikas
"
}
ls
{
"
Fid
io
iemos
laikas
"
}
}
"
meta
:
French_Guiana
"
{
ls
{
"
Pranc
zijos
Gvianos
laikas
"
}
}
"
meta
:
French_Southern
"
{
ls
{
"
Piet
Pranc
zijos
ir
antarktinis
laikas
"
}
}
"
meta
:
GMT
"
{
ls
{
"
Grinvi
o
laikas
"
}
}
"
meta
:
Galapagos
"
{
ls
{
"
Galapag
laikas
"
}
}
"
meta
:
Gambier
"
{
ls
{
"
Gambyro
laikas
"
}
}
"
meta
:
Georgia
"
{
ld
{
"
Gruzijos
vasaros
laikas
"
}
lg
{
"
Gruzijos
laikas
"
}
ls
{
"
Gruzijos
iemos
laikas
"
}
}
"
meta
:
Gilbert_Islands
"
{
ls
{
"
Gilberto
Sal
laikas
"
}
}
"
meta
:
Greenland_Eastern
"
{
ld
{
"
Grenlandijos
ryt
vasaros
laikas
"
}
lg
{
"
Grenlandijos
ryt
laikas
"
}
ls
{
"
Grenlandijos
ryt
iemos
laikas
"
}
}
"
meta
:
Greenland_Western
"
{
ld
{
"
Grenlandijos
vakar
vasaros
laikas
"
}
lg
{
"
Grenlandijos
vakar
laikas
"
}
ls
{
"
Grenlandijos
vakar
iemos
laikas
"
}
}
"
meta
:
Guam
"
{
ls
{
"
Guamo
laikas
"
}
}
"
meta
:
Gulf
"
{
ls
{
"
Persijos
lankos
laikas
"
}
}
"
meta
:
Guyana
"
{
ls
{
"
Gajanos
laikas
"
}
}
"
meta
:
Hawaii_Aleutian
"
{
ld
{
"
Havaj
Aleut
vasaros
laikas
"
}
lg
{
"
Havaj
-
Aleut
laikas
"
}
ls
{
"
Havaj
Aleut
iemos
laikas
"
}
}
"
meta
:
Hong_Kong
"
{
ld
{
"
Honkongo
vasaros
laikas
"
}
lg
{
"
Honkongo
laikas
"
}
ls
{
"
Honkongo
iemos
laikas
"
}
}
"
meta
:
Hovd
"
{
ld
{
"
Hovdo
vasaros
laikas
"
}
lg
{
"
Hovdo
laikas
"
}
ls
{
"
Hovdo
iemos
laikas
"
}
}
"
meta
:
India
"
{
ls
{
"
Indijos
laikas
"
}
}
"
meta
:
Indian_Ocean
"
{
ls
{
"
Indijos
vandenyno
laikas
"
}
}
"
meta
:
Indochina
"
{
ls
{
"
Indokinijos
laikas
"
}
}
"
meta
:
Indonesia_Central
"
{
ls
{
"
Centrin
s
Indonezijos
laikas
"
}
}
"
meta
:
Indonesia_Eastern
"
{
ls
{
"
Ryt
Indonezijos
laikas
"
}
}
"
meta
:
Indonesia_Western
"
{
ls
{
"
Vakar
Indonezijos
laikas
"
}
}
"
meta
:
Iran
"
{
ld
{
"
Irano
vasaros
laikas
"
}
lg
{
"
Irano
laikas
"
}
ls
{
"
Irano
iemos
laikas
"
}
}
"
meta
:
Irkutsk
"
{
ld
{
"
Irkutsko
vasaros
laikas
"
}
lg
{
"
Irkutsko
laikas
"
}
ls
{
"
Irkutsko
iemos
laikas
"
}
}
"
meta
:
Israel
"
{
ld
{
"
Izraelio
vasaros
laikas
"
}
lg
{
"
Izraelio
laikas
"
}
ls
{
"
Izraelio
iemos
laikas
"
}
}
"
meta
:
Japan
"
{
ld
{
"
Japonijos
vasaros
laikas
"
}
lg
{
"
Japonijos
laikas
"
}
ls
{
"
Japonijos
iemos
laikas
"
}
}
"
meta
:
Kamchatka
"
{
ld
{
"
Kam
iatkos
Petropavlovsko
vasaros
laikas
"
}
lg
{
"
Kam
iatkos
Petropavlovsko
laikas
"
}
ls
{
"
Kam
iatkos
Petropavlovsko
iemos
laikas
"
}
}
"
meta
:
Kazakhstan_Eastern
"
{
ls
{
"
Ryt
Kazachstano
laikas
"
}
}
"
meta
:
Kazakhstan_Western
"
{
ls
{
"
Vakar
Kazachstano
laikas
"
}
}
"
meta
:
Korea
"
{
ld
{
"
Kor
jos
vasaros
laikas
"
}
lg
{
"
Kor
jos
laikas
"
}
ls
{
"
Kor
jos
iemos
laikas
"
}
}
"
meta
:
Kosrae
"
{
ls
{
"
Kosraj
laikas
"
}
}
"
meta
:
Krasnoyarsk
"
{
ld
{
"
Krasnojarsko
vasaros
laikas
"
}
lg
{
"
Krasnojarsko
laikas
"
}
ls
{
"
Krasnojarsko
iemos
laikas
"
}
}
"
meta
:
Kyrgystan
"
{
ls
{
"
Kirgistano
laikas
"
}
}
"
meta
:
Lanka
"
{
ls
{
"
Lankos
laikas
"
}
}
"
meta
:
Line_Islands
"
{
ls
{
"
Laino
Sal
laikas
"
}
}
"
meta
:
Lord_Howe
"
{
ld
{
"
Lordo
Hau
vasaros
laikas
"
}
lg
{
"
Lordo
Hau
laikas
"
}
ls
{
"
Lordo
Hau
iemos
laikas
"
}
}
"
meta
:
Macau
"
{
ld
{
"
Makau
vasaros
laikas
"
}
lg
{
"
Makau
laikas
"
}
ls
{
"
Makau
iemos
laikas
"
}
}
"
meta
:
Macquarie
"
{
ls
{
"
Makvorio
Salos
laikas
"
}
}
"
meta
:
Magadan
"
{
ld
{
"
Magadano
vasaros
laikas
"
}
lg
{
"
Magadano
laikas
"
}
ls
{
"
Magadano
iemos
laikas
"
}
}
"
meta
:
Malaysia
"
{
ls
{
"
Malaizijos
laikas
"
}
}
"
meta
:
Maldives
"
{
ls
{
"
Maldyv
laikas
"
}
}
"
meta
:
Marquesas
"
{
ls
{
"
Markizo
Sal
laikas
"
}
}
"
meta
:
Marshall_Islands
"
{
ls
{
"
Mar
alo
Sal
laikas
"
}
}
"
meta
:
Mauritius
"
{
ld
{
"
Mauricijaus
vasaros
laikas
"
}
lg
{
"
Mauricijaus
laikas
"
}
ls
{
"
Mauricijaus
iemos
laikas
"
}
}
"
meta
:
Mawson
"
{
ls
{
"
Mosono
laikas
"
}
}
"
meta
:
Mongolia
"
{
ld
{
"
Ulan
Batoro
vasaros
laikas
"
}
lg
{
"
Ulan
Batoro
laikas
"
}
ls
{
"
Ulan
Batoro
iemos
laikas
"
}
}
"
meta
:
Moscow
"
{
ld
{
"
Maskvos
vasaros
laikas
"
}
lg
{
"
Maskvos
laikas
"
}
ls
{
"
Maskvos
iemos
laikas
"
}
}
"
meta
:
Myanmar
"
{
ls
{
"
Mianmaro
laikas
"
}
}
"
meta
:
Nauru
"
{
ls
{
"
Nauru
laikas
"
}
}
"
meta
:
Nepal
"
{
ls
{
"
Nepalo
laikas
"
}
}
"
meta
:
New_Caledonia
"
{
ld
{
"
Naujosios
Kaledonijos
vasaros
laikas
"
}
lg
{
"
Naujosios
Kaledonijos
laikas
"
}
ls
{
"
Naujosios
Kaledonijos
iemos
laikas
"
}
}
"
meta
:
New_Zealand
"
{
ld
{
"
Naujosios
Zelandijos
vasaros
laikas
"
}
lg
{
"
Naujosios
Zelandijos
laikas
"
}
ls
{
"
Naujosios
Zelandijos
iemos
laikas
"
}
}
"
meta
:
Newfoundland
"
{
ld
{
"
Niufaundlendo
vasaros
laikas
"
}
lg
{
"
Niufaundlendo
laikas
"
}
ls
{
"
Niufaundlendo
iemos
laikas
"
}
}
"
meta
:
Niue
"
{
ls
{
"
Niuj
laikas
"
}
}
"
meta
:
Norfolk
"
{
ls
{
"
Norfolko
Sal
laikas
"
}
}
"
meta
:
Noronha
"
{
ld
{
"
Fernando
de
Noronjos
vasaros
laikas
"
}
lg
{
"
Fernando
de
Noronjos
laikas
"
}
ls
{
"
Fernando
de
Noronjos
iemos
laikas
"
}
}
"
meta
:
North_Mariana
"
{
ls
{
"
iaur
s
Marianos
Sal
laikas
"
}
}
"
meta
:
Novosibirsk
"
{
ld
{
"
Novosibirsko
vasaros
laikas
"
}
lg
{
"
Novosibirsko
laikas
"
}
ls
{
"
Novosibirsko
iemos
laikas
"
}
}
"
meta
:
Omsk
"
{
ld
{
"
Omsko
vasaros
laikas
"
}
lg
{
"
Omsko
laikas
"
}
ls
{
"
Omsko
iemos
laikas
"
}
}
"
meta
:
Pakistan
"
{
ld
{
"
Pakistano
vasaros
laikas
"
}
lg
{
"
Pakistano
laikas
"
}
ls
{
"
Pakistano
iemos
laikas
"
}
}
"
meta
:
Palau
"
{
ls
{
"
Palau
laikas
"
}
}
"
meta
:
Papua_New_Guinea
"
{
ls
{
"
Papua
Naujosios
Gvin
jos
laikas
"
}
}
"
meta
:
Paraguay
"
{
ld
{
"
Paragvajaus
vasaros
laikas
"
}
lg
{
"
Paragvajaus
laikas
"
}
ls
{
"
Paragvajaus
iemos
laikas
"
}
}
"
meta
:
Peru
"
{
ld
{
"
Peru
vasaros
laikas
"
}
lg
{
"
Peru
laikas
"
}
ls
{
"
Peru
iemos
laikas
"
}
}
"
meta
:
Philippines
"
{
ld
{
"
Filipin
vasaros
laikas
"
}
lg
{
"
Filipin
laikas
"
}
ls
{
"
Filipin
iemos
laikas
"
}
}
"
meta
:
Phoenix_Islands
"
{
ls
{
"
Fenikso
Sal
laikas
"
}
}
"
meta
:
Pierre_Miquelon
"
{
ld
{
"
Sen
Pjero
ir
Mikelono
vasaros
laikas
"
}
lg
{
"
Sen
Pjero
ir
Mikelono
laikas
"
}
ls
{
"
Sen
Pjero
ir
Mikelono
iemos
laikas
"
}
}
"
meta
:
Pitcairn
"
{
ls
{
"
Pitkerno
laikas
"
}
}
"
meta
:
Ponape
"
{
ls
{
"
Ponap
s
laikas
"
}
}
"
meta
:
Qyzylorda
"
{
ld
{
"
Kyzylordos
vasaros
laikas
"
}
lg
{
"
Kyzylordos
laikas
"
}
ls
{
"
Kyzylordos
iemos
laikas
"
}
}
"
meta
:
Reunion
"
{
ls
{
"
Reunjono
laikas
"
}
}
"
meta
:
Rothera
"
{
ls
{
"
Roteros
laikas
"
}
}
"
meta
:
Sakhalin
"
{
ld
{
"
Sachalino
vasaros
laikas
"
}
lg
{
"
Sachalino
laikas
"
}
ls
{
"
Sachalino
iemos
laikas
"
}
}
"
meta
:
Samara
"
{
ld
{
"
Samaros
vasaros
laikas
"
}
lg
{
"
Samaros
laikas
"
}
ls
{
"
Samaros
iemos
laikas
"
}
}
"
meta
:
Samoa
"
{
ld
{
"
Samoa
vasaros
laikas
"
}
lg
{
"
Samoa
laikas
"
}
ls
{
"
Samoa
iemos
laikas
"
}
}
"
meta
:
Seychelles
"
{
ls
{
"
Sei
eli
laikas
"
}
}
"
meta
:
Singapore
"
{
ls
{
"
Singap
ro
laikas
"
}
}
"
meta
:
Solomon
"
{
ls
{
"
Saliamono
Sal
laikas
"
}
}
"
meta
:
South_Georgia
"
{
ls
{
"
Piet
D
ord
ijos
laikas
"
}
}
"
meta
:
Suriname
"
{
ls
{
"
Surinamo
laikas
"
}
}
"
meta
:
Syowa
"
{
ls
{
"
Siovos
laikas
"
}
}
"
meta
:
Tahiti
"
{
ls
{
"
Tahi
io
laikas
"
}
}
"
meta
:
Taipei
"
{
ld
{
"
Taip
jaus
vasaros
laikas
"
}
lg
{
"
Taip
jaus
laikas
"
}
ls
{
"
Taip
jaus
iemos
laikas
"
}
}
"
meta
:
Tajikistan
"
{
ls
{
"
Tad
ikistano
laikas
"
}
}
"
meta
:
Tokelau
"
{
ls
{
"
Tokelau
laikas
"
}
}
"
meta
:
Tonga
"
{
ld
{
"
Tongos
vasaros
laikas
"
}
lg
{
"
Tongos
laikas
"
}
ls
{
"
Tongos
iemos
laikas
"
}
}
"
meta
:
Truk
"
{
ls
{
"
uko
laikas
"
}
}
"
meta
:
Turkmenistan
"
{
ld
{
"
Turkm
nistano
vasaros
laikas
"
}
lg
{
"
Turkm
nistano
laikas
"
}
ls
{
"
Turkm
nistano
iemos
laikas
"
}
}
"
meta
:
Tuvalu
"
{
ls
{
"
Tuvalu
laikas
"
}
}
"
meta
:
Uruguay
"
{
ld
{
"
Urugvajaus
vasaros
laikas
"
}
lg
{
"
Urugvajaus
laikas
"
}
ls
{
"
Urugvajaus
iemos
laikas
"
}
}
"
meta
:
Uzbekistan
"
{
ld
{
"
Uzbekistano
vasaros
laikas
"
}
lg
{
"
Uzbekistano
laikas
"
}
ls
{
"
Uzbekistano
iemos
laikas
"
}
}
"
meta
:
Vanuatu
"
{
ld
{
"
Vanuatu
vasaros
laikas
"
}
lg
{
"
Vanuatu
laikas
"
}
ls
{
"
Vanuatu
iemos
laikas
"
}
}
"
meta
:
Venezuela
"
{
ls
{
"
Venesuelos
laikas
"
}
}
"
meta
:
Vladivostok
"
{
ld
{
"
Vladivostoko
vasaros
laikas
"
}
lg
{
"
Vladivostoko
laikas
"
}
ls
{
"
Vladivostoko
iemos
laikas
"
}
}
"
meta
:
Volgograd
"
{
ld
{
"
Volgogrado
vasaros
laikas
"
}
lg
{
"
Volgogrado
laikas
"
}
ls
{
"
Volgogrado
iemos
laikas
"
}
}
"
meta
:
Vostok
"
{
ls
{
"
Vostoko
laikas
"
}
}
"
meta
:
Wake
"
{
ls
{
"
Veiko
Salos
laikas
"
}
}
"
meta
:
Wallis
"
{
ls
{
"
Voliso
ir
Fut
nos
laikas
"
}
}
"
meta
:
Yakutsk
"
{
ld
{
"
Jakutsko
vasaros
laikas
"
}
lg
{
"
Jakutsko
laikas
"
}
ls
{
"
Jakutsko
iemos
laikas
"
}
}
"
meta
:
Yekaterinburg
"
{
ld
{
"
Jekaterinburgo
vasaros
laikas
"
}
lg
{
"
Jekaterinburgo
laikas
"
}
ls
{
"
Jekaterinburgo
iemos
laikas
"
}
}
fallbackFormat
{
"
{
1
}
(
{
0
}
)
"
}
gmtFormat
{
"
GMT
{
0
}
"
}
gmtZeroFormat
{
"
GMT
"
}
hourFormat
{
"
+
HH
:
mm
;
HH
:
mm
"
}
regionFormat
{
"
Laikas
:
{
0
}
"
}
regionFormatDaylight
{
"
Vasaros
laikas
:
{
0
}
"
}
regionFormatStandard
{
"
Standartinis
laikas
:
{
0
}
"
}
}
}
