/
/
2016
and
later
:
Unicode
Inc
.
and
others
.
/
/
License
&
terms
of
use
:
http
:
/
/
www
.
unicode
.
org
/
copyright
.
html
#
License
lv
{
Version
{
"
36
.
1
"
}
zoneStrings
{
"
Africa
:
Abidjan
"
{
ec
{
"
Abid
ana
"
}
}
"
Africa
:
Accra
"
{
ec
{
"
Akra
"
}
}
"
Africa
:
Addis_Ababa
"
{
ec
{
"
Adisabeba
"
}
}
"
Africa
:
Algiers
"
{
ec
{
"
Al
ra
"
}
}
"
Africa
:
Asmera
"
{
ec
{
"
Asmara
"
}
}
"
Africa
:
Bamako
"
{
ec
{
"
Bamako
"
}
}
"
Africa
:
Bangui
"
{
ec
{
"
Bangi
"
}
}
"
Africa
:
Banjul
"
{
ec
{
"
Band
ula
"
}
}
"
Africa
:
Bissau
"
{
ec
{
"
Bisava
"
}
}
"
Africa
:
Blantyre
"
{
ec
{
"
Blantaira
"
}
}
"
Africa
:
Brazzaville
"
{
ec
{
"
Brazavila
"
}
}
"
Africa
:
Bujumbura
"
{
ec
{
"
Bu
umbura
"
}
}
"
Africa
:
Cairo
"
{
ec
{
"
Kaira
"
}
}
"
Africa
:
Casablanca
"
{
ec
{
"
Kasablanka
"
}
}
"
Africa
:
Ceuta
"
{
ec
{
"
Seuta
"
}
}
"
Africa
:
Conakry
"
{
ec
{
"
Konakri
"
}
}
"
Africa
:
Dakar
"
{
ec
{
"
Dakara
"
}
}
"
Africa
:
Dar_es_Salaam
"
{
ec
{
"
D
resal
ma
"
}
}
"
Africa
:
Djibouti
"
{
ec
{
"
D
ibutija
"
}
}
"
Africa
:
Douala
"
{
ec
{
"
Duala
"
}
}
"
Africa
:
El_Aaiun
"
{
ec
{
"
Aj
na
"
}
}
"
Africa
:
Freetown
"
{
ec
{
"
Fr
tauna
"
}
}
"
Africa
:
Gaborone
"
{
ec
{
"
Gaborone
"
}
}
"
Africa
:
Harare
"
{
ec
{
"
Harare
"
}
}
"
Africa
:
Johannesburg
"
{
ec
{
"
Johannesburga
"
}
}
"
Africa
:
Juba
"
{
ec
{
"
D
ba
"
}
}
"
Africa
:
Kampala
"
{
ec
{
"
Kampala
"
}
}
"
Africa
:
Khartoum
"
{
ec
{
"
Hart
ma
"
}
}
"
Africa
:
Kigali
"
{
ec
{
"
Kigali
"
}
}
"
Africa
:
Kinshasa
"
{
ec
{
"
Kin
asa
"
}
}
"
Africa
:
Lagos
"
{
ec
{
"
Lagosa
"
}
}
"
Africa
:
Libreville
"
{
ec
{
"
Librevila
"
}
}
"
Africa
:
Lome
"
{
ec
{
"
Lome
"
}
}
"
Africa
:
Luanda
"
{
ec
{
"
Luanda
"
}
}
"
Africa
:
Lubumbashi
"
{
ec
{
"
Lubumba
i
"
}
}
"
Africa
:
Lusaka
"
{
ec
{
"
Lusaka
"
}
}
"
Africa
:
Malabo
"
{
ec
{
"
Malabo
"
}
}
"
Africa
:
Maputo
"
{
ec
{
"
Maputu
"
}
}
"
Africa
:
Maseru
"
{
ec
{
"
Maseru
"
}
}
"
Africa
:
Mbabane
"
{
ec
{
"
Mbabane
"
}
}
"
Africa
:
Mogadishu
"
{
ec
{
"
Mogad
o
"
}
}
"
Africa
:
Monrovia
"
{
ec
{
"
Monrovija
"
}
}
"
Africa
:
Nairobi
"
{
ec
{
"
Nairobi
"
}
}
"
Africa
:
Ndjamena
"
{
ec
{
"
Nd
amena
"
}
}
"
Africa
:
Niamey
"
{
ec
{
"
Niameja
"
}
}
"
Africa
:
Nouakchott
"
{
ec
{
"
Nuak
ota
"
}
}
"
Africa
:
Ouagadougou
"
{
ec
{
"
Vagadugu
"
}
}
"
Africa
:
Porto
-
Novo
"
{
ec
{
"
Portonovo
"
}
}
"
Africa
:
Sao_Tome
"
{
ec
{
"
Santome
"
}
}
"
Africa
:
Tripoli
"
{
ec
{
"
Tripole
"
}
}
"
Africa
:
Tunis
"
{
ec
{
"
Tunisa
"
}
}
"
Africa
:
Windhoek
"
{
ec
{
"
Vindhuka
"
}
}
"
America
:
Adak
"
{
ec
{
"
Adaka
"
}
}
"
America
:
Anchorage
"
{
ec
{
"
Ankur
a
"
}
}
"
America
:
Anguilla
"
{
ec
{
"
Angilja
"
}
}
"
America
:
Antigua
"
{
ec
{
"
Antigva
"
}
}
"
America
:
Araguaina
"
{
ec
{
"
Aragvaina
"
}
}
"
America
:
Argentina
:
La_Rioja
"
{
ec
{
"
Larjoha
"
}
}
"
America
:
Argentina
:
Rio_Gallegos
"
{
ec
{
"
Riogaljegosa
"
}
}
"
America
:
Argentina
:
Salta
"
{
ec
{
"
Salta
"
}
}
"
America
:
Argentina
:
San_Juan
"
{
ec
{
"
Sanhuana
"
}
}
"
America
:
Argentina
:
San_Luis
"
{
ec
{
"
Sanluisa
"
}
}
"
America
:
Argentina
:
Tucuman
"
{
ec
{
"
Tukumana
"
}
}
"
America
:
Argentina
:
Ushuaia
"
{
ec
{
"
U
uaja
"
}
}
"
America
:
Aruba
"
{
ec
{
"
Aruba
"
}
}
"
America
:
Asuncion
"
{
ec
{
"
Asunsjona
"
}
}
"
America
:
Bahia
"
{
ec
{
"
Baija
"
}
}
"
America
:
Bahia_Banderas
"
{
ec
{
"
Bajabanderasa
"
}
}
"
America
:
Barbados
"
{
ec
{
"
Barbadosa
"
}
}
"
America
:
Belem
"
{
ec
{
"
Belena
"
}
}
"
America
:
Belize
"
{
ec
{
"
Beliza
"
}
}
"
America
:
Blanc
-
Sablon
"
{
ec
{
"
Blansablona
"
}
}
"
America
:
Boa_Vista
"
{
ec
{
"
Boavista
"
}
}
"
America
:
Bogota
"
{
ec
{
"
Bogota
"
}
}
"
America
:
Boise
"
{
ec
{
"
Boisisitija
"
}
}
"
America
:
Buenos_Aires
"
{
ec
{
"
Buenosairesa
"
}
}
"
America
:
Cambridge_Bay
"
{
ec
{
"
Kembrid
beja
"
}
}
"
America
:
Campo_Grande
"
{
ec
{
"
Kampugrandi
"
}
}
"
America
:
Cancun
"
{
ec
{
"
Kankuna
"
}
}
"
America
:
Caracas
"
{
ec
{
"
Karakasa
"
}
}
"
America
:
Catamarca
"
{
ec
{
"
Katamarka
"
}
}
"
America
:
Cayenne
"
{
ec
{
"
Kajenna
"
}
}
"
America
:
Cayman
"
{
ec
{
"
Kaimanu
salas
"
}
}
"
America
:
Chicago
"
{
ec
{
"
ik
ga
"
}
}
"
America
:
Chihuahua
"
{
ec
{
"
ivava
"
}
}
"
America
:
Coral_Harbour
"
{
ec
{
"
Atikokana
"
}
}
"
America
:
Cordoba
"
{
ec
{
"
Kordova
"
}
}
"
America
:
Costa_Rica
"
{
ec
{
"
Kostarika
"
}
}
"
America
:
Creston
"
{
ec
{
"
Krestona
"
}
}
"
America
:
Cuiaba
"
{
ec
{
"
Kujaba
"
}
}
"
America
:
Curacao
"
{
ec
{
"
Kirasao
"
}
}
"
America
:
Danmarkshavn
"
{
ec
{
"
Denm
rk
avna
"
}
}
"
America
:
Dawson
"
{
ec
{
"
Dousona
"
}
}
"
America
:
Dawson_Creek
"
{
ec
{
"
Dousonkr
ka
"
}
}
"
America
:
Denver
"
{
ec
{
"
Denvera
"
}
}
"
America
:
Detroit
"
{
ec
{
"
Detroita
"
}
}
"
America
:
Dominica
"
{
ec
{
"
Dominika
"
}
}
"
America
:
Edmonton
"
{
ec
{
"
Edmontona
"
}
}
"
America
:
Eirunepe
"
{
ec
{
"
Eirunepe
"
}
}
"
America
:
El_Salvador
"
{
ec
{
"
Salvadora
"
}
}
"
America
:
Fort_Nelson
"
{
ec
{
"
Fortnelsona
"
}
}
"
America
:
Fortaleza
"
{
ec
{
"
Fortaleza
"
}
}
"
America
:
Glace_Bay
"
{
ec
{
"
Gleisbeja
"
}
}
"
America
:
Godthab
"
{
ec
{
"
N
ka
"
}
}
"
America
:
Goose_Bay
"
{
ec
{
"
G
sbeja
"
}
}
"
America
:
Grand_Turk
"
{
ec
{
"
Grandtk
rka
"
}
}
"
America
:
Grenada
"
{
ec
{
"
Gren
da
"
}
}
"
America
:
Guadeloupe
"
{
ec
{
"
Gvadelupa
"
}
}
"
America
:
Guatemala
"
{
ec
{
"
Gvatemala
"
}
}
"
America
:
Guayaquil
"
{
ec
{
"
Gvajakila
"
}
}
"
America
:
Guyana
"
{
ec
{
"
Gaj
na
"
}
}
"
America
:
Halifax
"
{
ec
{
"
Helifeksa
"
}
}
"
America
:
Havana
"
{
ec
{
"
Havana
"
}
}
"
America
:
Hermosillo
"
{
ec
{
"
Ermosiljo
"
}
}
"
America
:
Indiana
:
Knox
"
{
ec
{
"
Noksa
Indi
na
"
}
}
"
America
:
Indiana
:
Marengo
"
{
ec
{
"
Marengo
Indi
na
"
}
}
"
America
:
Indiana
:
Petersburg
"
{
ec
{
"
P
tersb
rga
Indi
na
"
}
}
"
America
:
Indiana
:
Tell_City
"
{
ec
{
"
Telsitija
Indi
na
"
}
}
"
America
:
Indiana
:
Vevay
"
{
ec
{
"
V
veja
Indi
na
"
}
}
"
America
:
Indiana
:
Vincennes
"
{
ec
{
"
Vinsensa
Indi
na
"
}
}
"
America
:
Indiana
:
Winamac
"
{
ec
{
"
Vinamaka
Indi
na
"
}
}
"
America
:
Indianapolis
"
{
ec
{
"
Indianapolisa
"
}
}
"
America
:
Inuvik
"
{
ec
{
"
Inuvika
"
}
}
"
America
:
Iqaluit
"
{
ec
{
"
Ikaluita
"
}
}
"
America
:
Jamaica
"
{
ec
{
"
Jamaika
"
}
}
"
America
:
Jujuy
"
{
ec
{
"
Huhuja
"
}
}
"
America
:
Juneau
"
{
ec
{
"
D
uno
"
}
}
"
America
:
Kentucky
:
Monticello
"
{
ec
{
"
Monti
elo
Kentuki
"
}
}
"
America
:
Kralendijk
"
{
ec
{
"
Kr
lendeika
"
}
}
"
America
:
La_Paz
"
{
ec
{
"
Lapasa
"
}
}
"
America
:
Lima
"
{
ec
{
"
Lima
"
}
}
"
America
:
Los_Angeles
"
{
ec
{
"
Losand
elosa
"
}
}
"
America
:
Louisville
"
{
ec
{
"
L
ivila
"
}
}
"
America
:
Lower_Princes
"
{
ec
{
"
Louerprinseskvotera
"
}
}
"
America
:
Maceio
"
{
ec
{
"
Masejo
"
}
}
"
America
:
Managua
"
{
ec
{
"
Managva
"
}
}
"
America
:
Manaus
"
{
ec
{
"
Manausa
"
}
}
"
America
:
Marigot
"
{
ec
{
"
Merigota
"
}
}
"
America
:
Martinique
"
{
ec
{
"
Martinika
"
}
}
"
America
:
Matamoros
"
{
ec
{
"
Matamorosa
"
}
}
"
America
:
Mazatlan
"
{
ec
{
"
Masatlana
"
}
}
"
America
:
Mendoza
"
{
ec
{
"
Mendosa
"
}
}
"
America
:
Menominee
"
{
ec
{
"
Menomin
"
}
}
"
America
:
Merida
"
{
ec
{
"
Merida
"
}
}
"
America
:
Metlakatla
"
{
ec
{
"
Metlakatla
"
}
}
"
America
:
Mexico_City
"
{
ec
{
"
Mehiko
"
}
}
"
America
:
Miquelon
"
{
ec
{
"
Mikelona
"
}
}
"
America
:
Moncton
"
{
ec
{
"
Monktona
"
}
}
"
America
:
Monterrey
"
{
ec
{
"
Monterreja
"
}
}
"
America
:
Montevideo
"
{
ec
{
"
Montevideo
"
}
}
"
America
:
Montserrat
"
{
ec
{
"
Montserrata
"
}
}
"
America
:
Nassau
"
{
ec
{
"
Naso
"
}
}
"
America
:
New_York
"
{
ec
{
"
ujorka
"
}
}
"
America
:
Nipigon
"
{
ec
{
"
Nipigona
"
}
}
"
America
:
Nome
"
{
ec
{
"
Noma
"
}
}
"
America
:
Noronha
"
{
ec
{
"
Noro
a
"
}
}
"
America
:
North_Dakota
:
Beulah
"
{
ec
{
"
Bjula
Zieme
dakota
"
}
}
"
America
:
North_Dakota
:
Center
"
{
ec
{
"
Sentera
Zieme
dakota
"
}
}
"
America
:
North_Dakota
:
New_Salem
"
{
ec
{
"
seilema
Zieme
dakota
"
}
}
"
America
:
Ojinaga
"
{
ec
{
"
Ohinaga
"
}
}
"
America
:
Panama
"
{
ec
{
"
Panama
"
}
}
"
America
:
Pangnirtung
"
{
ec
{
"
Pannirtuna
"
}
}
"
America
:
Paramaribo
"
{
ec
{
"
Paramaribo
"
}
}
"
America
:
Phoenix
"
{
ec
{
"
F
niksa
"
}
}
"
America
:
Port
-
au
-
Prince
"
{
ec
{
"
Portoprensa
"
}
}
"
America
:
Port_of_Spain
"
{
ec
{
"
Portofspeina
"
}
}
"
America
:
Porto_Velho
"
{
ec
{
"
Portuve
u
"
}
}
"
America
:
Puerto_Rico
"
{
ec
{
"
Puertoriko
"
}
}
"
America
:
Punta_Arenas
"
{
ec
{
"
Puntaarenasa
"
}
}
"
America
:
Rainy_River
"
{
ec
{
"
Reinirivera
"
}
}
"
America
:
Rankin_Inlet
"
{
ec
{
"
Rankininleta
"
}
}
"
America
:
Recife
"
{
ec
{
"
Resifi
"
}
}
"
America
:
Regina
"
{
ec
{
"
Rid
aina
"
}
}
"
America
:
Resolute
"
{
ec
{
"
Rezol
ta
"
}
}
"
America
:
Rio_Branco
"
{
ec
{
"
Riobranko
"
}
}
"
America
:
Santa_Isabel
"
{
ec
{
"
Santaisabela
"
}
}
"
America
:
Santarem
"
{
ec
{
"
Santarena
"
}
}
"
America
:
Santiago
"
{
ec
{
"
Santjago
"
}
}
"
America
:
Santo_Domingo
"
{
ec
{
"
Santodomingo
"
}
}
"
America
:
Sao_Paulo
"
{
ec
{
"
Sanpaulu
"
}
}
"
America
:
Scoresbysund
"
{
ec
{
"
Itokortormita
"
}
}
"
America
:
Sitka
"
{
ec
{
"
Sitka
"
}
}
"
America
:
St_Barthelemy
"
{
ec
{
"
Senbartelm
"
}
}
"
America
:
St_Johns
"
{
ec
{
"
Sentd
onsa
"
}
}
"
America
:
St_Kitts
"
{
ec
{
"
Sentkitsa
"
}
}
"
America
:
St_Lucia
"
{
ec
{
"
Sentl
sija
"
}
}
"
America
:
St_Thomas
"
{
ec
{
"
Sentomasa
"
}
}
"
America
:
St_Vincent
"
{
ec
{
"
Sentvinsenta
"
}
}
"
America
:
Swift_Current
"
{
ec
{
"
Sviftkarenta
"
}
}
"
America
:
Tegucigalpa
"
{
ec
{
"
Tegusigalpa
"
}
}
"
America
:
Thule
"
{
ec
{
"
Tule
"
}
}
"
America
:
Thunder_Bay
"
{
ec
{
"
Tanderbeja
"
}
}
"
America
:
Tijuana
"
{
ec
{
"
Tihuana
"
}
}
"
America
:
Toronto
"
{
ec
{
"
Toronto
"
}
}
"
America
:
Tortola
"
{
ec
{
"
Tortola
"
}
}
"
America
:
Vancouver
"
{
ec
{
"
Vank
vera
"
}
}
"
America
:
Whitehorse
"
{
ec
{
"
Vaithorsa
"
}
}
"
America
:
Winnipeg
"
{
ec
{
"
Vinipega
"
}
}
"
America
:
Yakutat
"
{
ec
{
"
Jakutata
"
}
}
"
America
:
Yellowknife
"
{
ec
{
"
Jelounaifa
"
}
}
"
Antarctica
:
Casey
"
{
ec
{
"
Keisi
"
}
}
"
Antarctica
:
Davis
"
{
ec
{
"
Deivisa
"
}
}
"
Antarctica
:
DumontDUrville
"
{
ec
{
"
Dimondirvila
"
}
}
"
Antarctica
:
Macquarie
"
{
ec
{
"
Makvori
"
}
}
"
Antarctica
:
Mawson
"
{
ec
{
"
Mosona
"
}
}
"
Antarctica
:
McMurdo
"
{
ec
{
"
Makmerdo
"
}
}
"
Antarctica
:
Palmer
"
{
ec
{
"
P
lmera
"
}
}
"
Antarctica
:
Rothera
"
{
ec
{
"
Rotera
"
}
}
"
Antarctica
:
Syowa
"
{
ec
{
"
ova
"
}
}
"
Antarctica
:
Troll
"
{
ec
{
"
Trolla
"
}
}
"
Antarctica
:
Vostok
"
{
ec
{
"
Vostoka
"
}
}
"
Arctic
:
Longyearbyen
"
{
ec
{
"
Longj
rb
ene
"
}
}
"
Asia
:
Aden
"
{
ec
{
"
Adena
"
}
}
"
Asia
:
Almaty
"
{
ec
{
"
Almati
"
}
}
"
Asia
:
Amman
"
{
ec
{
"
Amm
na
"
}
}
"
Asia
:
Anadyr
"
{
ec
{
"
Anadira
"
}
}
"
Asia
:
Aqtau
"
{
ec
{
"
Aktau
"
}
}
"
Asia
:
Aqtobe
"
{
ec
{
"
Aktebe
"
}
}
"
Asia
:
Ashgabat
"
{
ec
{
"
A
gabata
"
}
}
"
Asia
:
Atyrau
"
{
ec
{
"
Atirau
"
}
}
"
Asia
:
Baghdad
"
{
ec
{
"
Bagd
de
"
}
}
"
Asia
:
Bahrain
"
{
ec
{
"
Bahreina
"
}
}
"
Asia
:
Baku
"
{
ec
{
"
Baku
"
}
}
"
Asia
:
Bangkok
"
{
ec
{
"
Bangkoka
"
}
}
"
Asia
:
Barnaul
"
{
ec
{
"
Barnaula
"
}
}
"
Asia
:
Beirut
"
{
ec
{
"
Beir
ta
"
}
}
"
Asia
:
Bishkek
"
{
ec
{
"
Bi
keka
"
}
}
"
Asia
:
Brunei
"
{
ec
{
"
Bruneja
"
}
}
"
Asia
:
Calcutta
"
{
ec
{
"
Kalk
ta
"
}
}
"
Asia
:
Chita
"
{
ec
{
"
ita
"
}
}
"
Asia
:
Choibalsan
"
{
ec
{
"
oibalsana
"
}
}
"
Asia
:
Colombo
"
{
ec
{
"
Kolombo
"
}
}
"
Asia
:
Damascus
"
{
ec
{
"
Damaska
"
}
}
"
Asia
:
Dhaka
"
{
ec
{
"
Daka
"
}
}
"
Asia
:
Dili
"
{
ec
{
"
Dili
"
}
}
"
Asia
:
Dubai
"
{
ec
{
"
Dubaija
"
}
}
"
Asia
:
Dushanbe
"
{
ec
{
"
Du
anbe
"
}
}
"
Asia
:
Famagusta
"
{
ec
{
"
Famagusta
"
}
}
"
Asia
:
Gaza
"
{
ec
{
"
Gaza
"
}
}
"
Asia
:
Hebron
"
{
ec
{
"
Hebrona
"
}
}
"
Asia
:
Hong_Kong
"
{
ec
{
"
Honkonga
"
}
}
"
Asia
:
Hovd
"
{
ec
{
"
Hovda
"
}
}
"
Asia
:
Irkutsk
"
{
ec
{
"
Irkutska
"
}
}
"
Asia
:
Jakarta
"
{
ec
{
"
D
akarta
"
}
}
"
Asia
:
Jayapura
"
{
ec
{
"
D
ajapura
"
}
}
"
Asia
:
Jerusalem
"
{
ec
{
"
Jeruzaleme
"
}
}
"
Asia
:
Kabul
"
{
ec
{
"
Kabula
"
}
}
"
Asia
:
Kamchatka
"
{
ec
{
"
Kam
atka
"
}
}
"
Asia
:
Karachi
"
{
ec
{
"
Kar
i
"
}
}
"
Asia
:
Katmandu
"
{
ec
{
"
Katmandu
"
}
}
"
Asia
:
Khandyga
"
{
ec
{
"
Handiga
"
}
}
"
Asia
:
Krasnoyarsk
"
{
ec
{
"
Krasnojarska
"
}
}
"
Asia
:
Kuala_Lumpur
"
{
ec
{
"
Kualalumpura
"
}
}
"
Asia
:
Kuching
"
{
ec
{
"
Ku
ina
"
}
}
"
Asia
:
Kuwait
"
{
ec
{
"
Kuveita
"
}
}
"
Asia
:
Macau
"
{
ec
{
"
Makao
"
}
}
"
Asia
:
Magadan
"
{
ec
{
"
Magadana
"
}
}
"
Asia
:
Makassar
"
{
ec
{
"
Makasara
"
}
}
"
Asia
:
Manila
"
{
ec
{
"
Manila
"
}
}
"
Asia
:
Muscat
"
{
ec
{
"
Maskata
"
}
}
"
Asia
:
Nicosia
"
{
ec
{
"
Nikosija
"
}
}
"
Asia
:
Novokuznetsk
"
{
ec
{
"
Novokuz
ecka
"
}
}
"
Asia
:
Novosibirsk
"
{
ec
{
"
Novosibirska
"
}
}
"
Asia
:
Omsk
"
{
ec
{
"
Omska
"
}
}
"
Asia
:
Oral
"
{
ec
{
"
Orala
"
}
}
"
Asia
:
Phnom_Penh
"
{
ec
{
"
Pnompe
a
"
}
}
"
Asia
:
Pontianak
"
{
ec
{
"
Pontianaka
"
}
}
"
Asia
:
Pyongyang
"
{
ec
{
"
Phenjana
"
}
}
"
Asia
:
Qatar
"
{
ec
{
"
Katara
"
}
}
"
Asia
:
Qostanay
"
{
ec
{
"
Kostanaja
"
}
}
"
Asia
:
Qyzylorda
"
{
ec
{
"
Kizilorda
"
}
}
"
Asia
:
Rangoon
"
{
ec
{
"
Ranguna
"
}
}
"
Asia
:
Riyadh
"
{
ec
{
"
Rij
da
"
}
}
"
Asia
:
Saigon
"
{
ec
{
"
Ho
imina
"
}
}
"
Asia
:
Sakhalin
"
{
ec
{
"
Sahal
na
"
}
}
"
Asia
:
Samarkand
"
{
ec
{
"
Samarkanda
"
}
}
"
Asia
:
Seoul
"
{
ec
{
"
Seula
"
}
}
"
Asia
:
Shanghai
"
{
ec
{
"
anhaja
"
}
}
"
Asia
:
Singapore
"
{
ec
{
"
Singap
ra
"
}
}
"
Asia
:
Srednekolymsk
"
{
ec
{
"
Sred
ekolimska
"
}
}
"
Asia
:
Taipei
"
{
ec
{
"
Taibei
"
}
}
"
Asia
:
Tashkent
"
{
ec
{
"
Ta
kenta
"
}
}
"
Asia
:
Tbilisi
"
{
ec
{
"
Tbilisi
"
}
}
"
Asia
:
Tehran
"
{
ec
{
"
Teher
na
"
}
}
"
Asia
:
Thimphu
"
{
ec
{
"
Thimphu
"
}
}
"
Asia
:
Tokyo
"
{
ec
{
"
Tokija
"
}
}
"
Asia
:
Tomsk
"
{
ec
{
"
Tomska
"
}
}
"
Asia
:
Ulaanbaatar
"
{
ec
{
"
Ulanbatora
"
}
}
"
Asia
:
Urumqi
"
{
ec
{
"
Urum
i
"
}
}
"
Asia
:
Ust
-
Nera
"
{
ec
{
"
Ustj
era
"
}
}
"
Asia
:
Vientiane
"
{
ec
{
"
Vjen
ana
"
}
}
"
Asia
:
Vladivostok
"
{
ec
{
"
Vladivostoka
"
}
}
"
Asia
:
Yakutsk
"
{
ec
{
"
Jakutska
"
}
}
"
Asia
:
Yekaterinburg
"
{
ec
{
"
Jekaterinburga
"
}
}
"
Asia
:
Yerevan
"
{
ec
{
"
Erev
na
"
}
}
"
Atlantic
:
Azores
"
{
ec
{
"
Azoru
salas
"
}
}
"
Atlantic
:
Bermuda
"
{
ec
{
"
Bermuda
"
}
}
"
Atlantic
:
Canary
"
{
ec
{
"
Kan
riju
salas
"
}
}
"
Atlantic
:
Cape_Verde
"
{
ec
{
"
Kaboverde
"
}
}
"
Atlantic
:
Faeroe
"
{
ec
{
"
F
ru
salas
"
}
}
"
Atlantic
:
Madeira
"
{
ec
{
"
Madeira
"
}
}
"
Atlantic
:
Reykjavik
"
{
ec
{
"
Reikjavika
"
}
}
"
Atlantic
:
South_Georgia
"
{
ec
{
"
Dienvidd
ord
ija
"
}
}
"
Atlantic
:
St_Helena
"
{
ec
{
"
Sv
.
Hel
nas
sala
"
}
}
"
Atlantic
:
Stanley
"
{
ec
{
"
Stenli
"
}
}
"
Australia
:
Adelaide
"
{
ec
{
"
Adelaida
"
}
}
"
Australia
:
Brisbane
"
{
ec
{
"
Brisbena
"
}
}
"
Australia
:
Broken_Hill
"
{
ec
{
"
Brokenhila
"
}
}
"
Australia
:
Currie
"
{
ec
{
"
Kari
"
}
}
"
Australia
:
Darwin
"
{
ec
{
"
D
rvina
"
}
}
"
Australia
:
Eucla
"
{
ec
{
"
Jukla
"
}
}
"
Australia
:
Hobart
"
{
ec
{
"
Hob
rta
"
}
}
"
Australia
:
Lindeman
"
{
ec
{
"
Lindemana
"
}
}
"
Australia
:
Lord_Howe
"
{
ec
{
"
Lordhava
"
}
}
"
Australia
:
Melbourne
"
{
ec
{
"
Melburna
"
}
}
"
Australia
:
Perth
"
{
ec
{
"
P
rta
"
}
}
"
Australia
:
Sydney
"
{
ec
{
"
Sidneja
"
}
}
"
Etc
:
UTC
"
{
ls
{
"
Univers
lais
koordin
tais
laiks
"
}
}
"
Etc
:
Unknown
"
{
ec
{
"
nezin
ma
pils
ta
"
}
}
"
Europe
:
Amsterdam
"
{
ec
{
"
Amsterdama
"
}
}
"
Europe
:
Andorra
"
{
ec
{
"
Andora
"
}
}
"
Europe
:
Astrakhan
"
{
ec
{
"
Astraha
a
"
}
}
"
Europe
:
Athens
"
{
ec
{
"
At
nas
"
}
}
"
Europe
:
Belgrade
"
{
ec
{
"
Belgrada
"
}
}
"
Europe
:
Berlin
"
{
ec
{
"
Berl
ne
"
}
}
"
Europe
:
Bratislava
"
{
ec
{
"
Bratislava
"
}
}
"
Europe
:
Brussels
"
{
ec
{
"
Brisele
"
}
}
"
Europe
:
Bucharest
"
{
ec
{
"
Bukareste
"
}
}
"
Europe
:
Budapest
"
{
ec
{
"
Budape
ta
"
}
}
"
Europe
:
Busingen
"
{
ec
{
"
B
zingene
"
}
}
"
Europe
:
Chisinau
"
{
ec
{
"
Ki
i
eva
"
}
}
"
Europe
:
Copenhagen
"
{
ec
{
"
Kopenh
gena
"
}
}
"
Europe
:
Dublin
"
{
ec
{
"
Dublina
"
}
ld
{
"
rijas
ziemas
laiks
"
}
}
"
Europe
:
Gibraltar
"
{
ec
{
"
Gibralt
rs
"
}
}
"
Europe
:
Guernsey
"
{
ec
{
"
G
rnsija
"
}
}
"
Europe
:
Helsinki
"
{
ec
{
"
Helsinki
"
}
}
"
Europe
:
Isle_of_Man
"
{
ec
{
"
Menas
sala
"
}
}
"
Europe
:
Istanbul
"
{
ec
{
"
Stambula
"
}
}
"
Europe
:
Jersey
"
{
ec
{
"
D
rsija
"
}
}
"
Europe
:
Kaliningrad
"
{
ec
{
"
Ka
i
ingrada
"
}
}
"
Europe
:
Kiev
"
{
ec
{
"
Kijeva
"
}
}
"
Europe
:
Kirov
"
{
ec
{
"
Kirova
"
}
}
"
Europe
:
Lisbon
"
{
ec
{
"
Lisabona
"
}
}
"
Europe
:
Ljubljana
"
{
ec
{
"
ub
ana
"
}
}
"
Europe
:
London
"
{
ec
{
"
Londona
"
}
ld
{
"
Lielbrit
nijas
vasaras
laiks
"
}
}
"
Europe
:
Luxembourg
"
{
ec
{
"
Luksemburga
"
}
}
"
Europe
:
Madrid
"
{
ec
{
"
Madride
"
}
}
"
Europe
:
Malta
"
{
ec
{
"
Malta
"
}
}
"
Europe
:
Mariehamn
"
{
ec
{
"
Mariehamna
"
}
}
"
Europe
:
Minsk
"
{
ec
{
"
Minska
"
}
}
"
Europe
:
Monaco
"
{
ec
{
"
Monako
"
}
}
"
Europe
:
Moscow
"
{
ec
{
"
Maskava
"
}
}
"
Europe
:
Oslo
"
{
ec
{
"
Oslo
"
}
}
"
Europe
:
Paris
"
{
ec
{
"
Par
ze
"
}
}
"
Europe
:
Podgorica
"
{
ec
{
"
Podgorica
"
}
}
"
Europe
:
Prague
"
{
ec
{
"
Pr
ga
"
}
}
"
Europe
:
Riga
"
{
ec
{
"
R
ga
"
}
}
"
Europe
:
Rome
"
{
ec
{
"
Roma
"
}
}
"
Europe
:
Samara
"
{
ec
{
"
Samara
"
}
}
"
Europe
:
San_Marino
"
{
ec
{
"
Sanmar
no
"
}
}
"
Europe
:
Sarajevo
"
{
ec
{
"
Sarajeva
"
}
}
"
Europe
:
Saratov
"
{
ec
{
"
Saratova
"
}
}
"
Europe
:
Simferopol
"
{
ec
{
"
Simferopole
"
}
}
"
Europe
:
Skopje
"
{
ec
{
"
Skopje
"
}
}
"
Europe
:
Sofia
"
{
ec
{
"
Sofija
"
}
}
"
Europe
:
Stockholm
"
{
ec
{
"
Stokholma
"
}
}
"
Europe
:
Tallinn
"
{
ec
{
"
Tallina
"
}
}
"
Europe
:
Tirane
"
{
ec
{
"
Tir
na
"
}
}
"
Europe
:
Ulyanovsk
"
{
ec
{
"
U
janovska
"
}
}
"
Europe
:
Uzhgorod
"
{
ec
{
"
U
horoda
"
}
}
"
Europe
:
Vaduz
"
{
ec
{
"
Vaduca
"
}
}
"
Europe
:
Vatican
"
{
ec
{
"
Vatik
ns
"
}
}
"
Europe
:
Vienna
"
{
ec
{
"
V
ne
"
}
}
"
Europe
:
Vilnius
"
{
ec
{
"
Vi
a
"
}
}
"
Europe
:
Volgograd
"
{
ec
{
"
Volgograda
"
}
}
"
Europe
:
Warsaw
"
{
ec
{
"
Var
ava
"
}
}
"
Europe
:
Zagreb
"
{
ec
{
"
Zagreba
"
}
}
"
Europe
:
Zaporozhye
"
{
ec
{
"
Zaporo
je
"
}
}
"
Europe
:
Zurich
"
{
ec
{
"
C
rihe
"
}
}
"
Indian
:
Antananarivo
"
{
ec
{
"
Antananarivu
"
}
}
"
Indian
:
Chagos
"
{
ec
{
"
agosu
arhipel
gs
"
}
}
"
Indian
:
Christmas
"
{
ec
{
"
Ziemsv
tku
sala
"
}
}
"
Indian
:
Cocos
"
{
ec
{
"
Kokosu
(
K
linga
)
sala
"
}
}
"
Indian
:
Comoro
"
{
ec
{
"
Komoras
"
}
}
"
Indian
:
Kerguelen
"
{
ec
{
"
Kergel
na
sala
"
}
}
"
Indian
:
Mahe
"
{
ec
{
"
Mae
"
}
}
"
Indian
:
Maldives
"
{
ec
{
"
Mald
vija
"
}
}
"
Indian
:
Mauritius
"
{
ec
{
"
Maur
cija
"
}
}
"
Indian
:
Mayotte
"
{
ec
{
"
Majota
"
}
}
"
Indian
:
Reunion
"
{
ec
{
"
Reinjona
"
}
}
"
Pacific
:
Apia
"
{
ec
{
"
Apija
"
}
}
"
Pacific
:
Auckland
"
{
ec
{
"
Oklenda
"
}
}
"
Pacific
:
Bougainville
"
{
ec
{
"
Bugenvila
sala
"
}
}
"
Pacific
:
Chatham
"
{
ec
{
"
etema
"
}
}
"
Pacific
:
Easter
"
{
ec
{
"
Lieldienu
sala
"
}
}
"
Pacific
:
Efate
"
{
ec
{
"
Efate
"
}
}
"
Pacific
:
Enderbury
"
{
ec
{
"
Enderberija
"
}
}
"
Pacific
:
Fakaofo
"
{
ec
{
"
Fakaofo
"
}
}
"
Pacific
:
Fiji
"
{
ec
{
"
Fid
i
"
}
}
"
Pacific
:
Funafuti
"
{
ec
{
"
Funafuti
"
}
}
"
Pacific
:
Galapagos
"
{
ec
{
"
Galapagu
salas
"
}
}
"
Pacific
:
Gambier
"
{
ec
{
"
Gambj
salas
"
}
}
"
Pacific
:
Guadalcanal
"
{
ec
{
"
Gvadalkanala
"
}
}
"
Pacific
:
Guam
"
{
ec
{
"
Guama
"
}
}
"
Pacific
:
Honolulu
"
{
ec
{
"
Honolulu
"
}
}
"
Pacific
:
Johnston
"
{
ec
{
"
D
onstona
atols
"
}
}
"
Pacific
:
Kiritimati
"
{
ec
{
"
Kirisimasi
"
}
}
"
Pacific
:
Kosrae
"
{
ec
{
"
Kosraja
"
}
}
"
Pacific
:
Kwajalein
"
{
ec
{
"
Kvad
aleina
"
}
}
"
Pacific
:
Majuro
"
{
ec
{
"
Mad
uro
"
}
}
"
Pacific
:
Marquesas
"
{
ec
{
"
Mar
za
salas
"
}
}
"
Pacific
:
Midway
"
{
ec
{
"
Midvejs
"
}
}
"
Pacific
:
Nauru
"
{
ec
{
"
Nauru
"
}
}
"
Pacific
:
Niue
"
{
ec
{
"
Niue
"
}
}
"
Pacific
:
Norfolk
"
{
ec
{
"
Norfolka
"
}
}
"
Pacific
:
Noumea
"
{
ec
{
"
Numea
"
}
}
"
Pacific
:
Pago_Pago
"
{
ec
{
"
Pagopago
"
}
}
"
Pacific
:
Palau
"
{
ec
{
"
Palau
"
}
}
"
Pacific
:
Pitcairn
"
{
ec
{
"
Pitk
rna
"
}
}
"
Pacific
:
Ponape
"
{
ec
{
"
Ponpeja
"
}
}
"
Pacific
:
Port_Moresby
"
{
ec
{
"
Portmorsbi
"
}
}
"
Pacific
:
Rarotonga
"
{
ec
{
"
Rarotonga
"
}
}
"
Pacific
:
Saipan
"
{
ec
{
"
Saipana
"
}
}
"
Pacific
:
Tahiti
"
{
ec
{
"
Taiti
"
}
}
"
Pacific
:
Tarawa
"
{
ec
{
"
Tarava
"
}
}
"
Pacific
:
Tongatapu
"
{
ec
{
"
Tongatapu
"
}
}
"
Pacific
:
Truk
"
{
ec
{
"
ka
"
}
}
"
Pacific
:
Wake
"
{
ec
{
"
Veika
sala
"
}
}
"
Pacific
:
Wallis
"
{
ec
{
"
Volisa
"
}
}
"
meta
:
Afghanistan
"
{
ls
{
"
Afganist
nas
laiks
"
}
}
"
meta
:
Africa_Central
"
{
ls
{
"
Centr
l
frikas
laiks
"
}
}
"
meta
:
Africa_Eastern
"
{
ls
{
"
Austrum
frikas
laiks
"
}
}
"
meta
:
Africa_Southern
"
{
ls
{
"
Dienvid
frikas
ziemas
laiks
"
}
}
"
meta
:
Africa_Western
"
{
ld
{
"
Rietum
frikas
vasaras
laiks
"
}
lg
{
"
Rietum
frikas
laiks
"
}
ls
{
"
Rietum
frikas
ziemas
laiks
"
}
}
"
meta
:
Alaska
"
{
ld
{
"
A
askas
vasaras
laiks
"
}
lg
{
"
A
askas
laiks
"
}
ls
{
"
A
askas
ziemas
laiks
"
}
}
"
meta
:
Amazon
"
{
ld
{
"
Amazones
vasaras
laiks
"
}
lg
{
"
Amazones
laiks
"
}
ls
{
"
Amazones
ziemas
laiks
"
}
}
"
meta
:
America_Central
"
{
ld
{
"
Centr
lais
vasaras
laiks
"
}
lg
{
"
Centr
lais
laiks
"
}
ls
{
"
Centr
lais
ziemas
laiks
"
}
}
"
meta
:
America_Eastern
"
{
ld
{
"
Austrumu
vasaras
laiks
"
}
lg
{
"
Austrumu
laiks
"
}
ls
{
"
Austrumu
ziemas
laiks
"
}
}
"
meta
:
America_Mountain
"
{
ld
{
"
Kalnu
vasaras
laiks
"
}
lg
{
"
Kalnu
laiks
"
}
ls
{
"
Kalnu
ziemas
laiks
"
}
}
"
meta
:
America_Pacific
"
{
ld
{
"
Klus
oke
na
vasaras
laiks
"
}
lg
{
"
Klus
oke
na
laiks
"
}
ls
{
"
Klus
oke
na
ziemas
laiks
"
}
}
"
meta
:
Anadyr
"
{
ld
{
"
Anadiras
vasaras
laiks
"
}
lg
{
"
Anadiras
laiks
"
}
ls
{
"
Anadiras
ziemas
laiks
"
}
}
"
meta
:
Apia
"
{
ld
{
"
Apijas
vasaras
laiks
"
}
lg
{
"
Apijas
laiks
"
}
ls
{
"
Apijas
ziemas
laiks
"
}
}
"
meta
:
Arabian
"
{
ld
{
"
Ar
bijas
pussalas
vasaras
laiks
"
}
lg
{
"
Ar
bijas
pussalas
laiks
"
}
ls
{
"
Ar
bijas
pussalas
ziemas
laiks
"
}
}
"
meta
:
Argentina
"
{
ld
{
"
Argent
nas
vasaras
laiks
"
}
lg
{
"
Argent
nas
laiks
"
}
ls
{
"
Argent
nas
ziemas
laiks
"
}
}
"
meta
:
Argentina_Western
"
{
ld
{
"
Rietumargent
nas
vasaras
laiks
"
}
lg
{
"
Rietumargent
nas
laiks
"
}
ls
{
"
Rietumargent
nas
ziemas
laiks
"
}
}
"
meta
:
Armenia
"
{
ld
{
"
Arm
nijas
vasaras
laiks
"
}
lg
{
"
Arm
nijas
laiks
"
}
ls
{
"
Arm
nijas
ziemas
laiks
"
}
}
"
meta
:
Atlantic
"
{
ld
{
"
Atlantijas
vasaras
laiks
"
}
lg
{
"
Atlantijas
laiks
"
}
ls
{
"
Atlantijas
ziemas
laiks
"
}
}
"
meta
:
Australia_Central
"
{
ld
{
"
Austr
lijas
centr
lais
vasaras
laiks
"
}
lg
{
"
Austr
lijas
centr
lais
laiks
"
}
ls
{
"
Austr
lijas
centr
lais
ziemas
laiks
"
}
}
"
meta
:
Australia_CentralWestern
"
{
ld
{
"
Austr
lijas
centr
lais
rietumu
vasaras
laiks
"
}
lg
{
"
Austr
lijas
centr
lais
rietumu
laiks
"
}
ls
{
"
Austr
lijas
centr
lais
rietumu
ziemas
laiks
"
}
}
"
meta
:
Australia_Eastern
"
{
ld
{
"
Austr
lijas
austrumu
vasaras
laiks
"
}
lg
{
"
Austr
lijas
austrumu
laiks
"
}
ls
{
"
Austr
lijas
austrumu
ziemas
laiks
"
}
}
"
meta
:
Australia_Western
"
{
ld
{
"
Austr
lijas
rietumu
vasaras
laiks
"
}
lg
{
"
Austr
lijas
rietumu
laiks
"
}
ls
{
"
Austr
lijas
rietumu
ziemas
laiks
"
}
}
"
meta
:
Azerbaijan
"
{
ld
{
"
Azerbaid
nas
vasaras
laiks
"
}
lg
{
"
Azerbaid
nas
laiks
"
}
ls
{
"
Azerbaid
nas
ziemas
laiks
"
}
}
"
meta
:
Azores
"
{
ld
{
"
Azoru
salu
vasaras
laiks
"
}
lg
{
"
Azoru
salu
laiks
"
}
ls
{
"
Azoru
salu
ziemas
laiks
"
}
}
"
meta
:
Bangladesh
"
{
ld
{
"
Banglade
as
vasaras
laiks
"
}
lg
{
"
Banglade
as
laiks
"
}
ls
{
"
Banglade
as
ziemas
laiks
"
}
}
"
meta
:
Bhutan
"
{
ls
{
"
But
nas
laiks
"
}
}
"
meta
:
Bolivia
"
{
ls
{
"
Bol
vijas
laiks
"
}
}
"
meta
:
Brasilia
"
{
ld
{
"
Braz
lijas
vasaras
laiks
"
}
lg
{
"
Braz
lijas
laiks
"
}
ls
{
"
Braz
lijas
ziemas
laiks
"
}
}
"
meta
:
Brunei
"
{
ls
{
"
Brunejas
Darusalamas
laiks
"
}
}
"
meta
:
Cape_Verde
"
{
ld
{
"
Kaboverdes
vasaras
laiks
"
}
lg
{
"
Kaboverdes
laiks
"
}
ls
{
"
Kaboverdes
ziemas
laiks
"
}
}
"
meta
:
Chamorro
"
{
ls
{
"
amorra
ziemas
laiks
"
}
}
"
meta
:
Chatham
"
{
ld
{
"
etemas
vasaras
laiks
"
}
lg
{
"
etemas
laiks
"
}
ls
{
"
etemas
ziemas
laiks
"
}
}
"
meta
:
Chile
"
{
ld
{
"
les
vasaras
laiks
"
}
lg
{
"
les
laiks
"
}
ls
{
"
les
ziemas
laiks
"
}
}
"
meta
:
China
"
{
ld
{
"
nas
vasaras
laiks
"
}
lg
{
"
nas
laiks
"
}
ls
{
"
nas
ziemas
laiks
"
}
}
"
meta
:
Choibalsan
"
{
ld
{
"
oibalsanas
vasaras
laiks
"
}
lg
{
"
oibalsanas
laiks
"
}
ls
{
"
oibalsanas
ziemas
laiks
"
}
}
"
meta
:
Christmas
"
{
ls
{
"
Ziemsv
tku
salas
laiks
"
}
}
"
meta
:
Cocos
"
{
ls
{
"
Kokosu
(
K
linga
)
salu
laiks
"
}
}
"
meta
:
Colombia
"
{
ld
{
"
Kolumbijas
vasaras
laiks
"
}
lg
{
"
Kolumbijas
laiks
"
}
ls
{
"
Kolumbijas
ziemas
laiks
"
}
}
"
meta
:
Cook
"
{
ld
{
"
Kuka
salu
vasaras
laiks
"
}
lg
{
"
Kuka
salu
laiks
"
}
ls
{
"
Kuka
salu
ziemas
laiks
"
}
}
"
meta
:
Cuba
"
{
ld
{
"
Kubas
vasaras
laiks
"
}
lg
{
"
Kubas
laiks
"
}
ls
{
"
Kubas
ziemas
laiks
"
}
}
"
meta
:
Davis
"
{
ls
{
"
Deivisas
laiks
"
}
}
"
meta
:
DumontDUrville
"
{
ls
{
"
Dimondirvilas
laiks
"
}
}
"
meta
:
East_Timor
"
{
ls
{
"
Austrumtimoras
laiks
"
}
}
"
meta
:
Easter
"
{
ld
{
"
Lieldienu
salas
vasaras
laiks
"
}
lg
{
"
Lieldienu
salas
laiks
"
}
ls
{
"
Lieldienu
salas
ziemas
laiks
"
}
}
"
meta
:
Ecuador
"
{
ls
{
"
Ekvadoras
laiks
"
}
}
"
meta
:
Europe_Central
"
{
ld
{
"
Centr
leiropas
vasaras
laiks
"
}
lg
{
"
Centr
leiropas
laiks
"
}
ls
{
"
Centr
leiropas
ziemas
laiks
"
}
sd
{
"
CEST
"
}
sg
{
"
CET
"
}
ss
{
"
CET
"
}
}
"
meta
:
Europe_Eastern
"
{
ld
{
"
Austrumeiropas
vasaras
laiks
"
}
lg
{
"
Austrumeiropas
laiks
"
}
ls
{
"
Austrumeiropas
ziemas
laiks
"
}
sd
{
"
EEST
"
}
sg
{
"
EET
"
}
ss
{
"
EET
"
}
}
"
meta
:
Europe_Further_Eastern
"
{
ls
{
"
Austrumeiropas
laika
josla
(
FET
)
"
}
}
"
meta
:
Europe_Western
"
{
ld
{
"
Rietumeiropas
vasaras
laiks
"
}
lg
{
"
Rietumeiropas
laiks
"
}
ls
{
"
Rietumeiropas
ziemas
laiks
"
}
sd
{
"
WEST
"
}
sg
{
"
WET
"
}
ss
{
"
WET
"
}
}
"
meta
:
Falkland
"
{
ld
{
"
Folklenda
(
Malvinu
)
salu
vasaras
laiks
"
}
lg
{
"
Folklenda
(
Malvinu
)
salu
laiks
"
}
ls
{
"
Folklenda
(
Malvinu
)
salu
ziemas
laiks
"
}
}
"
meta
:
Fiji
"
{
ld
{
"
Fid
i
vasaras
laiks
"
}
lg
{
"
Fid
i
laiks
"
}
ls
{
"
Fid
i
ziemas
laiks
"
}
}
"
meta
:
French_Guiana
"
{
ls
{
"
Francijas
Gvi
nas
laiks
"
}
}
"
meta
:
French_Southern
"
{
ls
{
"
Francijas
Dienvidj
ru
un
Antarktikas
teritorijas
laiks
"
}
}
"
meta
:
GMT
"
{
ls
{
"
Grini
as
laiks
"
}
}
"
meta
:
Galapagos
"
{
ls
{
"
Galapagu
laiks
"
}
}
"
meta
:
Gambier
"
{
ls
{
"
Gambj
salu
laiks
"
}
}
"
meta
:
Georgia
"
{
ld
{
"
Gruzijas
vasaras
laiks
"
}
lg
{
"
Gruzijas
laiks
"
}
ls
{
"
Gruzijas
ziemas
laiks
"
}
}
"
meta
:
Gilbert_Islands
"
{
ls
{
"
Gilberta
salu
laiks
"
}
}
"
meta
:
Greenland_Eastern
"
{
ld
{
"
Austrumgrenlandes
vasaras
laiks
"
}
lg
{
"
Austrumgrenlandes
laiks
"
}
ls
{
"
Austrumgrenlandes
ziemas
laiks
"
}
}
"
meta
:
Greenland_Western
"
{
ld
{
"
Rietumgrenlandes
vasaras
laiks
"
}
lg
{
"
Rietumgrenlandes
laiks
"
}
ls
{
"
Rietumgrenlandes
ziemas
laiks
"
}
}
"
meta
:
Gulf
"
{
ls
{
"
Persijas
l
a
laiks
"
}
}
"
meta
:
Guyana
"
{
ls
{
"
Gaj
nas
laiks
"
}
}
"
meta
:
Hawaii_Aleutian
"
{
ld
{
"
Havaju
Aleutu
vasaras
laiks
"
}
lg
{
"
Havaju
Aleutu
laiks
"
}
ls
{
"
Havaju
Aleutu
ziemas
laiks
"
}
}
"
meta
:
Hong_Kong
"
{
ld
{
"
Honkongas
vasaras
laiks
"
}
lg
{
"
Honkongas
laiks
"
}
ls
{
"
Honkongas
ziemas
laiks
"
}
}
"
meta
:
Hovd
"
{
ld
{
"
Hovdas
vasaras
laiks
"
}
lg
{
"
Hovdas
laiks
"
}
ls
{
"
Hovdas
ziemas
laiks
"
}
}
"
meta
:
India
"
{
ls
{
"
Indijas
ziemas
laiks
"
}
}
"
meta
:
Indian_Ocean
"
{
ls
{
"
Indijas
oke
na
laiks
"
}
}
"
meta
:
Indochina
"
{
ls
{
"
Indo
nas
laiks
"
}
}
"
meta
:
Indonesia_Central
"
{
ls
{
"
Centr
lindon
zijas
laiks
"
}
}
"
meta
:
Indonesia_Eastern
"
{
ls
{
"
Austrumindon
zijas
laiks
"
}
}
"
meta
:
Indonesia_Western
"
{
ls
{
"
Rietumindon
zijas
laiks
"
}
}
"
meta
:
Iran
"
{
ld
{
"
Ir
nas
vasaras
laiks
"
}
lg
{
"
Ir
nas
laiks
"
}
ls
{
"
Ir
nas
ziemas
laiks
"
}
}
"
meta
:
Irkutsk
"
{
ld
{
"
Irkutskas
vasaras
laiks
"
}
lg
{
"
Irkutskas
laiks
"
}
ls
{
"
Irkutskas
ziemas
laiks
"
}
}
"
meta
:
Israel
"
{
ld
{
"
Izra
las
vasaras
laiks
"
}
lg
{
"
Izra
las
laiks
"
}
ls
{
"
Izra
las
ziemas
laiks
"
}
}
"
meta
:
Japan
"
{
ld
{
"
Jap
nas
vasaras
laiks
"
}
lg
{
"
Jap
nas
laiks
"
}
ls
{
"
Jap
nas
ziemas
laiks
"
}
}
"
meta
:
Kamchatka
"
{
ld
{
"
Petropavlovskas
-
Kam
atskas
vasaras
laiks
"
}
lg
{
"
Petropavlovskas
-
Kam
atskas
laiks
"
}
ls
{
"
Petropavlovskas
-
Kam
atskas
ziemas
laiks
"
}
}
"
meta
:
Kazakhstan_Eastern
"
{
ls
{
"
Austrumkazahst
nas
laiks
"
}
}
"
meta
:
Kazakhstan_Western
"
{
ls
{
"
Rietumkazahst
nas
laiks
"
}
}
"
meta
:
Korea
"
{
ld
{
"
Korejas
vasaras
laiks
"
}
lg
{
"
Korejas
laiks
"
}
ls
{
"
Korejas
ziemas
laiks
"
}
}
"
meta
:
Kosrae
"
{
ls
{
"
Kosrae
laiks
"
}
}
"
meta
:
Krasnoyarsk
"
{
ld
{
"
Krasnojarskas
vasaras
laiks
"
}
lg
{
"
Krasnojarskas
laiks
"
}
ls
{
"
Krasnojarskas
ziemas
laiks
"
}
}
"
meta
:
Kyrgystan
"
{
ls
{
"
Kirgizst
nas
laiks
"
}
}
"
meta
:
Line_Islands
"
{
ls
{
"
Lainas
salu
laiks
"
}
}
"
meta
:
Lord_Howe
"
{
ld
{
"
Lorda
Hava
salas
vasaras
laiks
"
}
lg
{
"
Lorda
Hava
salas
laiks
"
}
ls
{
"
Lorda
Hava
salas
ziemas
laiks
"
}
}
"
meta
:
Macquarie
"
{
ls
{
"
Makvorija
salas
laiks
"
}
}
"
meta
:
Magadan
"
{
ld
{
"
Magadanas
vasaras
laiks
"
}
lg
{
"
Magadanas
laiks
"
}
ls
{
"
Magadanas
ziemas
laiks
"
}
}
"
meta
:
Malaysia
"
{
ls
{
"
Malaizijas
laiks
"
}
}
"
meta
:
Maldives
"
{
ls
{
"
Mald
vijas
laiks
"
}
}
"
meta
:
Marquesas
"
{
ls
{
"
Mar
za
salu
laiks
"
}
}
"
meta
:
Marshall_Islands
"
{
ls
{
"
M
r
ala
salu
laiks
"
}
}
"
meta
:
Mauritius
"
{
ld
{
"
Maur
cijas
vasaras
laiks
"
}
lg
{
"
Maur
cijas
laiks
"
}
ls
{
"
Maur
cijas
ziemas
laiks
"
}
}
"
meta
:
Mawson
"
{
ls
{
"
Mosonas
laiks
"
}
}
"
meta
:
Mexico_Northwest
"
{
ld
{
"
Zieme
rietumu
Meksikas
vasaras
laiks
"
}
lg
{
"
Zieme
rietumu
Meksikas
laiks
"
}
ls
{
"
Zieme
rietumu
Meksikas
ziemas
laiks
"
}
}
"
meta
:
Mexico_Pacific
"
{
ld
{
"
Meksikas
Klus
oke
na
piekrastes
vasaras
laiks
"
}
lg
{
"
Meksikas
Klus
oke
na
piekrastes
laiks
"
}
ls
{
"
Meksikas
Klus
oke
na
piekrastes
ziemas
laiks
"
}
}
"
meta
:
Mongolia
"
{
ld
{
"
Ulanbatoras
vasaras
laiks
"
}
lg
{
"
Ulanbatoras
laiks
"
}
ls
{
"
Ulanbatoras
ziemas
laiks
"
}
}
"
meta
:
Moscow
"
{
ld
{
"
Maskavas
vasaras
laiks
"
}
lg
{
"
Maskavas
laiks
"
}
ls
{
"
Maskavas
ziemas
laiks
"
}
}
"
meta
:
Myanmar
"
{
ls
{
"
Mjanmas
laiks
"
}
}
"
meta
:
Nauru
"
{
ls
{
"
Nauru
laiks
"
}
}
"
meta
:
Nepal
"
{
ls
{
"
Nep
las
laiks
"
}
}
"
meta
:
New_Caledonia
"
{
ld
{
"
Jaunkaledonijas
vasaras
laiks
"
}
lg
{
"
Jaunkaledonijas
laiks
"
}
ls
{
"
Jaunkaledonijas
ziemas
laiks
"
}
}
"
meta
:
New_Zealand
"
{
ld
{
"
Jaunz
landes
vasaras
laiks
"
}
lg
{
"
Jaunz
landes
laiks
"
}
ls
{
"
Jaunz
landes
ziemas
laiks
"
}
}
"
meta
:
Newfoundland
"
{
ld
{
"
faundlendas
vasaras
laiks
"
}
lg
{
"
faundlendas
laiks
"
}
ls
{
"
faundlendas
ziemas
laiks
"
}
}
"
meta
:
Niue
"
{
ls
{
"
Niues
laiks
"
}
}
"
meta
:
Norfolk
"
{
ls
{
"
Norfolkas
salas
laiks
"
}
}
"
meta
:
Noronha
"
{
ld
{
"
Fernandu
di
Noro
as
vasaras
laiks
"
}
lg
{
"
Fernandu
di
Noro
as
laiks
"
}
ls
{
"
Fernandu
di
Noro
as
ziemas
laiks
"
}
}
"
meta
:
Novosibirsk
"
{
ld
{
"
Novosibirskas
vasaras
laiks
"
}
lg
{
"
Novosibirskas
laiks
"
}
ls
{
"
Novosibirskas
ziemas
laiks
"
}
}
"
meta
:
Omsk
"
{
ld
{
"
Omskas
vasaras
laiks
"
}
lg
{
"
Omskas
laiks
"
}
ls
{
"
Omskas
ziemas
laiks
"
}
}
"
meta
:
Pakistan
"
{
ld
{
"
Pakist
nas
vasaras
laiks
"
}
lg
{
"
Pakist
nas
laiks
"
}
ls
{
"
Pakist
nas
ziemas
laiks
"
}
}
"
meta
:
Palau
"
{
ls
{
"
Palau
laiks
"
}
}
"
meta
:
Papua_New_Guinea
"
{
ls
{
"
Papua
-
Jaungvinejas
laiks
"
}
}
"
meta
:
Paraguay
"
{
ld
{
"
Paragvajas
vasaras
laiks
"
}
lg
{
"
Paragvajas
laiks
"
}
ls
{
"
Paragvajas
ziemas
laiks
"
}
}
"
meta
:
Peru
"
{
ld
{
"
Peru
vasaras
laiks
"
}
lg
{
"
Peru
laiks
"
}
ls
{
"
Peru
ziemas
laiks
"
}
}
"
meta
:
Philippines
"
{
ld
{
"
Filip
nu
vasaras
laiks
"
}
lg
{
"
Filip
nu
laiks
"
}
ls
{
"
Filip
nu
ziemas
laiks
"
}
}
"
meta
:
Phoenix_Islands
"
{
ls
{
"
F
niksa
salu
laiks
"
}
}
"
meta
:
Pierre_Miquelon
"
{
ld
{
"
Senpj
ras
un
Mikelonas
vasaras
laiks
"
}
lg
{
"
Senpj
ras
un
Mikelonas
laiks
"
}
ls
{
"
Senpj
ras
un
Mikelonas
ziemas
laiks
"
}
}
"
meta
:
Pitcairn
"
{
ls
{
"
Pitk
rnas
laiks
"
}
}
"
meta
:
Ponape
"
{
ls
{
"
Ponap
laiks
"
}
}
"
meta
:
Pyongyang
"
{
ls
{
"
Phenjanas
laiks
"
}
}
"
meta
:
Reunion
"
{
ls
{
"
Reinjonas
laiks
"
}
}
"
meta
:
Rothera
"
{
ls
{
"
Roteras
laiks
"
}
}
"
meta
:
Sakhalin
"
{
ld
{
"
Sahal
nas
vasaras
laiks
"
}
lg
{
"
Sahal
nas
laiks
"
}
ls
{
"
Sahal
nas
ziemas
laiks
"
}
}
"
meta
:
Samara
"
{
ld
{
"
Samaras
vasaras
laiks
"
}
lg
{
"
Samaras
laiks
"
}
ls
{
"
Samaras
ziemas
laiks
"
}
}
"
meta
:
Samoa
"
{
ld
{
"
Samoa
vasaras
laiks
"
}
lg
{
"
Samoa
laiks
"
}
ls
{
"
Samoa
ziemas
laiks
"
}
}
"
meta
:
Seychelles
"
{
ls
{
"
Sei
e
u
salu
laiks
"
}
}
"
meta
:
Singapore
"
{
ls
{
"
Singap
ras
laiks
"
}
}
"
meta
:
Solomon
"
{
ls
{
"
Z
lamana
salu
laiks
"
}
}
"
meta
:
South_Georgia
"
{
ls
{
"
Dienvidd
ord
ijas
laiks
"
}
}
"
meta
:
Suriname
"
{
ls
{
"
Surinamas
laiks
"
}
}
"
meta
:
Syowa
"
{
ls
{
"
ovas
laiks
"
}
}
"
meta
:
Tahiti
"
{
ls
{
"
Taiti
laiks
"
}
}
"
meta
:
Taipei
"
{
ld
{
"
Taibei
vasaras
laiks
"
}
lg
{
"
Taibei
laiks
"
}
ls
{
"
Taibei
ziemas
laiks
"
}
}
"
meta
:
Tajikistan
"
{
ls
{
"
Tad
ikist
nas
laiks
"
}
}
"
meta
:
Tokelau
"
{
ls
{
"
Tokelau
laiks
"
}
}
"
meta
:
Tonga
"
{
ld
{
"
Tongas
vasaras
laiks
"
}
lg
{
"
Tongas
laiks
"
}
ls
{
"
Tongas
ziemas
laiks
"
}
}
"
meta
:
Truk
"
{
ls
{
"
kas
laiks
"
}
}
"
meta
:
Turkmenistan
"
{
ld
{
"
Turkmenist
nas
vasaras
laiks
"
}
lg
{
"
Turkmenist
nas
laiks
"
}
ls
{
"
Turkmenist
nas
ziemas
laiks
"
}
}
"
meta
:
Tuvalu
"
{
ls
{
"
Tuvalu
laiks
"
}
}
"
meta
:
Uruguay
"
{
ld
{
"
Urugvajas
vasaras
laiks
"
}
lg
{
"
Urugvajas
laiks
"
}
ls
{
"
Urugvajas
ziemas
laiks
"
}
}
"
meta
:
Uzbekistan
"
{
ld
{
"
Uzbekist
nas
vasaras
laiks
"
}
lg
{
"
Uzbekist
nas
laiks
"
}
ls
{
"
Uzbekist
nas
ziemas
laiks
"
}
}
"
meta
:
Vanuatu
"
{
ld
{
"
Vanuatu
vasaras
laiks
"
}
lg
{
"
Vanuatu
laiks
"
}
ls
{
"
Vanuatu
ziemas
laiks
"
}
}
"
meta
:
Venezuela
"
{
ls
{
"
Venecu
las
laiks
"
}
}
"
meta
:
Vladivostok
"
{
ld
{
"
Vladivostokas
vasaras
laiks
"
}
lg
{
"
Vladivostokas
laiks
"
}
ls
{
"
Vladivostokas
ziemas
laiks
"
}
}
"
meta
:
Volgograd
"
{
ld
{
"
Volgogradas
vasaras
laiks
"
}
lg
{
"
Volgogradas
laiks
"
}
ls
{
"
Volgogradas
ziemas
laiks
"
}
}
"
meta
:
Vostok
"
{
ls
{
"
Vostokas
laiks
"
}
}
"
meta
:
Wake
"
{
ls
{
"
Veika
salas
laiks
"
}
}
"
meta
:
Wallis
"
{
ls
{
"
Volisas
un
Futunas
laiks
"
}
}
"
meta
:
Yakutsk
"
{
ld
{
"
Jakutskas
vasaras
laiks
"
}
lg
{
"
Jakutskas
laiks
"
}
ls
{
"
Jakutskas
ziemas
laiks
"
}
}
"
meta
:
Yekaterinburg
"
{
ld
{
"
Jekaterinburgas
vasaras
laiks
"
}
lg
{
"
Jekaterinburgas
laiks
"
}
ls
{
"
Jekaterinburgas
ziemas
laiks
"
}
}
fallbackFormat
{
"
{
0
}
(
{
1
}
)
"
}
gmtFormat
{
"
GMT
{
0
}
"
}
gmtZeroFormat
{
"
GMT
"
}
hourFormat
{
"
+
HH
:
mm
;
-
HH
:
mm
"
}
regionFormat
{
"
Laika
josla
:
{
0
}
"
}
regionFormatDaylight
{
"
{
0
}
:
vasaras
laiks
"
}
regionFormatStandard
{
"
{
0
}
:
standarta
laiks
"
}
}
}
