/
/
2016
and
later
:
Unicode
Inc
.
and
others
.
/
/
License
&
terms
of
use
:
http
:
/
/
www
.
unicode
.
org
/
copyright
.
html
#
License
pcm
{
Version
{
"
37
"
}
zoneStrings
{
"
Africa
:
Abidjan
"
{
ec
{
"
bijan
"
}
}
"
Africa
:
Accra
"
{
ec
{
"
Akr
"
}
}
"
Africa
:
Addis_Ababa
"
{
ec
{
"
Ad
Ab
ba
"
}
}
"
Africa
:
Algiers
"
{
ec
{
"
Alj
z
"
}
}
"
Africa
:
Asmera
"
{
ec
{
"
Asm
ra
"
}
}
"
Africa
:
Bamako
"
{
ec
{
"
Bam
ko
"
}
}
"
Africa
:
Bangui
"
{
ec
{
"
Bang
i
"
}
}
"
Africa
:
Banjul
"
{
ec
{
"
Banjul
"
}
}
"
Africa
:
Bissau
"
{
ec
{
"
Bisau
"
}
}
"
Africa
:
Blantyre
"
{
ec
{
"
Blant
ya
"
}
}
"
Africa
:
Brazzaville
"
{
ec
{
"
Br
zavil
"
}
}
"
Africa
:
Bujumbura
"
{
ec
{
"
Bujumb
ra
"
}
}
"
Africa
:
Cairo
"
{
ec
{
"
Ka
ro
"
}
}
"
Africa
:
Casablanca
"
{
ec
{
"
Kasabl
nka
"
}
}
"
Africa
:
Ceuta
"
{
ec
{
"
S
ta
"
}
}
"
Africa
:
Conakry
"
{
ec
{
"
K
n
kri
"
}
}
"
Africa
:
Dakar
"
{
ec
{
"
Dak
r
"
}
}
"
Africa
:
Dar_es_Salaam
"
{
ec
{
"
Dar
s
Salam
"
}
}
"
Africa
:
Djibouti
"
{
ec
{
"
Jib
ti
"
}
}
"
Africa
:
Douala
"
{
ec
{
"
Du
la
"
}
}
"
Africa
:
El_Aaiun
"
{
ec
{
"
l
Aiun
"
}
}
"
Africa
:
Freetown
"
{
ec
{
"
Fr
taun
"
}
}
"
Africa
:
Gaborone
"
{
ec
{
"
H
bor
n
"
}
}
"
Africa
:
Harare
"
{
ec
{
"
Har
r
"
}
}
"
Africa
:
Johannesburg
"
{
ec
{
"
Joh
n
sb
g
"
}
}
"
Africa
:
Juba
"
{
ec
{
"
J
ba
"
}
}
"
Africa
:
Kampala
"
{
ec
{
"
Kamp
la
"
}
}
"
Africa
:
Khartoum
"
{
ec
{
"
Kartum
"
}
}
"
Africa
:
Kigali
"
{
ec
{
"
Kig
li
"
}
}
"
Africa
:
Kinshasa
"
{
ec
{
"
Kinsh
sha
"
}
}
"
Africa
:
Lagos
"
{
ec
{
"
L
gos
"
}
}
"
Africa
:
Libreville
"
{
ec
{
"
L
br
vil
"
}
}
"
Africa
:
Lome
"
{
ec
{
"
L
m
"
}
}
"
Africa
:
Luanda
"
{
ec
{
"
Lu
nda
"
}
}
"
Africa
:
Lubumbashi
"
{
ec
{
"
Lubumb
shi
"
}
}
"
Africa
:
Lusaka
"
{
ec
{
"
Lus
ka
"
}
}
"
Africa
:
Malabo
"
{
ec
{
"
Mal
bo
"
}
}
"
Africa
:
Maputo
"
{
ec
{
"
Map
to
"
}
}
"
Africa
:
Maseru
"
{
ec
{
"
Mas
ru
"
}
}
"
Africa
:
Mbabane
"
{
ec
{
"
Mbab
n
"
}
}
"
Africa
:
Mogadishu
"
{
ec
{
"
M
g
d
shu
"
}
}
"
Africa
:
Monrovia
"
{
ec
{
"
Monr
via
"
}
}
"
Africa
:
Nairobi
"
{
ec
{
"
Na
r
bi
"
}
}
"
Africa
:
Ndjamena
"
{
ec
{
"
Njam
na
"
}
}
"
Africa
:
Niamey
"
{
ec
{
"
Ni
me
"
}
}
"
Africa
:
Nouakchott
"
{
ec
{
"
Nou
ksh
t
"
}
}
"
Africa
:
Ouagadougou
"
{
ec
{
"
Ouagad
gu
"
}
}
"
Africa
:
Porto
-
Novo
"
{
ec
{
"
P
to
-
N
vo
"
}
}
"
Africa
:
Sao_Tome
"
{
ec
{
"
Sao
T
m
"
}
}
"
Africa
:
Tripoli
"
{
ec
{
"
Tr
p
li
"
}
}
"
Africa
:
Tunis
"
{
ec
{
"
T
nis
"
}
}
"
Africa
:
Windhoek
"
{
ec
{
"
W
ndhok
"
}
}
"
America
:
Adak
"
{
ec
{
"
dak
"
}
}
"
America
:
Anchorage
"
{
ec
{
"
nk
rej
"
}
}
"
America
:
Anguilla
"
{
ec
{
"
Angw
la
"
}
}
"
America
:
Antigua
"
{
ec
{
"
Ant
gwua
"
}
}
"
America
:
Araguaina
"
{
ec
{
"
Aragwua
na
"
}
}
"
America
:
Argentina
:
La_Rioja
"
{
ec
{
"
La
Ri
kha
"
}
}
"
America
:
Argentina
:
Rio_Gallegos
"
{
ec
{
"
Ri
Gal
g
s
"
}
}
"
America
:
Argentina
:
Salta
"
{
ec
{
"
S
lta
"
}
}
"
America
:
Argentina
:
San_Juan
"
{
ec
{
"
San
Hwan
"
}
}
"
America
:
Argentina
:
San_Luis
"
{
ec
{
"
San
Luis
"
}
}
"
America
:
Argentina
:
Tucuman
"
{
ec
{
"
T
k
man
"
}
}
"
America
:
Argentina
:
Ushuaia
"
{
ec
{
"
Usu
ya
"
}
}
"
America
:
Aruba
"
{
ec
{
"
Ar
ba
"
}
}
"
America
:
Asuncion
"
{
ec
{
"
Asunsi
n
"
}
}
"
America
:
Bahia
"
{
ec
{
"
Bah
a
"
}
}
"
America
:
Bahia_Banderas
"
{
ec
{
"
Bah
a
Band
ras
"
}
}
"
America
:
Barbados
"
{
ec
{
"
Barb
d
s
"
}
}
"
America
:
Belem
"
{
ec
{
"
B
l
m
"
}
}
"
America
:
Belize
"
{
ec
{
"
B
liz
"
}
}
"
America
:
Blanc
-
Sablon
"
{
ec
{
"
Blank
-
S
bl
n
"
}
}
"
America
:
Boa_Vista
"
{
ec
{
"
B
a
V
sta
"
}
}
"
America
:
Bogota
"
{
ec
{
"
Bogota
"
}
}
"
America
:
Boise
"
{
ec
{
"
B
si
"
}
}
"
America
:
Buenos_Aires
"
{
ec
{
"
Bu
nos
A
r
s
"
}
}
"
America
:
Cambridge_Bay
"
{
ec
{
"
K
mbr
j
B
"
}
}
"
America
:
Campo_Grande
"
{
ec
{
"
Kamp
Gr
nd
"
}
}
"
America
:
Cancun
"
{
ec
{
"
Kankun
"
}
}
"
America
:
Caracas
"
{
ec
{
"
Kar
kas
"
}
}
"
America
:
Catamarca
"
{
ec
{
"
Katam
ka
"
}
}
"
America
:
Cayenne
"
{
ec
{
"
Kay
n
"
}
}
"
America
:
Cayman
"
{
ec
{
"
K
man
"
}
}
"
America
:
Chicago
"
{
ec
{
"
Chik
go
"
}
}
"
America
:
Chihuahua
"
{
ec
{
"
Chiwu
wua
"
}
}
"
America
:
Coral_Harbour
"
{
ec
{
"
At
k
kan
"
}
}
"
America
:
Cordoba
"
{
ec
{
"
K
rdoba
"
}
}
"
America
:
Costa_Rica
"
{
ec
{
"
K
sta
R
ka
"
}
}
"
America
:
Creston
"
{
ec
{
"
Kr
st
n
"
}
}
"
America
:
Cuiaba
"
{
ec
{
"
K
y
baa
"
}
}
"
America
:
Curacao
"
{
ec
{
"
Kiur
sao
"
}
}
"
America
:
Danmarkshavn
"
{
ec
{
"
Danm
ksh
vun
"
}
}
"
America
:
Dawson
"
{
ec
{
"
D
s
n
"
}
}
"
America
:
Dawson_Creek
"
{
ec
{
"
D
s
n
Krik
"
}
}
"
America
:
Denver
"
{
ec
{
"
D
nva
"
}
}
"
America
:
Detroit
"
{
ec
{
"
Ditr
it
"
}
}
"
America
:
Dominica
"
{
ec
{
"
D
m
n
ka
"
}
}
"
America
:
Edmonton
"
{
ec
{
"
dm
nt
n
"
}
}
"
America
:
Eirunepe
"
{
ec
{
"
irun
p
"
}
}
"
America
:
El_Salvador
"
{
ec
{
"
El
S
lv
d
"
}
}
"
America
:
Fort_Nelson
"
{
ec
{
"
F
t
N
lson
"
}
}
"
America
:
Fortaleza
"
{
ec
{
"
F
tal
za
"
}
}
"
America
:
Glace_Bay
"
{
ec
{
"
Gl
s
B
"
}
}
"
America
:
Godthab
"
{
ec
{
"
Nuuk
"
}
}
"
America
:
Goose_Bay
"
{
ec
{
"
G
z
B
"
}
}
"
America
:
Grand_Turk
"
{
ec
{
"
Gr
nd
T
k
"
}
}
"
America
:
Grenada
"
{
ec
{
"
Gr
n
da
"
}
}
"
America
:
Guadeloupe
"
{
ec
{
"
Guadal
p
"
}
}
"
America
:
Guatemala
"
{
ec
{
"
Gu
t
m
la
"
}
}
"
America
:
Guayaquil
"
{
ec
{
"
Gu
yakil
"
}
}
"
America
:
Guyana
"
{
ec
{
"
Gay
na
"
}
}
"
America
:
Halifax
"
{
ec
{
"
H
l
faks
"
}
}
"
America
:
Havana
"
{
ec
{
"
Hav
na
"
}
}
"
America
:
Hermosillo
"
{
ec
{
"
H
m
s
lo
"
}
}
"
America
:
Indiana
:
Knox
"
{
ec
{
"
N
ks
Indi
na
"
}
}
"
America
:
Indiana
:
Marengo
"
{
ec
{
"
Mar
ngo
Indi
na
"
}
}
"
America
:
Indiana
:
Petersburg
"
{
ec
{
"
P
t
sb
g
Indi
na
"
}
}
"
America
:
Indiana
:
Tell_City
"
{
ec
{
"
T
l
S
ti
Indi
na
"
}
}
"
America
:
Indiana
:
Vevay
"
{
ec
{
"
V
ve
Indi
na
"
}
}
"
America
:
Indiana
:
Vincennes
"
{
ec
{
"
V
ns
n
Indi
na
"
}
}
"
America
:
Indiana
:
Winamac
"
{
ec
{
"
W
n
mak
Indi
na
"
}
}
"
America
:
Indianapolis
"
{
ec
{
"
Indi
n
p
lis
"
}
}
"
America
:
Inuvik
"
{
ec
{
"
In
vik
"
}
}
"
America
:
Iqaluit
"
{
ec
{
"
Ik
luit
"
}
}
"
America
:
Jamaica
"
{
ec
{
"
Jama
ka
"
}
}
"
America
:
Jujuy
"
{
ec
{
"
Huhui
"
}
}
"
America
:
Juneau
"
{
ec
{
"
J
no
"
}
}
"
America
:
Kentucky
:
Monticello
"
{
ec
{
"
M
nt
ch
lo
K
nt
ki
"
}
}
"
America
:
Kralendijk
"
{
ec
{
"
Kr
l
ndijk
"
}
}
"
America
:
La_Paz
"
{
ec
{
"
La
Paz
"
}
}
"
America
:
Lima
"
{
ec
{
"
L
ma
"
}
}
"
America
:
Los_Angeles
"
{
ec
{
"
L
s
nj
lis
"
}
}
"
America
:
Louisville
"
{
ec
{
"
Lu
vil
"
}
}
"
America
:
Lower_Princes
"
{
ec
{
"
L
w
Pr
ns
Im
Kw
ta
"
}
}
"
America
:
Maceio
"
{
ec
{
"
Mas
io
"
}
}
"
America
:
Managua
"
{
ec
{
"
Man
gua
"
}
}
"
America
:
Manaus
"
{
ec
{
"
Man
us
"
}
}
"
America
:
Marigot
"
{
ec
{
"
M
r
g
t
"
}
}
"
America
:
Martinique
"
{
ec
{
"
Mat
nik
"
}
}
"
America
:
Matamoros
"
{
ec
{
"
M
tam
ros
"
}
}
"
America
:
Mazatlan
"
{
ec
{
"
Maz
tlan
"
}
}
"
America
:
Mendoza
"
{
ec
{
"
M
nd
za
"
}
}
"
America
:
Menominee
"
{
ec
{
"
M
n
minii
"
}
}
"
America
:
Merida
"
{
ec
{
"
M
r
da
"
}
}
"
America
:
Metlakatla
"
{
ec
{
"
M
tlak
tla
"
}
}
"
America
:
Mexico_City
"
{
ec
{
"
M
ks
k
S
ti
"
}
}
"
America
:
Miquelon
"
{
ec
{
"
M
k
l
n
"
}
}
"
America
:
Moncton
"
{
ec
{
"
M
nkt
n
"
}
}
"
America
:
Monterrey
"
{
ec
{
"
M
nt
r
"
}
}
"
America
:
Montevideo
"
{
ec
{
"
M
nt
vid
o
"
}
}
"
America
:
Montserrat
"
{
ec
{
"
M
nts
rat
"
}
}
"
America
:
Nassau
"
{
ec
{
"
N
ss
u
"
}
}
"
America
:
New_York
"
{
ec
{
"
Ni
Y
k
"
}
}
"
America
:
Nipigon
"
{
ec
{
"
N
p
g
n
"
}
}
"
America
:
Nome
"
{
ec
{
"
Noom
"
}
}
"
America
:
Noronha
"
{
ec
{
"
N
r
nia
"
}
}
"
America
:
North_Dakota
:
Beulah
"
{
ec
{
"
Bi
la
N
t
Dak
ta
"
}
}
"
America
:
North_Dakota
:
Center
"
{
ec
{
"
S
nta
N
t
Dak
ta
"
}
}
"
America
:
North_Dakota
:
New_Salem
"
{
ec
{
"
Ni
S
l
m
N
t
Dak
ta
"
}
}
"
America
:
Ojinaga
"
{
ec
{
"
Okhin
ga
"
}
}
"
America
:
Panama
"
{
ec
{
"
P
n
ma
"
}
}
"
America
:
Pangnirtung
"
{
ec
{
"
Pangn
rtung
"
}
}
"
America
:
Paramaribo
"
{
ec
{
"
P
r
maribo
"
}
}
"
America
:
Phoenix
"
{
ec
{
"
F
niks
"
}
}
"
America
:
Port
-
au
-
Prince
"
{
ec
{
"
P
t
-
o
-
Prins
"
}
}
"
America
:
Port_of_Spain
"
{
ec
{
"
P
t
f
Spen
"
}
}
"
America
:
Porto_Velho
"
{
ec
{
"
P
to
V
lho
"
}
}
"
America
:
Puerto_Rico
"
{
ec
{
"
Pu
rto
R
k
"
}
}
"
America
:
Punta_Arenas
"
{
ec
{
"
P
nt
Ar
nas
"
}
}
"
America
:
Rainy_River
"
{
ec
{
"
R
n
R
va
"
}
}
"
America
:
Rankin_Inlet
"
{
ec
{
"
R
nk
n
nl
t
"
}
}
"
America
:
Recife
"
{
ec
{
"
R
s
f
"
}
}
"
America
:
Regina
"
{
ec
{
"
R
j
na
"
}
}
"
America
:
Resolute
"
{
ec
{
"
R
z
lut
"
}
}
"
America
:
Rio_Branco
"
{
ec
{
"
Ri
Br
nko
"
}
}
"
America
:
Santarem
"
{
ec
{
"
Santar
m
"
}
}
"
America
:
Santiago
"
{
ec
{
"
Santi
go
"
}
}
"
America
:
Santo_Domingo
"
{
ec
{
"
S
nt
Dom
ngo
"
}
}
"
America
:
Sao_Paulo
"
{
ec
{
"
Sao
Pa
lo
"
}
}
"
America
:
Scoresbysund
"
{
ec
{
"
It
kot
rmit
"
}
}
"
America
:
Sitka
"
{
ec
{
"
Sitka
"
}
}
"
America
:
St_Barthelemy
"
{
ec
{
"
Sent
Bat
l
mi
"
}
}
"
America
:
St_Johns
"
{
ec
{
"
Sent
J
n
"
}
}
"
America
:
St_Kitts
"
{
ec
{
"
Sent
Kits
"
}
}
"
America
:
St_Lucia
"
{
ec
{
"
Sent
L
shia
"
}
}
"
America
:
St_Thomas
"
{
ec
{
"
Sent
T
m
s
"
}
}
"
America
:
St_Vincent
"
{
ec
{
"
Sent
V
ns
nt
"
}
}
"
America
:
Swift_Current
"
{
ec
{
"
Sw
ft
K
r
nt
"
}
}
"
America
:
Tegucigalpa
"
{
ec
{
"
T
g
sig
lpa
"
}
}
"
America
:
Thule
"
{
ec
{
"
T
li
"
}
}
"
America
:
Thunder_Bay
"
{
ec
{
"
T
nda
B
"
}
}
"
America
:
Tijuana
"
{
ec
{
"
Tikhu
na
"
}
}
"
America
:
Toronto
"
{
ec
{
"
Tor
nto
"
}
}
"
America
:
Tortola
"
{
ec
{
"
T
t
la
"
}
}
"
America
:
Vancouver
"
{
ec
{
"
Vank
va
"
}
}
"
America
:
Whitehorse
"
{
ec
{
"
Wa
th
s
"
}
}
"
America
:
Winnipeg
"
{
ec
{
"
W
n
p
g
"
}
}
"
America
:
Yakutat
"
{
ec
{
"
Yak
tat
"
}
}
"
America
:
Yellowknife
"
{
ec
{
"
Y
l
naif
"
}
}
"
Antarctica
:
Casey
"
{
ec
{
"
K
si
"
}
}
"
Antarctica
:
Davis
"
{
ec
{
"
D
vis
"
}
}
"
Antarctica
:
DumontDUrville
"
{
ec
{
"
Di
m
n
-
d
Uvil
"
}
}
"
Antarctica
:
Macquarie
"
{
ec
{
"
Makwu
"
}
}
"
Antarctica
:
Mawson
"
{
ec
{
"
M
s
n
"
}
}
"
Antarctica
:
McMurdo
"
{
ec
{
"
McM
do
"
}
}
"
Antarctica
:
Palmer
"
{
ec
{
"
P
ma
"
}
}
"
Antarctica
:
Rothera
"
{
ec
{
"
Rot
ra
"
}
}
"
Antarctica
:
Syowa
"
{
ec
{
"
Si
wa
"
}
}
"
Antarctica
:
Troll
"
{
ec
{
"
Trol
"
}
}
"
Antarctica
:
Vostok
"
{
ec
{
"
V
st
k
"
}
}
"
Arctic
:
Longyearbyen
"
{
ec
{
"
L
ngy
abi
n
"
}
}
"
Asia
:
Aden
"
{
ec
{
"
d
n
"
}
}
"
Asia
:
Almaty
"
{
ec
{
"
lm
ti
"
}
}
"
Asia
:
Amman
"
{
ec
{
"
Aman
"
}
}
"
Asia
:
Anadyr
"
{
ec
{
"
nadiar
"
}
}
"
Asia
:
Aqtau
"
{
ec
{
"
Akt
u
"
}
}
"
Asia
:
Aqtobe
"
{
ec
{
"
Akt
b
"
}
}
"
Asia
:
Ashgabat
"
{
ec
{
"
shgabat
"
}
}
"
Asia
:
Atyrau
"
{
ec
{
"
t
rau
"
}
}
"
Asia
:
Baghdad
"
{
ec
{
"
B
gdad
"
}
}
"
Asia
:
Bahrain
"
{
ec
{
"
Bahr
n
"
}
}
"
Asia
:
Baku
"
{
ec
{
"
Baku
"
}
}
"
Asia
:
Bangkok
"
{
ec
{
"
B
nk
k
"
}
}
"
Asia
:
Barnaul
"
{
ec
{
"
B
rn
ul
"
}
}
"
Asia
:
Beirut
"
{
ec
{
"
B
rut
"
}
}
"
Asia
:
Bishkek
"
{
ec
{
"
Bishk
k
"
}
}
"
Asia
:
Brunei
"
{
ec
{
"
Brun
i
"
}
}
"
Asia
:
Calcutta
"
{
ec
{
"
Kolk
ta
"
}
}
"
Asia
:
Chita
"
{
ec
{
"
Ch
t
"
}
}
"
Asia
:
Choibalsan
"
{
ec
{
"
Choib
lsan
"
}
}
"
Asia
:
Colombo
"
{
ec
{
"
Kol
mbo
"
}
}
"
Asia
:
Damascus
"
{
ec
{
"
Dam
sk
s
"
}
}
"
Asia
:
Dhaka
"
{
ec
{
"
D
ka
"
}
}
"
Asia
:
Dili
"
{
ec
{
"
D
li
"
}
}
"
Asia
:
Dubai
"
{
ec
{
"
Dubai
"
}
}
"
Asia
:
Dushanbe
"
{
ec
{
"
Dush
nb
"
}
}
"
Asia
:
Famagusta
"
{
ec
{
"
Fag
sta
"
}
}
"
Asia
:
Gaza
"
{
ec
{
"
G
za
"
}
}
"
Asia
:
Hebron
"
{
ec
{
"
H
br
n
"
}
}
"
Asia
:
Hong_Kong
"
{
ec
{
"
H
ng
K
ng
"
}
}
"
Asia
:
Hovd
"
{
ec
{
"
Hovd
"
}
}
"
Asia
:
Irkutsk
"
{
ec
{
"
Irk
tsk
"
}
}
"
Asia
:
Jakarta
"
{
ec
{
"
Jak
ta
"
}
}
"
Asia
:
Jayapura
"
{
ec
{
"
Jayap
ra
"
}
}
"
Asia
:
Jerusalem
"
{
ec
{
"
J
r
s
l
m
"
}
}
"
Asia
:
Kabul
"
{
ec
{
"
Kabul
"
}
}
"
Asia
:
Kamchatka
"
{
ec
{
"
Kamch
tk
"
}
}
"
Asia
:
Karachi
"
{
ec
{
"
Kar
chi
"
}
}
"
Asia
:
Katmandu
"
{
ec
{
"
Katm
ndu
"
}
}
"
Asia
:
Khandyga
"
{
ec
{
"
Kand
ga
"
}
}
"
Asia
:
Krasnoyarsk
"
{
ec
{
"
Krasnoyask
"
}
}
"
Asia
:
Kuala_Lumpur
"
{
ec
{
"
Ku
la
L
mp
"
}
}
"
Asia
:
Kuching
"
{
ec
{
"
Kuching
"
}
}
"
Asia
:
Kuwait
"
{
ec
{
"
Kuwet
"
}
}
"
Asia
:
Macau
"
{
ec
{
"
Mak
o
"
}
}
"
Asia
:
Magadan
"
{
ec
{
"
M
g
dan
"
}
}
"
Asia
:
Makassar
"
{
ec
{
"
Mak
sa
"
}
}
"
Asia
:
Manila
"
{
ec
{
"
Man
la
"
}
}
"
Asia
:
Muscat
"
{
ec
{
"
M
skat
"
}
}
"
Asia
:
Nicosia
"
{
ec
{
"
Nikosia
"
}
}
"
Asia
:
Novokuznetsk
"
{
ec
{
"
Novokuzn
sk
"
}
}
"
Asia
:
Novosibirsk
"
{
ec
{
"
Novosibisk
"
}
}
"
Asia
:
Omsk
"
{
ec
{
"
msk
"
}
}
"
Asia
:
Oral
"
{
ec
{
"
ral
"
}
}
"
Asia
:
Phnom_Penh
"
{
ec
{
"
Fn
m
P
n
"
}
}
"
Asia
:
Pontianak
"
{
ec
{
"
P
nti
nak
"
}
}
"
Asia
:
Pyongyang
"
{
ec
{
"
Pi
ngyang
"
}
}
"
Asia
:
Qatar
"
{
ec
{
"
K
ta
"
}
}
"
Asia
:
Qostanay
"
{
ec
{
"
Kost
nai
"
}
}
"
Asia
:
Qyzylorda
"
{
ec
{
"
K
zil
da
"
}
}
"
Asia
:
Rangoon
"
{
ec
{
"
Yang
n
"
}
}
"
Asia
:
Riyadh
"
{
ec
{
"
Riy
d
"
}
}
"
Asia
:
Saigon
"
{
ec
{
"
H
Chi
M
n
S
ti
"
}
}
"
Asia
:
Sakhalin
"
{
ec
{
"
S
khalin
"
}
}
"
Asia
:
Samarkand
"
{
ec
{
"
S
m
kand
"
}
}
"
Asia
:
Seoul
"
{
ec
{
"
Sol
"
}
}
"
Asia
:
Shanghai
"
{
ec
{
"
Sh
nghai
"
}
}
"
Asia
:
Singapore
"
{
ec
{
"
Singap
"
}
}
"
Asia
:
Srednekolymsk
"
{
ec
{
"
Sr
dn
kolimsk
"
}
}
"
Asia
:
Taipei
"
{
ec
{
"
Taip
i
"
}
}
"
Asia
:
Tashkent
"
{
ec
{
"
T
shk
nt
"
}
}
"
Asia
:
Tbilisi
"
{
ec
{
"
Tibl
si
"
}
}
"
Asia
:
Tehran
"
{
ec
{
"
T
ran
"
}
}
"
Asia
:
Thimphu
"
{
ec
{
"
T
mfu
"
}
}
"
Asia
:
Tokyo
"
{
ec
{
"
T
kyo
"
}
}
"
Asia
:
Tomsk
"
{
ec
{
"
Tomsk
"
}
}
"
Asia
:
Ulaanbaatar
"
{
ec
{
"
Ulanb
ta
"
}
}
"
Asia
:
Urumqi
"
{
ec
{
"
Yur
mki
"
}
}
"
Asia
:
Ust
-
Nera
"
{
ec
{
"
Ust
-
N
ra
"
}
}
"
Asia
:
Vientiane
"
{
ec
{
"
Vi
nti
n
"
}
}
"
Asia
:
Vladivostok
"
{
ec
{
"
Vladiv
st
k
"
}
}
"
Asia
:
Yakutsk
"
{
ec
{
"
Y
k
tsk
"
}
}
"
Asia
:
Yekaterinburg
"
{
ec
{
"
Y
ket
r
nbug
"
}
}
"
Asia
:
Yerevan
"
{
ec
{
"
Y
r
van
"
}
}
"
Atlantic
:
Azores
"
{
ec
{
"
Az
z
"
}
}
"
Atlantic
:
Bermuda
"
{
ec
{
"
B
mi
da
"
}
}
"
Atlantic
:
Canary
"
{
ec
{
"
Kener
"
}
}
"
Atlantic
:
Cape_Verde
"
{
ec
{
"
K
p
V
d
"
}
}
"
Atlantic
:
Faeroe
"
{
ec
{
"
F
r
is
"
}
}
"
Atlantic
:
Madeira
"
{
ec
{
"
Mad
ra
"
}
}
"
Atlantic
:
Reykjavik
"
{
ec
{
"
R
kj
vik
"
}
}
"
Atlantic
:
South_Georgia
"
{
ec
{
"
Sa
t
J
jia
"
}
}
"
Atlantic
:
St_Helena
"
{
ec
{
"
Sent
H
l
na
"
}
}
"
Atlantic
:
Stanley
"
{
ec
{
"
St
nli
"
}
}
"
Australia
:
Adelaide
"
{
ec
{
"
Adleid
"
}
}
"
Australia
:
Brisbane
"
{
ec
{
"
Br
sben
"
}
}
"
Australia
:
Broken_Hill
"
{
ec
{
"
Br
k
n
Hil
"
}
}
"
Australia
:
Currie
"
{
ec
{
"
K
ri
"
}
}
"
Australia
:
Darwin
"
{
ec
{
"
D
rwin
"
}
}
"
Australia
:
Eucla
"
{
ec
{
"
Y
kla
"
}
}
"
Australia
:
Hobart
"
{
ec
{
"
H
bat
"
}
}
"
Australia
:
Lindeman
"
{
ec
{
"
L
nd
man
"
}
}
"
Australia
:
Lord_Howe
"
{
ec
{
"
L
d
Ha
"
}
}
"
Australia
:
Melbourne
"
{
ec
{
"
M
lb
n
"
}
}
"
Australia
:
Perth
"
{
ec
{
"
P
rt
"
}
}
"
Australia
:
Sydney
"
{
ec
{
"
S
dni
"
}
}
"
Etc
:
UTC
"
{
ls
{
"
Ar
njm
nt
f
Di
H
l
W
ld
Taim
"
}
}
"
Etc
:
Unknown
"
{
ec
{
"
Taun
w
P
sin
N
No
"
}
}
"
Europe
:
Amsterdam
"
{
ec
{
"
mst
dam
"
}
}
"
Europe
:
Andorra
"
{
ec
{
"
And
ra
"
}
}
"
Europe
:
Astrakhan
"
{
ec
{
"
strah
n
"
}
}
"
Europe
:
Athens
"
{
ec
{
"
t
ns
"
}
}
"
Europe
:
Belgrade
"
{
ec
{
"
B
lgr
d
"
}
}
"
Europe
:
Berlin
"
{
ec
{
"
B
lin
"
}
}
"
Europe
:
Bratislava
"
{
ec
{
"
Brat
sl
va
"
}
}
"
Europe
:
Brussels
"
{
ec
{
"
Br
suls
"
}
}
"
Europe
:
Bucharest
"
{
ec
{
"
B
k
r
st
"
}
}
"
Europe
:
Budapest
"
{
ec
{
"
B
d
p
st
"
}
}
"
Europe
:
Busingen
"
{
ec
{
"
Bus
ng
n
"
}
}
"
Europe
:
Chisinau
"
{
ec
{
"
Chisin
u
"
}
}
"
Europe
:
Copenhagen
"
{
ec
{
"
K
p
nh
g
n
"
}
}
"
Europe
:
Dublin
"
{
ec
{
"
D
blin
"
}
ld
{
"
A
r
sh
F
ksd
Taim
"
}
}
"
Europe
:
Gibraltar
"
{
ec
{
"
Jibr
lta
"
}
}
"
Europe
:
Guernsey
"
{
ec
{
"
Gu
nzi
"
}
}
"
Europe
:
Helsinki
"
{
ec
{
"
H
ls
nki
"
}
}
"
Europe
:
Isle_of_Man
"
{
ec
{
"
A
l
f
Man
"
}
}
"
Europe
:
Istanbul
"
{
ec
{
"
st
nbul
"
}
}
"
Europe
:
Jersey
"
{
ec
{
"
J
si
"
}
}
"
Europe
:
Kaliningrad
"
{
ec
{
"
Kal
n
ngrad
"
}
}
"
Europe
:
Kiev
"
{
ec
{
"
Ki
v
"
}
}
"
Europe
:
Kirov
"
{
ec
{
"
Kir
v
"
}
}
"
Europe
:
Lisbon
"
{
ec
{
"
L
sb
n
"
}
}
"
Europe
:
Ljubljana
"
{
ec
{
"
Lubli
na
"
}
}
"
Europe
:
London
"
{
ec
{
"
L
nd
n
"
}
ld
{
"
Br
t
sh
H
t
S
zin
Taim
"
}
}
"
Europe
:
Luxembourg
"
{
ec
{
"
L
ks
mb
g
"
}
}
"
Europe
:
Madrid
"
{
ec
{
"
Madrid
"
}
}
"
Europe
:
Malta
"
{
ec
{
"
M
lta
"
}
}
"
Europe
:
Mariehamn
"
{
ec
{
"
Mar
ah
mn
"
}
}
"
Europe
:
Minsk
"
{
ec
{
"
Minsk
"
}
}
"
Europe
:
Monaco
"
{
ec
{
"
M
n
ko
"
}
}
"
Europe
:
Moscow
"
{
ec
{
"
M
sko
"
}
}
"
Europe
:
Oslo
"
{
ec
{
"
slo
"
}
}
"
Europe
:
Paris
"
{
ec
{
"
P
ris
"
}
}
"
Europe
:
Podgorica
"
{
ec
{
"
P
j
r
ka
"
}
}
"
Europe
:
Prague
"
{
ec
{
"
Prag
"
}
}
"
Europe
:
Riga
"
{
ec
{
"
R
ga
"
}
}
"
Europe
:
Rome
"
{
ec
{
"
Rom
"
}
}
"
Europe
:
Samara
"
{
ec
{
"
Sam
ra
"
}
}
"
Europe
:
San_Marino
"
{
ec
{
"
San
Mar
no
"
}
}
"
Europe
:
Sarajevo
"
{
ec
{
"
Saray
vo
"
}
}
"
Europe
:
Saratov
"
{
ec
{
"
S
r
tov
"
}
}
"
Europe
:
Simferopol
"
{
ec
{
"
S
mf
r
pol
"
}
}
"
Europe
:
Skopje
"
{
ec
{
"
Sk
py
"
}
}
"
Europe
:
Sofia
"
{
ec
{
"
Sof
a
"
}
}
"
Europe
:
Stockholm
"
{
ec
{
"
St
kh
m
"
}
}
"
Europe
:
Tallinn
"
{
ec
{
"
T
lin
"
}
}
"
Europe
:
Tirane
"
{
ec
{
"
Tir
n
"
}
}
"
Europe
:
Ulyanovsk
"
{
ec
{
"
Uli
n
vsk
"
}
}
"
Europe
:
Uzhgorod
"
{
ec
{
"
zh
r
d
"
}
}
"
Europe
:
Vaduz
"
{
ec
{
"
Vaduz
"
}
}
"
Europe
:
Vatican
"
{
ec
{
"
V
t
kan
"
}
}
"
Europe
:
Vienna
"
{
ec
{
"
Vi
na
"
}
}
"
Europe
:
Vilnius
"
{
ec
{
"
V
lnius
"
}
}
"
Europe
:
Volgograd
"
{
ec
{
"
Volv
grad
"
}
}
"
Europe
:
Warsaw
"
{
ec
{
"
W
s
"
}
}
"
Europe
:
Zagreb
"
{
ec
{
"
Z
gr
b
"
}
}
"
Europe
:
Zaporozhye
"
{
ec
{
"
Zapor
zhia
"
}
}
"
Europe
:
Zurich
"
{
ec
{
"
Z
rik
"
}
}
"
Indian
:
Antananarivo
"
{
ec
{
"
Ant
n
nar
vo
"
}
}
"
Indian
:
Chagos
"
{
ec
{
"
Ch
g
s
"
}
}
"
Indian
:
Christmas
"
{
ec
{
"
Kr
smas
"
}
}
"
Indian
:
Cocos
"
{
ec
{
"
K
kos
"
}
}
"
Indian
:
Comoro
"
{
ec
{
"
K
m
ros
"
}
}
"
Indian
:
Kerguelen
"
{
ec
{
"
K
rg
l
n
"
}
}
"
Indian
:
Mahe
"
{
ec
{
"
Mah
"
}
}
"
Indian
:
Maldives
"
{
ec
{
"
M
ldivs
"
}
}
"
Indian
:
Mauritius
"
{
ec
{
"
M
r
sh
s
"
}
}
"
Indian
:
Mayotte
"
{
ec
{
"
Mey
t
"
}
}
"
Indian
:
Reunion
"
{
ec
{
"
Riy
ni
n
"
}
}
"
Pacific
:
Apia
"
{
ec
{
"
pia
"
}
}
"
Pacific
:
Auckland
"
{
ec
{
"
kland
"
}
}
"
Pacific
:
Bougainville
"
{
ec
{
"
Bugenv
lia
"
}
}
"
Pacific
:
Chatham
"
{
ec
{
"
Ch
tam
"
}
}
"
Pacific
:
Easter
"
{
ec
{
"
sta
"
}
}
"
Pacific
:
Efate
"
{
ec
{
"
f
t
"
}
}
"
Pacific
:
Enderbury
"
{
ec
{
"
nd
b
ri
"
}
}
"
Pacific
:
Fakaofo
"
{
ec
{
"
Fak
fo
"
}
}
"
Pacific
:
Fiji
"
{
ec
{
"
F
ji
"
}
}
"
Pacific
:
Funafuti
"
{
ec
{
"
Funaf
ti
"
}
}
"
Pacific
:
Galapagos
"
{
ec
{
"
Gal
p
g
s
"
}
}
"
Pacific
:
Gambier
"
{
ec
{
"
G
mbi
r
"
}
}
"
Pacific
:
Guadalcanal
"
{
ec
{
"
Gu
d
lkanal
"
}
}
"
Pacific
:
Guam
"
{
ec
{
"
Guam
"
}
}
"
Pacific
:
Johnston
"
{
ec
{
"
J
nstun
"
}
}
"
Pacific
:
Kiritimati
"
{
ec
{
"
Krit
m
ti
"
}
}
"
Pacific
:
Kosrae
"
{
ec
{
"
K
sra
"
}
}
"
Pacific
:
Kwajalein
"
{
ec
{
"
Kw
jal
n
"
}
}
"
Pacific
:
Majuro
"
{
ec
{
"
Maj
ro
"
}
}
"
Pacific
:
Marquesas
"
{
ec
{
"
Makw
sas
"
}
}
"
Pacific
:
Midway
"
{
ec
{
"
M
dw
"
}
}
"
Pacific
:
Nauru
"
{
ec
{
"
Na
ru
"
}
}
"
Pacific
:
Niue
"
{
ec
{
"
Ni
"
}
}
"
Pacific
:
Norfolk
"
{
ec
{
"
N
rf
lk
"
}
}
"
Pacific
:
Noumea
"
{
ec
{
"
N
m
a
"
}
}
"
Pacific
:
Pago_Pago
"
{
ec
{
"
P
go
P
go
"
}
}
"
Pacific
:
Palau
"
{
ec
{
"
Pal
u
"
}
}
"
Pacific
:
Pitcairn
"
{
ec
{
"
P
tkan
"
}
}
"
Pacific
:
Ponape
"
{
ec
{
"
P
np
i
"
}
}
"
Pacific
:
Port_Moresby
"
{
ec
{
"
P
t
M
r
sbi
"
}
}
"
Pacific
:
Rarotonga
"
{
ec
{
"
Rarat
nga
"
}
}
"
Pacific
:
Saipan
"
{
ec
{
"
Saipan
"
}
}
"
Pacific
:
Tahiti
"
{
ec
{
"
Tah
ti
"
}
}
"
Pacific
:
Tarawa
"
{
ec
{
"
Tar
wa
"
}
}
"
Pacific
:
Tongatapu
"
{
ec
{
"
Tongat
pu
"
}
}
"
Pacific
:
Truk
"
{
ec
{
"
Chuk
"
}
}
"
Pacific
:
Wake
"
{
ec
{
"
Wek
"
}
}
"
Pacific
:
Wallis
"
{
ec
{
"
W
li
"
}
}
"
meta
:
Afghanistan
"
{
ls
{
"
Afg
n
stan
Taim
"
}
}
"
meta
:
Africa_Central
"
{
ls
{
"
M
d
l
fr
k
Taim
"
}
}
"
meta
:
Africa_Eastern
"
{
ls
{
"
st
fr
k
Taim
"
}
}
"
meta
:
Africa_Southern
"
{
ls
{
"
Sa
t
fr
k
F
ksd
Taim
"
}
}
"
meta
:
Africa_Western
"
{
ld
{
"
W
st
fr
k
H
t
S
zin
Taim
"
}
lg
{
"
W
st
fr
k
Taim
"
}
ls
{
"
W
st
fr
k
F
ksd
Taim
"
}
}
"
meta
:
Alaska
"
{
ld
{
"
Al
sk
D
la
t
Taim
"
}
lg
{
"
Al
sk
Taim
"
}
ls
{
"
Al
sk
F
ksd
Taim
"
}
}
"
meta
:
Amazon
"
{
ld
{
"
m
z
n
H
t
S
z
n
Taim
"
}
lg
{
"
m
z
n
Taim
"
}
ls
{
"
m
z
n
F
ksd
Taim
"
}
}
"
meta
:
America_Central
"
{
ld
{
"
N
t
Am
r
k
M
d
l
ri
D
la
t
Taim
"
}
lg
{
"
N
t
Am
r
k
M
d
l
ri
Taim
"
}
ls
{
"
N
t
Am
r
k
M
d
l
ri
F
ksd
Taim
"
}
}
"
meta
:
America_Eastern
"
{
ld
{
"
N
t
Am
r
k
st
n
ri
D
la
t
Taim
"
}
lg
{
"
N
t
Am
r
k
st
n
ri
Taim
"
}
ls
{
"
N
t
Am
r
k
st
n
ri
F
ksd
Taim
"
}
}
"
meta
:
America_Mountain
"
{
ld
{
"
N
t
Am
r
k
Ma
ntin
ri
D
la
t
Taim
"
}
lg
{
"
N
t
Am
r
k
Ma
ntin
ri
Taim
"
}
ls
{
"
N
t
Am
r
k
Ma
ntin
ri
F
ksd
Taim
"
}
}
"
meta
:
America_Pacific
"
{
ld
{
"
N
t
Am
r
k
Pas
f
k
ri
D
la
t
Taim
"
}
lg
{
"
N
t
Am
r
k
Pas
f
k
ri
Taim
"
}
ls
{
"
N
t
Am
r
k
Pas
f
k
ri
F
ksd
Taim
"
}
}
"
meta
:
Apia
"
{
ld
{
"
pia
D
la
t
Taim
"
}
lg
{
"
pia
Taim
"
}
ls
{
"
pia
F
ksd
Taim
"
}
}
"
meta
:
Arabian
"
{
ld
{
"
Ar
bi
D
la
t
Taim
"
}
lg
{
"
Ar
bi
Taim
"
}
ls
{
"
Ar
bi
F
ksd
Taim
"
}
}
"
meta
:
Argentina
"
{
ld
{
"
Aj
nt
na
H
t
S
z
n
Taim
"
}
lg
{
"
Aj
nt
na
Taim
"
}
ls
{
"
Aj
nt
na
F
ksd
Taim
"
}
}
"
meta
:
Argentina_Western
"
{
ld
{
"
W
st
n
Aj
nt
na
H
t
S
z
n
Taim
"
}
lg
{
"
W
st
n
Aj
nt
na
Taim
"
}
ls
{
"
W
st
n
Aj
nt
na
F
ksd
Taim
"
}
}
"
meta
:
Armenia
"
{
ld
{
"
Arm
nia
H
t
S
zin
Taim
"
}
lg
{
"
Arm
nia
Taim
"
}
ls
{
"
Arm
nia
F
ksd
Taim
"
}
}
"
meta
:
Atlantic
"
{
ld
{
"
Atl
nt
k
D
la
t
Taim
"
}
lg
{
"
Atl
nt
k
Taim
"
}
ls
{
"
Atl
nt
k
F
ksd
Taim
"
}
}
"
meta
:
Australia_Central
"
{
ld
{
"
str
lia
M
d
l
D
la
t
Taim
"
}
lg
{
"
M
d
l
str
lia
Taim
"
}
ls
{
"
str
lia
M
d
l
F
ksd
Taim
"
}
}
"
meta
:
Australia_CentralWestern
"
{
ld
{
"
str
lia
M
d
l
W
st
n
D
la
t
Taim
"
}
lg
{
"
str
lia
M
d
l
W
st
n
Taim
"
}
ls
{
"
str
lia
M
d
l
W
st
n
F
ksd
Taim
"
}
}
"
meta
:
Australia_Eastern
"
{
ld
{
"
str
lia
st
n
D
la
t
Taim
"
}
lg
{
"
st
n
str
lia
Taim
"
}
ls
{
"
str
lia
st
n
F
ksd
Taim
"
}
}
"
meta
:
Australia_Western
"
{
ld
{
"
str
lia
W
st
n
D
la
t
Taim
"
}
lg
{
"
W
st
n
str
lia
Taim
"
}
ls
{
"
str
lia
W
st
n
F
ksd
Taim
"
}
}
"
meta
:
Azerbaijan
"
{
ld
{
"
Az
rbaijan
H
t
S
zin
Taim
"
}
lg
{
"
Az
rbaijan
Taim
"
}
ls
{
"
Az
rbaijan
F
ksd
Taim
"
}
}
"
meta
:
Azores
"
{
ld
{
"
Az
z
H
t
S
zin
Taim
"
}
lg
{
"
Az
z
Taim
"
}
ls
{
"
Az
z
F
ksd
Taim
"
}
}
"
meta
:
Bangladesh
"
{
ld
{
"
Banglad
sh
D
la
t
Taim
"
}
lg
{
"
Banglad
sh
Taim
"
}
ls
{
"
Banglad
sh
F
ksd
Taim
"
}
}
"
meta
:
Bhutan
"
{
ls
{
"
Butan
Taim
"
}
}
"
meta
:
Bolivia
"
{
ls
{
"
Bol
via
F
ksd
Taim
"
}
}
"
meta
:
Brasilia
"
{
ld
{
"
Bras
lia
H
t
S
z
n
Taim
"
}
lg
{
"
Bras
lia
Taim
"
}
ls
{
"
Bras
lia
F
ksd
Taim
"
}
}
"
meta
:
Brunei
"
{
ls
{
"
Brun
i
Dar
salam
Taim
"
}
}
"
meta
:
Cape_Verde
"
{
ld
{
"
Kep
V
d
H
t
S
zin
Taim
"
}
lg
{
"
Kep
V
d
Taim
"
}
ls
{
"
Kep
V
d
F
ksd
Taim
"
}
}
"
meta
:
Chamorro
"
{
ls
{
"
Cham
ro
F
ksd
Taim
"
}
}
"
meta
:
Chatham
"
{
ld
{
"
Ch
tam
D
la
t
Taim
"
}
lg
{
"
Ch
tam
Taim
"
}
ls
{
"
Ch
tam
F
ksd
Taim
"
}
}
"
meta
:
Chile
"
{
ld
{
"
Ch
l
H
t
S
z
n
Taim
"
}
lg
{
"
Ch
l
Taim
"
}
ls
{
"
Ch
l
F
ksd
Taim
"
}
}
"
meta
:
China
"
{
ld
{
"
Cha
na
D
la
t
Taim
"
}
lg
{
"
Cha
na
Taim
"
}
ls
{
"
Cha
na
F
ksd
Taim
"
}
}
"
meta
:
Choibalsan
"
{
ld
{
"
Choib
lsan
H
t
S
zin
Taim
"
}
lg
{
"
Choib
lsan
Taim
"
}
ls
{
"
Choib
lsan
F
ksd
Taim
"
}
}
"
meta
:
Christmas
"
{
ls
{
"
Kr
sm
s
A
land
Taim
"
}
}
"
meta
:
Cocos
"
{
ls
{
"
K
k
s
A
lands
Taim
"
}
}
"
meta
:
Colombia
"
{
ld
{
"
Kol
mbia
H
t
S
z
n
Taim
"
}
lg
{
"
Kol
mbia
Taim
"
}
ls
{
"
Kol
mbia
F
ksd
Taim
"
}
}
"
meta
:
Cook
"
{
ld
{
"
K
k
A
lands
Haf
H
t
S
zin
Taim
"
}
lg
{
"
K
k
A
lands
Taim
"
}
ls
{
"
K
k
A
lands
F
ksd
Taim
"
}
}
"
meta
:
Cuba
"
{
ld
{
"
K
ba
D
la
t
Taim
"
}
lg
{
"
K
ba
Taim
"
}
ls
{
"
K
ba
F
ksd
Taim
"
}
}
"
meta
:
Davis
"
{
ls
{
"
D
vis
Taim
"
}
}
"
meta
:
DumontDUrville
"
{
ls
{
"
Di
m
n
-
d
Uvil
Taim
"
}
}
"
meta
:
East_Timor
"
{
ls
{
"
st
T
m
Taim
"
}
}
"
meta
:
Easter
"
{
ld
{
"
sta
H
t
S
z
n
Taim
"
}
lg
{
"
sta
Taim
"
}
ls
{
"
sta
F
ksd
Taim
"
}
}
"
meta
:
Ecuador
"
{
ls
{
"
kwu
d
Taim
"
}
}
"
meta
:
Europe_Central
"
{
ld
{
"
M
d
l
Y
rop
H
t
S
zin
Taim
"
}
lg
{
"
M
d
l
Y
rop
Taim
"
}
ls
{
"
M
d
l
Y
rop
F
ksd
Taim
"
}
}
"
meta
:
Europe_Eastern
"
{
ld
{
"
st
n
Y
rop
H
t
S
zin
Taim
"
}
lg
{
"
st
n
Y
rop
Taim
"
}
ls
{
"
st
n
Y
rop
F
ksd
Taim
"
}
}
"
meta
:
Europe_Further_Eastern
"
{
ls
{
"
Fa
-
st
n
Y
rop
Taim
"
}
}
"
meta
:
Europe_Western
"
{
ld
{
"
W
st
n
Y
rop
H
t
S
zin
Taim
"
}
lg
{
"
W
st
n
Y
rop
Taim
"
}
ls
{
"
W
st
n
Y
rop
F
ksd
Taim
"
}
}
"
meta
:
Falkland
"
{
ld
{
"
F
lkland
H
t
S
z
n
Taim
"
}
lg
{
"
F
lkland
Taim
"
}
ls
{
"
F
lkland
F
ksd
Taim
"
}
}
"
meta
:
Fiji
"
{
ld
{
"
F
ji
H
t
S
z
n
Taim
"
}
lg
{
"
F
ji
Taim
"
}
ls
{
"
F
ji
F
ksd
Taim
"
}
}
"
meta
:
French_Guiana
"
{
ls
{
"
Fr
nch
Gi
na
Taim
"
}
}
"
meta
:
French_Southern
"
{
ls
{
"
Fr
nch
Sa
tan
an
Ant
t
k
Taim
"
}
}
"
meta
:
GMT
"
{
ls
{
"
Gr
nw
ch
M
n
Taim
"
}
}
"
meta
:
Galapagos
"
{
ls
{
"
Gal
p
g
s
Taim
"
}
}
"
meta
:
Gambier
"
{
ls
{
"
G
mbi
r
Taim
"
}
}
"
meta
:
Georgia
"
{
ld
{
"
J
jia
H
t
S
zin
Taim
"
}
lg
{
"
J
jia
Taim
"
}
ls
{
"
J
jia
F
ksd
Taim
"
}
}
"
meta
:
Gilbert_Islands
"
{
ls
{
"
G
lbat
A
lands
Taim
"
}
}
"
meta
:
Greenland_Eastern
"
{
ld
{
"
ist
Gr
nl
nd
H
t
S
zin
Taim
"
}
lg
{
"
ist
Gr
nl
nd
Taim
"
}
ls
{
"
ist
Gr
nl
nd
F
ksd
Taim
"
}
}
"
meta
:
Greenland_Western
"
{
ld
{
"
W
st
Gr
nl
nd
H
t
S
zin
Taim
"
}
lg
{
"
W
st
Gr
nl
nd
Taim
"
}
ls
{
"
W
st
Gr
nl
nd
F
ksd
Taim
"
}
}
"
meta
:
Gulf
"
{
ls
{
"
G
lf
F
ksd
Taim
"
}
}
"
meta
:
Guyana
"
{
ls
{
"
Gay
na
Taim
"
}
}
"
meta
:
Hawaii_Aleutian
"
{
ld
{
"
Hawai
-
El
shi
n
D
la
t
Taim
"
}
lg
{
"
Hawai
-
El
shi
n
Taim
"
}
ls
{
"
Hawai
-
El
shi
n
F
ksd
Taim
"
}
}
"
meta
:
Hong_Kong
"
{
ld
{
"
H
ng
K
ng
H
t
S
zin
Taim
"
}
lg
{
"
H
ng
K
ng
Taim
"
}
ls
{
"
H
ng
K
ng
F
ksd
Taim
"
}
}
"
meta
:
Hovd
"
{
ld
{
"
Hovd
H
t
S
zin
Taim
"
}
lg
{
"
Hovd
Taim
"
}
ls
{
"
Hovd
F
ksd
Taim
"
}
}
"
meta
:
India
"
{
ls
{
"
ndia
F
ksd
Taim
"
}
}
"
meta
:
Indian_Ocean
"
{
ls
{
"
ndi
n
sh
n
Taim
"
}
}
"
meta
:
Indochina
"
{
ls
{
"
Indocha
na
Taim
"
}
}
"
meta
:
Indonesia_Central
"
{
ls
{
"
M
d
l
Indon
shia
Taim
"
}
}
"
meta
:
Indonesia_Eastern
"
{
ls
{
"
st
n
Indon
shia
Taim
"
}
}
"
meta
:
Indonesia_Western
"
{
ls
{
"
W
st
n
Indon
shia
Taim
"
}
}
"
meta
:
Iran
"
{
ld
{
"
Iran
D
la
t
Taim
"
}
lg
{
"
Iran
Taim
"
}
ls
{
"
Iran
F
ksd
Taim
"
}
}
"
meta
:
Irkutsk
"
{
ld
{
"
Irk
tsk
H
t
S
zin
Taim
"
}
lg
{
"
Irk
tsk
Taim
"
}
ls
{
"
Irk
tsk
F
ksd
Taim
"
}
}
"
meta
:
Israel
"
{
ld
{
"
zr
l
D
la
t
Taim
"
}
lg
{
"
zr
l
Taim
"
}
ls
{
"
zr
l
F
ksd
Taim
"
}
}
"
meta
:
Japan
"
{
ld
{
"
Japan
D
la
t
Taim
"
}
lg
{
"
Japan
Taim
"
}
ls
{
"
Japan
F
ksd
Taim
"
}
}
"
meta
:
Kazakhstan_Eastern
"
{
ls
{
"
st
Kaz
kstan
Taim
"
}
}
"
meta
:
Kazakhstan_Western
"
{
ls
{
"
W
st
Kaz
kstan
Taim
"
}
}
"
meta
:
Korea
"
{
ld
{
"
Koria
D
la
t
Taim
"
}
lg
{
"
Koria
Taim
"
}
ls
{
"
Koria
F
ksd
Taim
"
}
}
"
meta
:
Kosrae
"
{
ls
{
"
K
sra
Taim
"
}
}
"
meta
:
Krasnoyarsk
"
{
ld
{
"
Krasnoyask
H
t
S
zin
Taim
"
}
lg
{
"
Krasnoyask
Taim
"
}
ls
{
"
Krasnoyask
F
ksd
Taim
"
}
}
"
meta
:
Kyrgystan
"
{
ls
{
"
K
gistan
Taim
"
}
}
"
meta
:
Line_Islands
"
{
ls
{
"
La
n
A
lands
Taim
"
}
}
"
meta
:
Lord_Howe
"
{
ld
{
"
L
d
Ha
D
la
t
Taim
"
}
lg
{
"
L
d
Ha
Taim
"
}
ls
{
"
L
d
Ha
F
ksd
Taim
"
}
}
"
meta
:
Macquarie
"
{
ls
{
"
Makwu
A
land
Taim
"
}
}
"
meta
:
Magadan
"
{
ld
{
"
M
g
dan
H
t
S
zin
Taim
"
}
lg
{
"
M
g
dan
Taim
"
}
ls
{
"
M
g
dan
F
ksd
Taim
"
}
}
"
meta
:
Malaysia
"
{
ls
{
"
Mal
shia
Taim
"
}
}
"
meta
:
Maldives
"
{
ls
{
"
M
divs
Taim
"
}
}
"
meta
:
Marquesas
"
{
ls
{
"
Makw
sas
Taim
"
}
}
"
meta
:
Marshall_Islands
"
{
ls
{
"
M
shal
A
lands
Taim
"
}
}
"
meta
:
Mauritius
"
{
ld
{
"
M
r
sh
s
H
t
S
zin
Taim
"
}
lg
{
"
M
r
sh
s
Taim
"
}
ls
{
"
M
r
sh
s
F
ksd
Taim
"
}
}
"
meta
:
Mawson
"
{
ls
{
"
M
s
n
Taim
"
}
}
"
meta
:
Mexico_Northwest
"
{
ld
{
"
N
tw
st
M
ks
ko
D
la
t
Taim
"
}
lg
{
"
N
tw
st
M
ks
ko
Taim
"
}
ls
{
"
N
tw
st
M
ks
ko
F
ksd
Taim
"
}
}
"
meta
:
Mexico_Pacific
"
{
ld
{
"
M
ks
k
Pas
f
k
D
la
t
Taim
"
}
lg
{
"
M
ks
k
Pas
f
k
Taim
"
}
ls
{
"
M
ks
k
Pas
f
k
F
ksd
Taim
"
}
}
"
meta
:
Mongolia
"
{
ld
{
"
M
ng
lia
H
t
S
zin
Taim
"
}
lg
{
"
M
ng
lia
Taim
"
}
ls
{
"
M
ng
lia
F
ksd
Taim
"
}
}
"
meta
:
Moscow
"
{
ld
{
"
M
sko
H
t
S
zin
Taim
"
}
lg
{
"
M
sko
Taim
"
}
ls
{
"
M
sko
F
ksd
Taim
"
}
}
"
meta
:
Myanmar
"
{
ls
{
"
Mi
nma
Taim
"
}
}
"
meta
:
Nauru
"
{
ls
{
"
Na
ru
Taim
"
}
}
"
meta
:
Nepal
"
{
ls
{
"
N
p
l
Taim
"
}
}
"
meta
:
New_Caledonia
"
{
ld
{
"
Ni
Kal
d
nia
H
t
S
zin
Taim
"
}
lg
{
"
Ni
Kal
d
nia
Taim
"
}
ls
{
"
Ni
Kal
d
nia
F
ksd
Taim
"
}
}
"
meta
:
New_Zealand
"
{
ld
{
"
Ni
Ziland
D
la
t
Taim
"
}
lg
{
"
Ni
Ziland
Taim
"
}
ls
{
"
Ni
Ziland
F
ksd
Taim
"
}
}
"
meta
:
Newfoundland
"
{
ld
{
"
Ni
fa
ndl
nd
D
la
t
Taim
"
}
lg
{
"
Ni
fa
ndl
nd
Taim
"
}
ls
{
"
Ni
fa
ndl
nd
F
ksd
Taim
"
}
}
"
meta
:
Niue
"
{
ls
{
"
Ni
Taim
"
}
}
"
meta
:
Norfolk
"
{
ld
{
"
N
rf
lk
A
land
H
t
S
zin
Taim
"
}
lg
{
"
N
rf
lk
A
land
Taim
"
}
ls
{
"
N
rf
lk
A
land
F
ksd
Taim
"
}
}
"
meta
:
Noronha
"
{
ld
{
"
F
rn
nd
di
N
r
nia
H
t
S
z
n
Taim
"
}
lg
{
"
F
rn
nd
di
N
r
nia
Taim
"
}
ls
{
"
F
rn
nd
di
N
r
nia
F
ksd
Taim
"
}
}
"
meta
:
Novosibirsk
"
{
ld
{
"
Novosibisk
H
t
S
zin
Taim
"
}
lg
{
"
Novosibisk
Taim
"
}
ls
{
"
Novosibisk
F
ksd
Taim
"
}
}
"
meta
:
Omsk
"
{
ld
{
"
msk
H
t
S
zin
Taim
"
}
lg
{
"
msk
Taim
"
}
ls
{
"
msk
F
ksd
Taim
"
}
}
"
meta
:
Pakistan
"
{
ld
{
"
P
k
stan
H
t
S
zin
Taim
"
}
lg
{
"
P
k
stan
Taim
"
}
ls
{
"
P
k
stan
F
ksd
Taim
"
}
}
"
meta
:
Palau
"
{
ls
{
"
Pal
u
Taim
"
}
}
"
meta
:
Papua_New_Guinea
"
{
ls
{
"
P
pu
Ni
G
ni
Taim
"
}
}
"
meta
:
Paraguay
"
{
ld
{
"
P
r
gwue
H
t
S
z
n
Taim
"
}
lg
{
"
P
r
gwue
Taim
"
}
ls
{
"
P
r
gwue
F
ksd
Taim
"
}
}
"
meta
:
Peru
"
{
ld
{
"
P
ru
H
t
S
z
n
Taim
"
}
lg
{
"
P
ru
Taim
"
}
ls
{
"
P
ru
F
ksd
Taim
"
}
}
"
meta
:
Philippines
"
{
ld
{
"
F
l
pin
H
t
S
zin
Taim
"
}
lg
{
"
F
l
pin
Taim
"
}
ls
{
"
F
l
pin
F
ksd
Taim
"
}
}
"
meta
:
Phoenix_Islands
"
{
ls
{
"
F
niks
A
lands
Taim
"
}
}
"
meta
:
Pierre_Miquelon
"
{
ld
{
"
Sent
Pi
r
an
M
k
l
n
D
la
t
Taim
"
}
lg
{
"
Sent
Pi
r
&
M
k
l
n
Taim
"
}
ls
{
"
Sent
Pi
r
an
M
k
l
n
F
ksd
Taim
"
}
}
"
meta
:
Pitcairn
"
{
ls
{
"
P
tkan
Taim
"
}
}
"
meta
:
Ponape
"
{
ls
{
"
P
n
p
Taim
"
}
}
"
meta
:
Pyongyang
"
{
ls
{
"
Pi
ngyang
Taim
"
}
}
"
meta
:
Reunion
"
{
ls
{
"
Riy
ni
n
Taim
"
}
}
"
meta
:
Rothera
"
{
ls
{
"
Rot
ra
Taim
"
}
}
"
meta
:
Sakhalin
"
{
ld
{
"
S
khalin
H
t
S
zin
Taim
"
}
lg
{
"
S
khalin
Taim
"
}
ls
{
"
S
khalin
F
ksd
Taim
"
}
}
"
meta
:
Samoa
"
{
ld
{
"
S
mo
D
la
t
Taim
"
}
lg
{
"
S
mo
Taim
"
}
ls
{
"
S
mo
F
ksd
Taim
"
}
}
"
meta
:
Seychelles
"
{
ls
{
"
S
ch
ls
Taim
"
}
}
"
meta
:
Singapore
"
{
ls
{
"
Singap
Taim
"
}
}
"
meta
:
Solomon
"
{
ls
{
"
S
l
m
n
A
lands
Taim
"
}
}
"
meta
:
South_Georgia
"
{
ls
{
"
Sa
t
J
jia
Taim
"
}
}
"
meta
:
Suriname
"
{
ls
{
"
S
r
nam
Taim
"
}
}
"
meta
:
Syowa
"
{
ls
{
"
Si
wa
Taim
"
}
}
"
meta
:
Tahiti
"
{
ls
{
"
Tah
ti
Taim
"
}
}
"
meta
:
Taipei
"
{
ld
{
"
Taip
i
D
la
t
Taim
"
}
lg
{
"
Taip
i
Taim
"
}
ls
{
"
Taip
i
F
ksd
Taim
"
}
}
"
meta
:
Tajikistan
"
{
ls
{
"
Taj
kistan
Taim
"
}
}
"
meta
:
Tokelau
"
{
ls
{
"
Tok
l
u
Taim
"
}
}
"
meta
:
Tonga
"
{
ld
{
"
T
nga
H
t
S
zin
Taim
"
}
lg
{
"
T
nga
Taim
"
}
ls
{
"
T
nga
F
ksd
Taim
"
}
}
"
meta
:
Truk
"
{
ls
{
"
Chuk
Taim
"
}
}
"
meta
:
Turkmenistan
"
{
ld
{
"
T
km
nistan
H
t
S
zin
Taim
"
}
lg
{
"
T
km
nistan
Taim
"
}
ls
{
"
T
km
nistan
F
ksd
Taim
"
}
}
"
meta
:
Tuvalu
"
{
ls
{
"
Tuv
lu
Taim
"
}
}
"
meta
:
Uruguay
"
{
ld
{
"
Y
rugwue
H
t
S
z
n
Taim
"
}
lg
{
"
Y
rugwue
Taim
"
}
ls
{
"
Y
rugwue
F
ksd
Taim
"
}
}
"
meta
:
Uzbekistan
"
{
ld
{
"
Uzb
kistan
H
t
S
zin
Taim
"
}
lg
{
"
Uzb
kistan
Taim
"
}
ls
{
"
Uzb
kistan
F
ksd
Taim
"
}
}
"
meta
:
Vanuatu
"
{
ld
{
"
Vanu
tu
S
zin
Taim
"
}
lg
{
"
Vanu
tu
Taim
"
}
ls
{
"
Vanu
tu
F
ksd
Taim
"
}
}
"
meta
:
Venezuela
"
{
ls
{
"
V
n
zu
la
Taim
"
}
}
"
meta
:
Vladivostok
"
{
ld
{
"
Vladivostok
H
t
S
zin
Taim
"
}
lg
{
"
Vladiv
st
k
Taim
"
}
ls
{
"
Vladiv
st
k
F
ksd
Taim
"
}
}
"
meta
:
Volgograd
"
{
ld
{
"
Volv
grad
H
t
S
zin
Taim
"
}
lg
{
"
Volv
grad
Taim
"
}
ls
{
"
Volv
grad
F
ksd
Taim
"
}
}
"
meta
:
Vostok
"
{
ls
{
"
V
st
k
Taim
"
}
}
"
meta
:
Wake
"
{
ls
{
"
W
k
A
land
Taim
"
}
}
"
meta
:
Wallis
"
{
ls
{
"
W
lis
an
F
t
na
Taim
"
}
}
"
meta
:
Yakutsk
"
{
ld
{
"
Y
k
tsk
H
t
S
zin
Taim
"
}
lg
{
"
Y
k
tsk
Taim
"
}
ls
{
"
Y
k
tsk
F
ksd
Taim
"
}
}
"
meta
:
Yekaterinburg
"
{
ld
{
"
Y
ket
r
nbug
H
t
S
zin
Taim
"
}
lg
{
"
Y
ket
r
nbug
Taim
"
}
ls
{
"
Y
ket
r
nbug
F
ksd
Taim
"
}
}
fallbackFormat
{
"
{
1
}
(
{
0
}
)
"
}
gmtFormat
{
"
GMT
{
0
}
"
}
gmtZeroFormat
{
"
GMT
"
}
hourFormat
{
"
+
HH
:
mm
;
-
HH
:
mm
"
}
regionFormat
{
"
{
0
}
Taim
"
}
regionFormatDaylight
{
"
{
0
}
D
la
t
Taim
"
}
regionFormatStandard
{
"
{
0
}
F
ksd
Taim
"
}
}
}
