/
/
2016
and
later
:
Unicode
Inc
.
and
others
.
/
/
License
&
terms
of
use
:
http
:
/
/
www
.
unicode
.
org
/
copyright
.
html
#
License
pt
{
Version
{
"
36
.
1
"
}
zoneStrings
{
"
Africa
:
Abidjan
"
{
ec
{
"
Abidjan
"
}
}
"
Africa
:
Accra
"
{
ec
{
"
Acra
"
}
}
"
Africa
:
Addis_Ababa
"
{
ec
{
"
Adis
Abeba
"
}
}
"
Africa
:
Algiers
"
{
ec
{
"
Argel
"
}
}
"
Africa
:
Asmera
"
{
ec
{
"
Asmara
"
}
}
"
Africa
:
Bamako
"
{
ec
{
"
Bamako
"
}
}
"
Africa
:
Bangui
"
{
ec
{
"
Bangui
"
}
}
"
Africa
:
Banjul
"
{
ec
{
"
Banjul
"
}
}
"
Africa
:
Bissau
"
{
ec
{
"
Bissau
"
}
}
"
Africa
:
Blantyre
"
{
ec
{
"
Blantyre
"
}
}
"
Africa
:
Brazzaville
"
{
ec
{
"
Brazzaville
"
}
}
"
Africa
:
Bujumbura
"
{
ec
{
"
Bujumbura
"
}
}
"
Africa
:
Cairo
"
{
ec
{
"
Cairo
"
}
}
"
Africa
:
Casablanca
"
{
ec
{
"
Casablanca
"
}
}
"
Africa
:
Ceuta
"
{
ec
{
"
Ceuta
"
}
}
"
Africa
:
Conakry
"
{
ec
{
"
Conacri
"
}
}
"
Africa
:
Dakar
"
{
ec
{
"
Dakar
"
}
}
"
Africa
:
Dar_es_Salaam
"
{
ec
{
"
Dar
es
Salaam
"
}
}
"
Africa
:
Djibouti
"
{
ec
{
"
Djibuti
"
}
}
"
Africa
:
Douala
"
{
ec
{
"
Douala
"
}
}
"
Africa
:
El_Aaiun
"
{
ec
{
"
El
Aai
n
"
}
}
"
Africa
:
Freetown
"
{
ec
{
"
Freetown
"
}
}
"
Africa
:
Gaborone
"
{
ec
{
"
Gaborone
"
}
}
"
Africa
:
Harare
"
{
ec
{
"
Harare
"
}
}
"
Africa
:
Johannesburg
"
{
ec
{
"
Joanesburgo
"
}
}
"
Africa
:
Juba
"
{
ec
{
"
Juba
"
}
}
"
Africa
:
Kampala
"
{
ec
{
"
Kampala
"
}
}
"
Africa
:
Khartoum
"
{
ec
{
"
Cartum
"
}
}
"
Africa
:
Kigali
"
{
ec
{
"
Kigali
"
}
}
"
Africa
:
Kinshasa
"
{
ec
{
"
Kinshasa
"
}
}
"
Africa
:
Lagos
"
{
ec
{
"
Lagos
"
}
}
"
Africa
:
Libreville
"
{
ec
{
"
Libreville
"
}
}
"
Africa
:
Lome
"
{
ec
{
"
Lom
"
}
}
"
Africa
:
Luanda
"
{
ec
{
"
Luanda
"
}
}
"
Africa
:
Lubumbashi
"
{
ec
{
"
Lubumbashi
"
}
}
"
Africa
:
Lusaka
"
{
ec
{
"
Lusaka
"
}
}
"
Africa
:
Malabo
"
{
ec
{
"
Malabo
"
}
}
"
Africa
:
Maputo
"
{
ec
{
"
Maputo
"
}
}
"
Africa
:
Maseru
"
{
ec
{
"
Maseru
"
}
}
"
Africa
:
Mbabane
"
{
ec
{
"
Mbabane
"
}
}
"
Africa
:
Mogadishu
"
{
ec
{
"
Mogad
scio
"
}
}
"
Africa
:
Monrovia
"
{
ec
{
"
Monr
via
"
}
}
"
Africa
:
Nairobi
"
{
ec
{
"
Nair
bi
"
}
}
"
Africa
:
Ndjamena
"
{
ec
{
"
N
Djamena
"
}
}
"
Africa
:
Niamey
"
{
ec
{
"
Niamey
"
}
}
"
Africa
:
Nouakchott
"
{
ec
{
"
Nouakchott
"
}
}
"
Africa
:
Ouagadougou
"
{
ec
{
"
Ouagadougou
"
}
}
"
Africa
:
Porto
-
Novo
"
{
ec
{
"
Porto
Novo
"
}
}
"
Africa
:
Sao_Tome
"
{
ec
{
"
S
o
Tom
"
}
}
"
Africa
:
Tripoli
"
{
ec
{
"
Tr
poli
"
}
}
"
Africa
:
Tunis
"
{
ec
{
"
T
nis
"
}
}
"
Africa
:
Windhoek
"
{
ec
{
"
Windhoek
"
}
}
"
America
:
Adak
"
{
ec
{
"
Adak
"
}
}
"
America
:
Anchorage
"
{
ec
{
"
Anchorage
"
}
}
"
America
:
Anguilla
"
{
ec
{
"
Anguila
"
}
}
"
America
:
Antigua
"
{
ec
{
"
Ant
gua
"
}
}
"
America
:
Araguaina
"
{
ec
{
"
Aragua
na
"
}
}
"
America
:
Argentina
:
La_Rioja
"
{
ec
{
"
La
Rioja
"
}
}
"
America
:
Argentina
:
Rio_Gallegos
"
{
ec
{
"
Rio
Gallegos
"
}
}
"
America
:
Argentina
:
Salta
"
{
ec
{
"
Salta
"
}
}
"
America
:
Argentina
:
San_Juan
"
{
ec
{
"
San
Juan
"
}
}
"
America
:
Argentina
:
San_Luis
"
{
ec
{
"
San
Luis
"
}
}
"
America
:
Argentina
:
Tucuman
"
{
ec
{
"
Tucum
"
}
}
"
America
:
Argentina
:
Ushuaia
"
{
ec
{
"
Ushuaia
"
}
}
"
America
:
Aruba
"
{
ec
{
"
Aruba
"
}
}
"
America
:
Asuncion
"
{
ec
{
"
Assun
o
"
}
}
"
America
:
Bahia
"
{
ec
{
"
Bahia
"
}
}
"
America
:
Bahia_Banderas
"
{
ec
{
"
Bahia
de
Banderas
"
}
}
"
America
:
Barbados
"
{
ec
{
"
Barbados
"
}
}
"
America
:
Belem
"
{
ec
{
"
Bel
m
"
}
}
"
America
:
Belize
"
{
ec
{
"
Belize
"
}
}
"
America
:
Blanc
-
Sablon
"
{
ec
{
"
Blanc
-
Sablon
"
}
}
"
America
:
Boa_Vista
"
{
ec
{
"
Boa
Vista
"
}
}
"
America
:
Bogota
"
{
ec
{
"
Bogot
"
}
}
"
America
:
Boise
"
{
ec
{
"
Boise
"
}
}
"
America
:
Buenos_Aires
"
{
ec
{
"
Buenos
Aires
"
}
}
"
America
:
Cambridge_Bay
"
{
ec
{
"
Cambridge
Bay
"
}
}
"
America
:
Campo_Grande
"
{
ec
{
"
Campo
Grande
"
}
}
"
America
:
Cancun
"
{
ec
{
"
Canc
n
"
}
}
"
America
:
Caracas
"
{
ec
{
"
Caracas
"
}
}
"
America
:
Catamarca
"
{
ec
{
"
Catamarca
"
}
}
"
America
:
Cayenne
"
{
ec
{
"
Caiena
"
}
}
"
America
:
Cayman
"
{
ec
{
"
Cayman
"
}
}
"
America
:
Chicago
"
{
ec
{
"
Chicago
"
}
}
"
America
:
Chihuahua
"
{
ec
{
"
Chihuahua
"
}
}
"
America
:
Coral_Harbour
"
{
ec
{
"
Atikokan
"
}
}
"
America
:
Cordoba
"
{
ec
{
"
C
rdoba
"
}
}
"
America
:
Costa_Rica
"
{
ec
{
"
Costa
Rica
"
}
}
"
America
:
Creston
"
{
ec
{
"
Creston
"
}
}
"
America
:
Cuiaba
"
{
ec
{
"
Cuiab
"
}
}
"
America
:
Curacao
"
{
ec
{
"
Cura
ao
"
}
}
"
America
:
Danmarkshavn
"
{
ec
{
"
Danmarkshavn
"
}
}
"
America
:
Dawson
"
{
ec
{
"
Dawson
"
}
}
"
America
:
Dawson_Creek
"
{
ec
{
"
Dawson
Creek
"
}
}
"
America
:
Denver
"
{
ec
{
"
Denver
"
}
}
"
America
:
Detroit
"
{
ec
{
"
Detroit
"
}
}
"
America
:
Dominica
"
{
ec
{
"
Dominica
"
}
}
"
America
:
Edmonton
"
{
ec
{
"
Edmonton
"
}
}
"
America
:
Eirunepe
"
{
ec
{
"
Eirunep
"
}
}
"
America
:
El_Salvador
"
{
ec
{
"
El
Salvador
"
}
}
"
America
:
Fort_Nelson
"
{
ec
{
"
Fort
Nelson
"
}
}
"
America
:
Fortaleza
"
{
ec
{
"
Fortaleza
"
}
}
"
America
:
Glace_Bay
"
{
ec
{
"
Glace
Bay
"
}
}
"
America
:
Godthab
"
{
ec
{
"
Nuuk
"
}
}
"
America
:
Goose_Bay
"
{
ec
{
"
Goose
Bay
"
}
}
"
America
:
Grand_Turk
"
{
ec
{
"
Grand
Turk
"
}
}
"
America
:
Grenada
"
{
ec
{
"
Granada
"
}
}
"
America
:
Guadeloupe
"
{
ec
{
"
Guadalupe
"
}
}
"
America
:
Guatemala
"
{
ec
{
"
Guatemala
"
}
}
"
America
:
Guayaquil
"
{
ec
{
"
Guaiaquil
"
}
}
"
America
:
Guyana
"
{
ec
{
"
Guiana
"
}
}
"
America
:
Halifax
"
{
ec
{
"
Halifax
"
}
}
"
America
:
Havana
"
{
ec
{
"
Havana
"
}
}
"
America
:
Hermosillo
"
{
ec
{
"
Hermosillo
"
}
}
"
America
:
Indiana
:
Knox
"
{
ec
{
"
Knox
Indiana
"
}
}
"
America
:
Indiana
:
Marengo
"
{
ec
{
"
Marengo
Indiana
"
}
}
"
America
:
Indiana
:
Petersburg
"
{
ec
{
"
Petersburg
Indiana
"
}
}
"
America
:
Indiana
:
Tell_City
"
{
ec
{
"
Tell
City
Indiana
"
}
}
"
America
:
Indiana
:
Vevay
"
{
ec
{
"
Vevay
Indiana
"
}
}
"
America
:
Indiana
:
Vincennes
"
{
ec
{
"
Vincennes
Indiana
"
}
}
"
America
:
Indiana
:
Winamac
"
{
ec
{
"
Winamac
Indiana
"
}
}
"
America
:
Indianapolis
"
{
ec
{
"
Indian
polis
"
}
}
"
America
:
Inuvik
"
{
ec
{
"
Inuvik
"
}
}
"
America
:
Iqaluit
"
{
ec
{
"
Iqaluit
"
}
}
"
America
:
Jamaica
"
{
ec
{
"
Jamaica
"
}
}
"
America
:
Jujuy
"
{
ec
{
"
Jujuy
"
}
}
"
America
:
Juneau
"
{
ec
{
"
Juneau
"
}
}
"
America
:
Kentucky
:
Monticello
"
{
ec
{
"
Monticello
Kentucky
"
}
}
"
America
:
Kralendijk
"
{
ec
{
"
Kralendijk
"
}
}
"
America
:
La_Paz
"
{
ec
{
"
La
Paz
"
}
}
"
America
:
Lima
"
{
ec
{
"
Lima
"
}
}
"
America
:
Los_Angeles
"
{
ec
{
"
Los
Angeles
"
}
}
"
America
:
Louisville
"
{
ec
{
"
Louisville
"
}
}
"
America
:
Lower_Princes
"
{
ec
{
"
Lower
Prince
s
Quarter
"
}
}
"
America
:
Maceio
"
{
ec
{
"
Macei
"
}
}
"
America
:
Managua
"
{
ec
{
"
Man
gua
"
}
}
"
America
:
Manaus
"
{
ec
{
"
Manaus
"
}
}
"
America
:
Marigot
"
{
ec
{
"
Marigot
"
}
}
"
America
:
Martinique
"
{
ec
{
"
Martinica
"
}
}
"
America
:
Matamoros
"
{
ec
{
"
Matamoros
"
}
}
"
America
:
Mazatlan
"
{
ec
{
"
Mazatlan
"
}
}
"
America
:
Mendoza
"
{
ec
{
"
Mendoza
"
}
}
"
America
:
Menominee
"
{
ec
{
"
Menominee
"
}
}
"
America
:
Merida
"
{
ec
{
"
M
rida
"
}
}
"
America
:
Metlakatla
"
{
ec
{
"
Metlakatla
"
}
}
"
America
:
Mexico_City
"
{
ec
{
"
Cidade
do
M
xico
"
}
}
"
America
:
Miquelon
"
{
ec
{
"
Miquelon
"
}
}
"
America
:
Moncton
"
{
ec
{
"
Moncton
"
}
}
"
America
:
Monterrey
"
{
ec
{
"
Monterrey
"
}
}
"
America
:
Montevideo
"
{
ec
{
"
Montevid
u
"
}
}
"
America
:
Montserrat
"
{
ec
{
"
Montserrat
"
}
}
"
America
:
Nassau
"
{
ec
{
"
Nassau
"
}
}
"
America
:
New_York
"
{
ec
{
"
Nova
York
"
}
}
"
America
:
Nipigon
"
{
ec
{
"
Nipigon
"
}
}
"
America
:
Nome
"
{
ec
{
"
Nome
"
}
}
"
America
:
Noronha
"
{
ec
{
"
Fernando
de
Noronha
"
}
}
"
America
:
North_Dakota
:
Beulah
"
{
ec
{
"
Beulah
Dakota
do
Norte
"
}
}
"
America
:
North_Dakota
:
Center
"
{
ec
{
"
Center
Dakota
do
Norte
"
}
}
"
America
:
North_Dakota
:
New_Salem
"
{
ec
{
"
New
Salen
Dakota
do
Norte
"
}
}
"
America
:
Ojinaga
"
{
ec
{
"
Ojinaga
"
}
}
"
America
:
Panama
"
{
ec
{
"
Panam
"
}
}
"
America
:
Pangnirtung
"
{
ec
{
"
Pangnirtung
"
}
}
"
America
:
Paramaribo
"
{
ec
{
"
Paramaribo
"
}
}
"
America
:
Phoenix
"
{
ec
{
"
Phoenix
"
}
}
"
America
:
Port
-
au
-
Prince
"
{
ec
{
"
Porto
Pr
ncipe
"
}
}
"
America
:
Port_of_Spain
"
{
ec
{
"
Port
of
Spain
"
}
}
"
America
:
Porto_Velho
"
{
ec
{
"
Porto
Velho
"
}
}
"
America
:
Puerto_Rico
"
{
ec
{
"
Porto
Rico
"
}
}
"
America
:
Punta_Arenas
"
{
ec
{
"
Punta
Arenas
"
}
}
"
America
:
Rainy_River
"
{
ec
{
"
Rainy
River
"
}
}
"
America
:
Rankin_Inlet
"
{
ec
{
"
Rankin
Inlet
"
}
}
"
America
:
Recife
"
{
ec
{
"
Recife
"
}
}
"
America
:
Regina
"
{
ec
{
"
Regina
"
}
}
"
America
:
Resolute
"
{
ec
{
"
Resolute
"
}
}
"
America
:
Rio_Branco
"
{
ec
{
"
Rio
Branco
"
}
}
"
America
:
Santa_Isabel
"
{
ec
{
"
Santa
Isabel
"
}
}
"
America
:
Santarem
"
{
ec
{
"
Santar
m
"
}
}
"
America
:
Santiago
"
{
ec
{
"
Santiago
"
}
}
"
America
:
Santo_Domingo
"
{
ec
{
"
Santo
Domingo
"
}
}
"
America
:
Sao_Paulo
"
{
ec
{
"
S
o
Paulo
"
}
}
"
America
:
Scoresbysund
"
{
ec
{
"
Ittoqqortoormiit
"
}
}
"
America
:
Sitka
"
{
ec
{
"
Sitka
"
}
}
"
America
:
St_Barthelemy
"
{
ec
{
"
S
o
Bartolomeu
"
}
}
"
America
:
St_Johns
"
{
ec
{
"
Saint
John
s
"
}
}
"
America
:
St_Kitts
"
{
ec
{
"
S
o
Crist
v
o
"
}
}
"
America
:
St_Lucia
"
{
ec
{
"
Santa
L
cia
"
}
}
"
America
:
St_Thomas
"
{
ec
{
"
Saint
Thomas
"
}
}
"
America
:
St_Vincent
"
{
ec
{
"
S
o
Vicente
"
}
}
"
America
:
Swift_Current
"
{
ec
{
"
Swift
Current
"
}
}
"
America
:
Tegucigalpa
"
{
ec
{
"
Tegucigalpa
"
}
}
"
America
:
Thule
"
{
ec
{
"
Thule
"
}
}
"
America
:
Thunder_Bay
"
{
ec
{
"
Thunder
Bay
"
}
}
"
America
:
Tijuana
"
{
ec
{
"
Tijuana
"
}
}
"
America
:
Toronto
"
{
ec
{
"
Toronto
"
}
}
"
America
:
Tortola
"
{
ec
{
"
Tortola
"
}
}
"
America
:
Vancouver
"
{
ec
{
"
Vancouver
"
}
}
"
America
:
Whitehorse
"
{
ec
{
"
Whitehorse
"
}
}
"
America
:
Winnipeg
"
{
ec
{
"
Winnipeg
"
}
}
"
America
:
Yakutat
"
{
ec
{
"
Yakutat
"
}
}
"
America
:
Yellowknife
"
{
ec
{
"
Yellowknife
"
}
}
"
Antarctica
:
Casey
"
{
ec
{
"
Casey
"
}
}
"
Antarctica
:
Davis
"
{
ec
{
"
Davis
"
}
}
"
Antarctica
:
Macquarie
"
{
ec
{
"
Macquarie
"
}
}
"
Antarctica
:
Mawson
"
{
ec
{
"
Mawson
"
}
}
"
Antarctica
:
McMurdo
"
{
ec
{
"
McMurdo
"
}
}
"
Antarctica
:
Palmer
"
{
ec
{
"
Palmer
"
}
}
"
Antarctica
:
Rothera
"
{
ec
{
"
Rothera
"
}
}
"
Antarctica
:
Syowa
"
{
ec
{
"
Syowa
"
}
}
"
Antarctica
:
Troll
"
{
ec
{
"
Troll
"
}
}
"
Antarctica
:
Vostok
"
{
ec
{
"
Vostok
"
}
}
"
Arctic
:
Longyearbyen
"
{
ec
{
"
Longyearbyen
"
}
}
"
Asia
:
Aden
"
{
ec
{
"
den
"
}
}
"
Asia
:
Almaty
"
{
ec
{
"
Almaty
"
}
}
"
Asia
:
Amman
"
{
ec
{
"
Am
"
}
}
"
Asia
:
Anadyr
"
{
ec
{
"
Anadyr
"
}
}
"
Asia
:
Aqtau
"
{
ec
{
"
Aktau
"
}
}
"
Asia
:
Aqtobe
"
{
ec
{
"
Aktobe
"
}
}
"
Asia
:
Ashgabat
"
{
ec
{
"
Asgabate
"
}
}
"
Asia
:
Atyrau
"
{
ec
{
"
Atyrau
"
}
}
"
Asia
:
Baghdad
"
{
ec
{
"
Bagd
"
}
}
"
Asia
:
Bahrain
"
{
ec
{
"
Bahrein
"
}
}
"
Asia
:
Baku
"
{
ec
{
"
Baku
"
}
}
"
Asia
:
Bangkok
"
{
ec
{
"
Bangkok
"
}
}
"
Asia
:
Barnaul
"
{
ec
{
"
Barnaul
"
}
}
"
Asia
:
Beirut
"
{
ec
{
"
Beirute
"
}
}
"
Asia
:
Bishkek
"
{
ec
{
"
Bishkek
"
}
}
"
Asia
:
Brunei
"
{
ec
{
"
Brunei
"
}
}
"
Asia
:
Calcutta
"
{
ec
{
"
Calcut
"
}
}
"
Asia
:
Chita
"
{
ec
{
"
Chita
"
}
}
"
Asia
:
Choibalsan
"
{
ec
{
"
Choibalsan
"
}
}
"
Asia
:
Colombo
"
{
ec
{
"
Colombo
"
}
}
"
Asia
:
Damascus
"
{
ec
{
"
Damasco
"
}
}
"
Asia
:
Dhaka
"
{
ec
{
"
Dacca
"
}
}
"
Asia
:
Dili
"
{
ec
{
"
Dili
"
}
}
"
Asia
:
Dubai
"
{
ec
{
"
Dubai
"
}
}
"
Asia
:
Dushanbe
"
{
ec
{
"
Duchambe
"
}
}
"
Asia
:
Famagusta
"
{
ec
{
"
Famagusta
"
}
}
"
Asia
:
Gaza
"
{
ec
{
"
Gaza
"
}
}
"
Asia
:
Hebron
"
{
ec
{
"
Hebron
"
}
}
"
Asia
:
Hong_Kong
"
{
ec
{
"
Hong
Kong
"
}
}
"
Asia
:
Hovd
"
{
ec
{
"
Hovd
"
}
}
"
Asia
:
Irkutsk
"
{
ec
{
"
Irkutsk
"
}
}
"
Asia
:
Jakarta
"
{
ec
{
"
Jacarta
"
}
}
"
Asia
:
Jayapura
"
{
ec
{
"
Jayapura
"
}
}
"
Asia
:
Jerusalem
"
{
ec
{
"
Jerusal
m
"
}
}
"
Asia
:
Kabul
"
{
ec
{
"
Cabul
"
}
}
"
Asia
:
Kamchatka
"
{
ec
{
"
Kamchatka
"
}
}
"
Asia
:
Karachi
"
{
ec
{
"
Karachi
"
}
}
"
Asia
:
Katmandu
"
{
ec
{
"
Katmandu
"
}
}
"
Asia
:
Khandyga
"
{
ec
{
"
Khandyga
"
}
}
"
Asia
:
Krasnoyarsk
"
{
ec
{
"
Krasnoyarsk
"
}
}
"
Asia
:
Kuala_Lumpur
"
{
ec
{
"
Kuala
Lumpur
"
}
}
"
Asia
:
Kuching
"
{
ec
{
"
Kuching
"
}
}
"
Asia
:
Kuwait
"
{
ec
{
"
Kuwait
"
}
}
"
Asia
:
Macau
"
{
ec
{
"
Macau
"
}
}
"
Asia
:
Magadan
"
{
ec
{
"
Magadan
"
}
}
"
Asia
:
Manila
"
{
ec
{
"
Manila
"
}
}
"
Asia
:
Muscat
"
{
ec
{
"
Mascate
"
}
}
"
Asia
:
Nicosia
"
{
ec
{
"
Nic
sia
"
}
}
"
Asia
:
Novokuznetsk
"
{
ec
{
"
Novokuznetsk
"
}
}
"
Asia
:
Novosibirsk
"
{
ec
{
"
Novosibirsk
"
}
}
"
Asia
:
Omsk
"
{
ec
{
"
Omsk
"
}
}
"
Asia
:
Oral
"
{
ec
{
"
Oral
"
}
}
"
Asia
:
Phnom_Penh
"
{
ec
{
"
Phnom
Penh
"
}
}
"
Asia
:
Pontianak
"
{
ec
{
"
Pontianak
"
}
}
"
Asia
:
Pyongyang
"
{
ec
{
"
Pyongyang
"
}
}
"
Asia
:
Qatar
"
{
ec
{
"
Catar
"
}
}
"
Asia
:
Qostanay
"
{
ec
{
"
Qostanay
"
}
}
"
Asia
:
Qyzylorda
"
{
ec
{
"
Qyzylorda
"
}
}
"
Asia
:
Rangoon
"
{
ec
{
"
Rangum
"
}
}
"
Asia
:
Riyadh
"
{
ec
{
"
Riade
"
}
}
"
Asia
:
Sakhalin
"
{
ec
{
"
Sacalina
"
}
}
"
Asia
:
Samarkand
"
{
ec
{
"
Samarcanda
"
}
}
"
Asia
:
Seoul
"
{
ec
{
"
Seul
"
}
}
"
Asia
:
Shanghai
"
{
ec
{
"
Xangai
"
}
}
"
Asia
:
Singapore
"
{
ec
{
"
Singapura
"
}
}
"
Asia
:
Srednekolymsk
"
{
ec
{
"
Srednekolymsk
"
}
}
"
Asia
:
Taipei
"
{
ec
{
"
Taipei
"
}
}
"
Asia
:
Tashkent
"
{
ec
{
"
Tashkent
"
}
}
"
Asia
:
Tbilisi
"
{
ec
{
"
Tbilisi
"
}
}
"
Asia
:
Tehran
"
{
ec
{
"
Teer
"
}
}
"
Asia
:
Thimphu
"
{
ec
{
"
Thimphu
"
}
}
"
Asia
:
Tokyo
"
{
ec
{
"
T
quio
"
}
}
"
Asia
:
Tomsk
"
{
ec
{
"
Tomsk
"
}
}
"
Asia
:
Ulaanbaatar
"
{
ec
{
"
Ulan
Bator
"
}
}
"
Asia
:
Urumqi
"
{
ec
{
"
Urumqi
"
}
}
"
Asia
:
Ust
-
Nera
"
{
ec
{
"
Ust
-
Nera
"
}
}
"
Asia
:
Vientiane
"
{
ec
{
"
Vientiane
"
}
}
"
Asia
:
Vladivostok
"
{
ec
{
"
Vladivostok
"
}
}
"
Asia
:
Yakutsk
"
{
ec
{
"
Yakutsk
"
}
}
"
Asia
:
Yekaterinburg
"
{
ec
{
"
Ecaterimburgo
"
}
}
"
Asia
:
Yerevan
"
{
ec
{
"
Yerevan
"
}
}
"
Atlantic
:
Azores
"
{
ec
{
"
A
ores
"
}
}
"
Atlantic
:
Bermuda
"
{
ec
{
"
Bermudas
"
}
}
"
Atlantic
:
Canary
"
{
ec
{
"
Can
rias
"
}
}
"
Atlantic
:
Cape_Verde
"
{
ec
{
"
Cabo
Verde
"
}
}
"
Atlantic
:
Faeroe
"
{
ec
{
"
Ilhas
Faroe
"
}
}
"
Atlantic
:
Madeira
"
{
ec
{
"
Madeira
"
}
}
"
Atlantic
:
Reykjavik
"
{
ec
{
"
Reykjav
k
"
}
}
"
Atlantic
:
South_Georgia
"
{
ec
{
"
Ge
rgia
do
Sul
"
}
}
"
Atlantic
:
St_Helena
"
{
ec
{
"
Santa
Helena
"
}
}
"
Atlantic
:
Stanley
"
{
ec
{
"
Stanley
"
}
}
"
Australia
:
Adelaide
"
{
ec
{
"
Adelaide
"
}
}
"
Australia
:
Brisbane
"
{
ec
{
"
Brisbane
"
}
}
"
Australia
:
Broken_Hill
"
{
ec
{
"
Broken
Hill
"
}
}
"
Australia
:
Currie
"
{
ec
{
"
Currie
"
}
}
"
Australia
:
Darwin
"
{
ec
{
"
Darwin
"
}
}
"
Australia
:
Eucla
"
{
ec
{
"
Eucla
"
}
}
"
Australia
:
Hobart
"
{
ec
{
"
Hobart
"
}
}
"
Australia
:
Lindeman
"
{
ec
{
"
Lindeman
"
}
}
"
Australia
:
Lord_Howe
"
{
ec
{
"
Lord
Howe
"
}
}
"
Australia
:
Melbourne
"
{
ec
{
"
Melbourne
"
}
}
"
Australia
:
Perth
"
{
ec
{
"
Perth
"
}
}
"
Australia
:
Sydney
"
{
ec
{
"
Sydney
"
}
}
"
Etc
:
UTC
"
{
ls
{
"
Hor
rio
Universal
Coordenado
"
}
}
"
Etc
:
Unknown
"
{
ec
{
"
Cidade
desconhecida
"
}
}
"
Europe
:
Amsterdam
"
{
ec
{
"
Amsterd
"
}
}
"
Europe
:
Andorra
"
{
ec
{
"
Andorra
"
}
}
"
Europe
:
Astrakhan
"
{
ec
{
"
Astrac
"
}
}
"
Europe
:
Athens
"
{
ec
{
"
Atenas
"
}
}
"
Europe
:
Belgrade
"
{
ec
{
"
Belgrado
"
}
}
"
Europe
:
Berlin
"
{
ec
{
"
Berlim
"
}
}
"
Europe
:
Bratislava
"
{
ec
{
"
Bratislava
"
}
}
"
Europe
:
Brussels
"
{
ec
{
"
Bruxelas
"
}
}
"
Europe
:
Bucharest
"
{
ec
{
"
Bucareste
"
}
}
"
Europe
:
Budapest
"
{
ec
{
"
Budapeste
"
}
}
"
Europe
:
Busingen
"
{
ec
{
"
B
singen
"
}
}
"
Europe
:
Chisinau
"
{
ec
{
"
Chisinau
"
}
}
"
Europe
:
Copenhagen
"
{
ec
{
"
Copenhague
"
}
}
"
Europe
:
Dublin
"
{
ec
{
"
Dublin
"
}
ld
{
"
Hor
rio
Padr
o
Irland
s
"
}
}
"
Europe
:
Gibraltar
"
{
ec
{
"
Gibraltar
"
}
}
"
Europe
:
Guernsey
"
{
ec
{
"
Guernsey
"
}
}
"
Europe
:
Helsinki
"
{
ec
{
"
Helsinque
"
}
}
"
Europe
:
Isle_of_Man
"
{
ec
{
"
Ilha
de
Man
"
}
}
"
Europe
:
Istanbul
"
{
ec
{
"
Istambul
"
}
}
"
Europe
:
Jersey
"
{
ec
{
"
Jersey
"
}
}
"
Europe
:
Kaliningrad
"
{
ec
{
"
Kaliningrado
"
}
}
"
Europe
:
Kiev
"
{
ec
{
"
Kiev
"
}
}
"
Europe
:
Kirov
"
{
ec
{
"
Kirov
"
}
}
"
Europe
:
Lisbon
"
{
ec
{
"
Lisboa
"
}
}
"
Europe
:
Ljubljana
"
{
ec
{
"
Liubliana
"
}
}
"
Europe
:
London
"
{
ec
{
"
Londres
"
}
ld
{
"
Hor
rio
de
Ver
o
Brit
nico
"
}
}
"
Europe
:
Luxembourg
"
{
ec
{
"
Luxemburgo
"
}
}
"
Europe
:
Madrid
"
{
ec
{
"
Madri
"
}
}
"
Europe
:
Malta
"
{
ec
{
"
Malta
"
}
}
"
Europe
:
Mariehamn
"
{
ec
{
"
Mariehamn
"
}
}
"
Europe
:
Minsk
"
{
ec
{
"
Minsk
"
}
}
"
Europe
:
Monaco
"
{
ec
{
"
M
naco
"
}
}
"
Europe
:
Moscow
"
{
ec
{
"
Moscou
"
}
}
"
Europe
:
Oslo
"
{
ec
{
"
Oslo
"
}
}
"
Europe
:
Paris
"
{
ec
{
"
Paris
"
}
}
"
Europe
:
Podgorica
"
{
ec
{
"
Podgorica
"
}
}
"
Europe
:
Prague
"
{
ec
{
"
Praga
"
}
}
"
Europe
:
Riga
"
{
ec
{
"
Riga
"
}
}
"
Europe
:
Rome
"
{
ec
{
"
Roma
"
}
}
"
Europe
:
Samara
"
{
ec
{
"
Samara
"
}
}
"
Europe
:
San_Marino
"
{
ec
{
"
San
Marino
"
}
}
"
Europe
:
Sarajevo
"
{
ec
{
"
Sarajevo
"
}
}
"
Europe
:
Saratov
"
{
ec
{
"
Saratov
"
}
}
"
Europe
:
Simferopol
"
{
ec
{
"
Simferopol
"
}
}
"
Europe
:
Skopje
"
{
ec
{
"
Skopje
"
}
}
"
Europe
:
Sofia
"
{
ec
{
"
S
fia
"
}
}
"
Europe
:
Stockholm
"
{
ec
{
"
Estocolmo
"
}
}
"
Europe
:
Tallinn
"
{
ec
{
"
Tallinn
"
}
}
"
Europe
:
Tirane
"
{
ec
{
"
Tirana
"
}
}
"
Europe
:
Ulyanovsk
"
{
ec
{
"
Ulianovsk
"
}
}
"
Europe
:
Uzhgorod
"
{
ec
{
"
Uzhgorod
"
}
}
"
Europe
:
Vaduz
"
{
ec
{
"
Vaduz
"
}
}
"
Europe
:
Vatican
"
{
ec
{
"
Vaticano
"
}
}
"
Europe
:
Vienna
"
{
ec
{
"
Viena
"
}
}
"
Europe
:
Vilnius
"
{
ec
{
"
Vilnius
"
}
}
"
Europe
:
Volgograd
"
{
ec
{
"
Volgogrado
"
}
}
"
Europe
:
Warsaw
"
{
ec
{
"
Vars
via
"
}
}
"
Europe
:
Zagreb
"
{
ec
{
"
Zagreb
"
}
}
"
Europe
:
Zaporozhye
"
{
ec
{
"
Zaporizhia
"
}
}
"
Europe
:
Zurich
"
{
ec
{
"
Zurique
"
}
}
"
Indian
:
Antananarivo
"
{
ec
{
"
Antananarivo
"
}
}
"
Indian
:
Chagos
"
{
ec
{
"
Chagos
"
}
}
"
Indian
:
Christmas
"
{
ec
{
"
Christmas
"
}
}
"
Indian
:
Cocos
"
{
ec
{
"
Cocos
"
}
}
"
Indian
:
Comoro
"
{
ec
{
"
Comores
"
}
}
"
Indian
:
Kerguelen
"
{
ec
{
"
Kerguelen
"
}
}
"
Indian
:
Mahe
"
{
ec
{
"
Mah
"
}
}
"
Indian
:
Maldives
"
{
ec
{
"
Maldivas
"
}
}
"
Indian
:
Mauritius
"
{
ec
{
"
Maur
cio
"
}
}
"
Indian
:
Mayotte
"
{
ec
{
"
Mayotte
"
}
}
"
Indian
:
Reunion
"
{
ec
{
"
Reuni
o
"
}
}
"
Pacific
:
Apia
"
{
ec
{
"
Apia
"
}
}
"
Pacific
:
Auckland
"
{
ec
{
"
Auckland
"
}
}
"
Pacific
:
Bougainville
"
{
ec
{
"
Bougainville
"
}
}
"
Pacific
:
Chatham
"
{
ec
{
"
Chatnam
"
}
}
"
Pacific
:
Easter
"
{
ec
{
"
Ilha
de
P
scoa
"
}
}
"
Pacific
:
Efate
"
{
ec
{
"
fat
"
}
}
"
Pacific
:
Enderbury
"
{
ec
{
"
Enderbury
"
}
}
"
Pacific
:
Fakaofo
"
{
ec
{
"
Fakaofo
"
}
}
"
Pacific
:
Fiji
"
{
ec
{
"
Fiji
"
}
}
"
Pacific
:
Funafuti
"
{
ec
{
"
Funafuti
"
}
}
"
Pacific
:
Galapagos
"
{
ec
{
"
Gal
pagos
"
}
}
"
Pacific
:
Gambier
"
{
ec
{
"
Gambier
"
}
}
"
Pacific
:
Guadalcanal
"
{
ec
{
"
Guadalcanal
"
}
}
"
Pacific
:
Guam
"
{
ec
{
"
Guam
"
}
}
"
Pacific
:
Honolulu
"
{
ec
{
"
Honolulu
"
}
}
"
Pacific
:
Johnston
"
{
ec
{
"
Johnston
"
}
}
"
Pacific
:
Kiritimati
"
{
ec
{
"
Kiritimati
"
}
}
"
Pacific
:
Kosrae
"
{
ec
{
"
Kosrae
"
}
}
"
Pacific
:
Kwajalein
"
{
ec
{
"
Kwajalein
"
}
}
"
Pacific
:
Majuro
"
{
ec
{
"
Majuro
"
}
}
"
Pacific
:
Marquesas
"
{
ec
{
"
Marquesas
"
}
}
"
Pacific
:
Midway
"
{
ec
{
"
Midway
"
}
}
"
Pacific
:
Nauru
"
{
ec
{
"
Nauru
"
}
}
"
Pacific
:
Niue
"
{
ec
{
"
Niue
"
}
}
"
Pacific
:
Norfolk
"
{
ec
{
"
Norfolk
"
}
}
"
Pacific
:
Noumea
"
{
ec
{
"
Noum
a
"
}
}
"
Pacific
:
Pago_Pago
"
{
ec
{
"
Pago
Pago
"
}
}
"
Pacific
:
Palau
"
{
ec
{
"
Palau
"
}
}
"
Pacific
:
Pitcairn
"
{
ec
{
"
Pitcairn
"
}
}
"
Pacific
:
Port_Moresby
"
{
ec
{
"
Port
Moresby
"
}
}
"
Pacific
:
Rarotonga
"
{
ec
{
"
Rarotonga
"
}
}
"
Pacific
:
Saipan
"
{
ec
{
"
Saipan
"
}
}
"
Pacific
:
Tahiti
"
{
ec
{
"
Taiti
"
}
}
"
Pacific
:
Tarawa
"
{
ec
{
"
Taraua
"
}
}
"
Pacific
:
Tongatapu
"
{
ec
{
"
Tongatapu
"
}
}
"
Pacific
:
Wake
"
{
ec
{
"
Wake
"
}
}
"
Pacific
:
Wallis
"
{
ec
{
"
Wallis
"
}
}
"
meta
:
Acre
"
{
ld
{
"
Hor
rio
de
Ver
o
do
Acre
"
}
lg
{
"
Hor
rio
do
Acre
"
}
ls
{
"
Hor
rio
Padr
o
do
Acre
"
}
sd
{
"
ACST
"
}
sg
{
"
ACT
"
}
ss
{
"
ACT
"
}
}
"
meta
:
Afghanistan
"
{
ls
{
"
Hor
rio
do
Afeganist
o
"
}
}
"
meta
:
Africa_Central
"
{
ls
{
"
Hor
rio
da
frica
Central
"
}
}
"
meta
:
Africa_Eastern
"
{
ls
{
"
Hor
rio
da
frica
Oriental
"
}
}
"
meta
:
Africa_Southern
"
{
ls
{
"
Hor
rio
da
frica
do
Sul
"
}
}
"
meta
:
Africa_Western
"
{
ld
{
"
Hor
rio
de
Ver
o
da
frica
Ocidental
"
}
lg
{
"
Hor
rio
da
frica
Ocidental
"
}
ls
{
"
Hor
rio
Padr
o
da
frica
Ocidental
"
}
}
"
meta
:
Alaska
"
{
ld
{
"
Hor
rio
de
Ver
o
do
Alasca
"
}
lg
{
"
Hor
rio
do
Alasca
"
}
ls
{
"
Hor
rio
Padr
o
do
Alasca
"
}
}
"
meta
:
Almaty
"
{
ld
{
"
Hor
rio
de
Ver
o
do
Almaty
"
}
lg
{
"
Hor
rio
do
Almaty
"
}
ls
{
"
Hor
rio
Padr
o
do
Almaty
"
}
}
"
meta
:
Amazon
"
{
ld
{
"
Hor
rio
de
Ver
o
do
Amazonas
"
}
lg
{
"
Hor
rio
do
Amazonas
"
}
ls
{
"
Hor
rio
Padr
o
do
Amazonas
"
}
sd
{
"
AMST
"
}
sg
{
"
AMT
"
}
ss
{
"
AMT
"
}
}
"
meta
:
America_Central
"
{
ld
{
"
Hor
rio
de
Ver
o
Central
"
}
lg
{
"
Hor
rio
Central
"
}
ls
{
"
Hor
rio
Padr
o
Central
"
}
}
"
meta
:
America_Eastern
"
{
ld
{
"
Hor
rio
de
Ver
o
do
Leste
"
}
lg
{
"
Hor
rio
do
Leste
"
}
ls
{
"
Hor
rio
Padr
o
do
Leste
"
}
}
"
meta
:
America_Mountain
"
{
ld
{
"
Hor
rio
de
Ver
o
das
Montanhas
"
}
lg
{
"
Hor
rio
das
Montanhas
"
}
ls
{
"
Hor
rio
Padr
o
das
Montanhas
"
}
}
"
meta
:
America_Pacific
"
{
ld
{
"
Hor
rio
de
Ver
o
do
Pac
fico
"
}
lg
{
"
Hor
rio
do
Pac
fico
"
}
ls
{
"
Hor
rio
Padr
o
do
Pac
fico
"
}
}
"
meta
:
Anadyr
"
{
ld
{
"
Hor
rio
de
Ver
o
do
Anadyr
"
}
lg
{
"
Hor
rio
de
Anadyr
"
}
ls
{
"
Hor
rio
Padr
o
do
Anadyr
"
}
}
"
meta
:
Apia
"
{
ld
{
"
Hor
rio
de
Ver
o
de
Apia
"
}
lg
{
"
Hor
rio
de
Apia
"
}
ls
{
"
Hor
rio
Padr
o
de
Apia
"
}
}
"
meta
:
Aqtau
"
{
ld
{
"
Hor
rio
de
Ver
o
do
Aqtau
"
}
lg
{
"
Hor
rio
do
Aqtau
"
}
ls
{
"
Hor
rio
Padr
o
do
Aqtau
"
}
}
"
meta
:
Aqtobe
"
{
ld
{
"
Hor
rio
de
Ver
o
do
Aqtobe
"
}
lg
{
"
Hor
rio
do
Aqtobe
"
}
ls
{
"
Hor
rio
Padr
o
do
Aqtobe
"
}
}
"
meta
:
Arabian
"
{
ld
{
"
Hor
rio
de
Ver
o
da
Ar
bia
"
}
lg
{
"
Hor
rio
da
Ar
bia
"
}
ls
{
"
Hor
rio
Padr
o
da
Ar
bia
"
}
}
"
meta
:
Argentina
"
{
ld
{
"
Hor
rio
de
Ver
o
da
Argentina
"
}
lg
{
"
Hor
rio
da
Argentina
"
}
ls
{
"
Hor
rio
Padr
o
da
Argentina
"
}
}
"
meta
:
Argentina_Western
"
{
ld
{
"
Hor
rio
de
Ver
o
da
Argentina
Ocidental
"
}
lg
{
"
Hor
rio
da
Argentina
Ocidental
"
}
ls
{
"
Hor
rio
Padr
o
da
Argentina
Ocidental
"
}
}
"
meta
:
Armenia
"
{
ld
{
"
Hor
rio
de
Ver
o
da
Arm
nia
"
}
lg
{
"
Hor
rio
da
Arm
nia
"
}
ls
{
"
Hor
rio
Padr
o
da
Arm
nia
"
}
}
"
meta
:
Atlantic
"
{
ld
{
"
Hor
rio
de
Ver
o
do
Atl
ntico
"
}
lg
{
"
Hor
rio
do
Atl
ntico
"
}
ls
{
"
Hor
rio
Padr
o
do
Atl
ntico
"
}
}
"
meta
:
Australia_Central
"
{
ld
{
"
Hor
rio
de
Ver
o
da
Austr
lia
Central
"
}
lg
{
"
Hor
rio
da
Austr
lia
Central
"
}
ls
{
"
Hor
rio
Padr
o
da
Austr
lia
Central
"
}
}
"
meta
:
Australia_CentralWestern
"
{
ld
{
"
Hor
rio
de
Ver
o
da
Austr
lia
Centro
-
Ocidental
"
}
lg
{
"
Hor
rio
da
Austr
lia
Centro
-
Ocidental
"
}
ls
{
"
Hor
rio
Padr
o
da
Austr
lia
Centro
-
Ocidental
"
}
}
"
meta
:
Australia_Eastern
"
{
ld
{
"
Hor
rio
de
Ver
o
da
Austr
lia
Oriental
"
}
lg
{
"
Hor
rio
da
Austr
lia
Oriental
"
}
ls
{
"
Hor
rio
Padr
o
da
Austr
lia
Oriental
"
}
}
"
meta
:
Australia_Western
"
{
ld
{
"
Hor
rio
de
Ver
o
da
Austr
lia
Ocidental
"
}
lg
{
"
Hor
rio
da
Austr
lia
Ocidental
"
}
ls
{
"
Hor
rio
Padr
o
da
Austr
lia
Ocidental
"
}
}
"
meta
:
Azerbaijan
"
{
ld
{
"
Hor
rio
de
Ver
o
do
Arzeibaij
o
"
}
lg
{
"
Hor
rio
do
Arzeibaij
o
"
}
ls
{
"
Hor
rio
Padr
o
do
Arzeibaij
o
"
}
}
"
meta
:
Azores
"
{
ld
{
"
Hor
rio
de
Ver
o
dos
A
ores
"
}
lg
{
"
Hor
rio
dos
A
ores
"
}
ls
{
"
Hor
rio
Padr
o
dos
A
ores
"
}
}
"
meta
:
Bangladesh
"
{
ld
{
"
Hor
rio
de
Ver
o
de
Bangladesh
"
}
lg
{
"
Hor
rio
de
Bangladesh
"
}
ls
{
"
Hor
rio
Padr
o
de
Bangladesh
"
}
}
"
meta
:
Bhutan
"
{
ls
{
"
Hor
rio
do
But
o
"
}
}
"
meta
:
Bolivia
"
{
ls
{
"
Hor
rio
da
Bol
via
"
}
}
"
meta
:
Brasilia
"
{
ld
{
"
Hor
rio
de
Ver
o
de
Bras
lia
"
}
lg
{
"
Hor
rio
de
Bras
lia
"
}
ls
{
"
Hor
rio
Padr
o
de
Bras
lia
"
}
sd
{
"
BRST
"
}
sg
{
"
BRT
"
}
ss
{
"
BRT
"
}
}
"
meta
:
Brunei
"
{
ls
{
"
Hor
rio
de
Brunei
Darussalam
"
}
}
"
meta
:
Cape_Verde
"
{
ld
{
"
Hor
rio
de
Ver
o
de
Cabo
Verde
"
}
lg
{
"
Hor
rio
de
Cabo
Verde
"
}
ls
{
"
Hor
rio
Padr
o
de
Cabo
Verde
"
}
}
"
meta
:
Chamorro
"
{
ls
{
"
Hor
rio
de
Chamorro
"
}
}
"
meta
:
Chatham
"
{
ld
{
"
Hor
rio
de
Ver
o
de
Chatham
"
}
lg
{
"
Hor
rio
de
Chatham
"
}
ls
{
"
Hor
rio
Padr
o
de
Chatham
"
}
}
"
meta
:
Chile
"
{
ld
{
"
Hor
rio
de
Ver
o
do
Chile
"
}
lg
{
"
Hor
rio
do
Chile
"
}
ls
{
"
Hor
rio
Padr
o
do
Chile
"
}
}
"
meta
:
China
"
{
ld
{
"
Hor
rio
de
Ver
o
da
China
"
}
lg
{
"
Hor
rio
da
China
"
}
ls
{
"
Hor
rio
Padr
o
da
China
"
}
}
"
meta
:
Choibalsan
"
{
ld
{
"
Hor
rio
de
Ver
o
de
Choibalsan
"
}
lg
{
"
Hor
rio
de
Choibalsan
"
}
ls
{
"
Hor
rio
Padr
o
de
Choibalsan
"
}
}
"
meta
:
Christmas
"
{
ls
{
"
Hor
rio
da
Ilha
Christmas
"
}
}
"
meta
:
Cocos
"
{
ls
{
"
Hor
rio
das
Ilhas
Coco
"
}
}
"
meta
:
Colombia
"
{
ld
{
"
Hor
rio
de
Ver
o
da
Col
mbia
"
}
lg
{
"
Hor
rio
da
Col
mbia
"
}
ls
{
"
Hor
rio
Padr
o
da
Col
mbia
"
}
}
"
meta
:
Cook
"
{
ld
{
"
Meio
Hor
rio
de
Ver
o
das
Ilhas
Cook
"
}
lg
{
"
Hor
rio
das
Ilhas
Cook
"
}
ls
{
"
Hor
rio
Padr
o
das
Ilhas
Cook
"
}
}
"
meta
:
Cuba
"
{
ld
{
"
Hor
rio
de
Ver
o
de
Cuba
"
}
lg
{
"
Hor
rio
de
Cuba
"
}
ls
{
"
Hor
rio
Padr
o
de
Cuba
"
}
}
"
meta
:
Davis
"
{
ls
{
"
Hor
rio
de
Davis
"
}
}
"
meta
:
DumontDUrville
"
{
ls
{
"
Hor
rio
de
Dumont
-
d
Urville
"
}
}
"
meta
:
East_Timor
"
{
ls
{
"
Hor
rio
do
Timor
-
Leste
"
}
}
"
meta
:
Easter
"
{
ld
{
"
Hor
rio
de
Ver
o
da
Ilha
de
P
scoa
"
}
lg
{
"
Hor
rio
da
Ilha
de
P
scoa
"
}
ls
{
"
Hor
rio
Padr
o
da
Ilha
de
P
scoa
"
}
}
"
meta
:
Ecuador
"
{
ls
{
"
Hor
rio
do
Equador
"
}
}
"
meta
:
Europe_Central
"
{
ld
{
"
Hor
rio
de
Ver
o
da
Europa
Central
"
}
lg
{
"
Hor
rio
da
Europa
Central
"
}
ls
{
"
Hor
rio
Padr
o
da
Europa
Central
"
}
}
"
meta
:
Europe_Eastern
"
{
ld
{
"
Hor
rio
de
Ver
o
da
Europa
Oriental
"
}
lg
{
"
Hor
rio
da
Europa
Oriental
"
}
ls
{
"
Hor
rio
Padr
o
da
Europa
Oriental
"
}
}
"
meta
:
Europe_Further_Eastern
"
{
ls
{
"
Hor
rio
do
Extremo
Leste
Europeu
"
}
}
"
meta
:
Europe_Western
"
{
ld
{
"
Hor
rio
de
Ver
o
da
Europa
Ocidental
"
}
lg
{
"
Hor
rio
da
Europa
Ocidental
"
}
ls
{
"
Hor
rio
Padr
o
da
Europa
Ocidental
"
}
}
"
meta
:
Falkland
"
{
ld
{
"
Hor
rio
de
Ver
o
das
Ilhas
Malvinas
"
}
lg
{
"
Hor
rio
das
Ilhas
Malvinas
"
}
ls
{
"
Hor
rio
Padr
o
das
Ilhas
Malvinas
"
}
}
"
meta
:
Fiji
"
{
ld
{
"
Hor
rio
de
Ver
o
de
Fiji
"
}
lg
{
"
Hor
rio
de
Fiji
"
}
ls
{
"
Hor
rio
Padr
o
de
Fiji
"
}
}
"
meta
:
French_Guiana
"
{
ls
{
"
Hor
rio
da
Guiana
Francesa
"
}
}
"
meta
:
French_Southern
"
{
ls
{
"
Hor
rio
dos
Territ
rios
Franceses
do
Sul
e
Ant
rtida
"
}
}
"
meta
:
GMT
"
{
ls
{
"
Hor
rio
do
Meridiano
de
Greenwich
"
}
}
"
meta
:
Galapagos
"
{
ls
{
"
Hor
rio
de
Gal
pagos
"
}
}
"
meta
:
Gambier
"
{
ls
{
"
Hor
rio
de
Gambier
"
}
}
"
meta
:
Georgia
"
{
ld
{
"
Hor
rio
de
Ver
o
da
Ge
rgia
"
}
lg
{
"
Hor
rio
da
Ge
rgia
"
}
ls
{
"
Hor
rio
Padr
o
da
Ge
rgia
"
}
}
"
meta
:
Gilbert_Islands
"
{
ls
{
"
Hor
rio
das
Ilhas
Gilberto
"
}
}
"
meta
:
Greenland_Eastern
"
{
ld
{
"
Hor
rio
de
Ver
o
da
Groel
ndia
Oriental
"
}
lg
{
"
Hor
rio
da
Groel
ndia
Oriental
"
}
ls
{
"
Hor
rio
Padr
o
da
Groel
ndia
Oriental
"
}
}
"
meta
:
Greenland_Western
"
{
ld
{
"
Hor
rio
de
Ver
o
da
Groenl
ndia
Ocidental
"
}
lg
{
"
Hor
rio
da
Groenl
ndia
Ocidental
"
}
ls
{
"
Hor
rio
Padr
o
da
Groenl
ndia
Ocidental
"
}
}
"
meta
:
Guam
"
{
ls
{
"
Hor
rio
Padr
o
de
Guam
"
}
}
"
meta
:
Gulf
"
{
ls
{
"
Hor
rio
do
Golfo
"
}
}
"
meta
:
Guyana
"
{
ls
{
"
Hor
rio
da
Guiana
"
}
}
"
meta
:
Hawaii_Aleutian
"
{
ld
{
"
Hor
rio
de
Ver
o
do
Hava
e
Ilhas
Aleutas
"
}
lg
{
"
Hor
rio
do
Hava
e
Ilhas
Aleutas
"
}
ls
{
"
Hor
rio
Padr
o
do
Hava
e
Ilhas
Aleutas
"
}
}
"
meta
:
Hong_Kong
"
{
ld
{
"
Hor
rio
de
Ver
o
de
Hong
Kong
"
}
lg
{
"
Hor
rio
de
Hong
Kong
"
}
ls
{
"
Hor
rio
Padr
o
de
Hong
Kong
"
}
}
"
meta
:
Hovd
"
{
ld
{
"
Hor
rio
de
Ver
o
de
Hovd
"
}
lg
{
"
Hor
rio
de
Hovd
"
}
ls
{
"
Hor
rio
Padr
o
de
Hovd
"
}
}
"
meta
:
India
"
{
ls
{
"
Hor
rio
Padr
o
da
ndia
"
}
}
"
meta
:
Indian_Ocean
"
{
ls
{
"
Hor
rio
do
Oceano
ndico
"
}
}
"
meta
:
Indochina
"
{
ls
{
"
Hor
rio
da
Indochina
"
}
}
"
meta
:
Indonesia_Central
"
{
ls
{
"
Hor
rio
da
Indon
sia
Central
"
}
}
"
meta
:
Indonesia_Eastern
"
{
ls
{
"
Hor
rio
da
Indon
sia
Oriental
"
}
}
"
meta
:
Indonesia_Western
"
{
ls
{
"
Hor
rio
da
Indon
sia
Ocidental
"
}
}
"
meta
:
Iran
"
{
ld
{
"
Hor
rio
de
Ver
o
do
Ir
"
}
lg
{
"
Hor
rio
do
Ir
"
}
ls
{
"
Hor
rio
Padr
o
do
Ir
"
}
}
"
meta
:
Irkutsk
"
{
ld
{
"
Hor
rio
de
Ver
o
de
Irkutsk
"
}
lg
{
"
Hor
rio
de
Irkutsk
"
}
ls
{
"
Hor
rio
Padr
o
de
Irkutsk
"
}
}
"
meta
:
Israel
"
{
ld
{
"
Hor
rio
de
Ver
o
de
Israel
"
}
lg
{
"
Hor
rio
de
Israel
"
}
ls
{
"
Hor
rio
Padr
o
de
Israel
"
}
}
"
meta
:
Japan
"
{
ld
{
"
Hor
rio
de
Ver
o
do
Jap
o
"
}
lg
{
"
Hor
rio
do
Jap
o
"
}
ls
{
"
Hor
rio
Padr
o
do
Jap
o
"
}
}
"
meta
:
Kamchatka
"
{
ld
{
"
Hor
rio
de
Ver
o
de
Petropavlovsk
-
Kamchatski
"
}
lg
{
"
Hor
rio
de
Petropavlovsk
-
Kamchatski
"
}
ls
{
"
Hor
rio
Padr
o
de
Petropavlovsk
-
Kamchatski
"
}
}
"
meta
:
Kazakhstan_Eastern
"
{
ls
{
"
Hor
rio
do
Casaquist
o
Oriental
"
}
}
"
meta
:
Kazakhstan_Western
"
{
ls
{
"
Hor
rio
do
Casaquist
o
Ocidental
"
}
}
"
meta
:
Korea
"
{
ld
{
"
Hor
rio
de
Ver
o
da
Coreia
"
}
lg
{
"
Hor
rio
da
Coreia
"
}
ls
{
"
Hor
rio
Padr
o
da
Coreia
"
}
}
"
meta
:
Kosrae
"
{
ls
{
"
Hor
rio
de
Kosrae
"
}
}
"
meta
:
Krasnoyarsk
"
{
ld
{
"
Hor
rio
de
Ver
o
de
Krasnoyarsk
"
}
lg
{
"
Hor
rio
de
Krasnoyarsk
"
}
ls
{
"
Hor
rio
Padr
o
de
Krasnoyarsk
"
}
}
"
meta
:
Kyrgystan
"
{
ls
{
"
Hor
rio
do
Quirguist
o
"
}
}
"
meta
:
Lanka
"
{
ls
{
"
Hor
rio
de
Lanka
"
}
}
"
meta
:
Line_Islands
"
{
ls
{
"
Hor
rio
das
Ilhas
da
Linha
"
}
}
"
meta
:
Lord_Howe
"
{
ld
{
"
Hor
rio
de
Ver
o
de
Lord
Howe
"
}
lg
{
"
Hor
rio
de
Lord
Howe
"
}
ls
{
"
Hor
rio
Padr
o
de
Lord
Howe
"
}
}
"
meta
:
Macau
"
{
ld
{
"
Hor
rio
de
Ver
o
de
Macau
"
}
lg
{
"
Hor
rio
de
Macau
"
}
ls
{
"
Hor
rio
Padr
o
de
Macau
"
}
}
"
meta
:
Macquarie
"
{
ls
{
"
Hor
rio
da
Ilha
Macquarie
"
}
}
"
meta
:
Magadan
"
{
ld
{
"
Hor
rio
de
Ver
o
de
Magadan
"
}
lg
{
"
Hor
rio
de
Magadan
"
}
ls
{
"
Hor
rio
Padr
o
de
Magadan
"
}
}
"
meta
:
Malaysia
"
{
ls
{
"
Hor
rio
da
Mal
sia
"
}
}
"
meta
:
Maldives
"
{
ls
{
"
Hor
rio
das
Ilhas
Maldivas
"
}
}
"
meta
:
Marquesas
"
{
ls
{
"
Hor
rio
das
Marquesas
"
}
}
"
meta
:
Marshall_Islands
"
{
ls
{
"
Hor
rio
das
Ilhas
Marshall
"
}
}
"
meta
:
Mauritius
"
{
ld
{
"
Hor
rio
de
Ver
o
de
Maur
cio
"
}
lg
{
"
Hor
rio
de
Maur
cio
"
}
ls
{
"
Hor
rio
Padr
o
de
Maur
cio
"
}
}
"
meta
:
Mawson
"
{
ls
{
"
Hor
rio
de
Mawson
"
}
}
"
meta
:
Mexico_Northwest
"
{
ld
{
"
Hor
rio
de
Ver
o
do
Noroeste
do
M
xico
"
}
lg
{
"
Hor
rio
do
Noroeste
do
M
xico
"
}
ls
{
"
Hor
rio
Padr
o
do
Noroeste
do
M
xico
"
}
}
"
meta
:
Mexico_Pacific
"
{
ld
{
"
Hor
rio
de
Ver
o
do
Pac
fico
Mexicano
"
}
lg
{
"
Hor
rio
do
Pac
fico
Mexicano
"
}
ls
{
"
Hor
rio
Padr
o
do
Pac
fico
Mexicano
"
}
}
"
meta
:
Mongolia
"
{
ld
{
"
Hor
rio
de
Ver
o
de
Ulan
Bator
"
}
lg
{
"
Hor
rio
de
Ulan
Bator
"
}
ls
{
"
Hor
rio
Padr
o
de
Ulan
Bator
"
}
}
"
meta
:
Moscow
"
{
ld
{
"
Hor
rio
de
Ver
o
de
Moscou
"
}
lg
{
"
Hor
rio
de
Moscou
"
}
ls
{
"
Hor
rio
Padr
o
de
Moscou
"
}
}
"
meta
:
Myanmar
"
{
ls
{
"
Hor
rio
de
Mianmar
"
}
}
"
meta
:
Nauru
"
{
ls
{
"
Hor
rio
de
Nauru
"
}
}
"
meta
:
Nepal
"
{
ls
{
"
Hor
rio
do
Nepal
"
}
}
"
meta
:
New_Caledonia
"
{
ld
{
"
Hor
rio
de
Ver
o
da
Nova
Caled
nia
"
}
lg
{
"
Hor
rio
da
Nova
Caled
nia
"
}
ls
{
"
Hor
rio
Padr
o
da
Nova
Caled
nia
"
}
}
"
meta
:
New_Zealand
"
{
ld
{
"
Hor
rio
de
Ver
o
da
Nova
Zel
ndia
"
}
lg
{
"
Hor
rio
da
Nova
Zel
ndia
"
}
ls
{
"
Hor
rio
Padr
o
da
Nova
Zel
ndia
"
}
}
"
meta
:
Newfoundland
"
{
ld
{
"
Hor
rio
de
Ver
o
da
Terra
Nova
"
}
lg
{
"
Hor
rio
da
Terra
Nova
"
}
ls
{
"
Hor
rio
Padr
o
da
Terra
Nova
"
}
}
"
meta
:
Niue
"
{
ls
{
"
Hor
rio
de
Niue
"
}
}
"
meta
:
Norfolk
"
{
ls
{
"
Hor
rio
da
Ilha
Norfolk
"
}
}
"
meta
:
Noronha
"
{
ld
{
"
Hor
rio
de
Ver
o
de
Fernando
de
Noronha
"
}
lg
{
"
Hor
rio
de
Fernando
de
Noronha
"
}
ls
{
"
Hor
rio
Padr
o
de
Fernando
de
Noronha
"
}
}
"
meta
:
North_Mariana
"
{
ls
{
"
Hor
rio
das
Ilhas
Mariana
do
Norte
"
}
}
"
meta
:
Novosibirsk
"
{
ld
{
"
Hor
rio
de
Ver
o
de
Novosibirsk
"
}
lg
{
"
Hor
rio
de
Novosibirsk
"
}
ls
{
"
Hor
rio
Padr
o
de
Novosibirsk
"
}
}
"
meta
:
Omsk
"
{
ld
{
"
Hor
rio
de
Ver
o
de
Omsk
"
}
lg
{
"
Hor
rio
de
Omsk
"
}
ls
{
"
Hor
rio
Padr
o
de
Omsk
"
}
}
"
meta
:
Pakistan
"
{
ld
{
"
Hor
rio
de
Ver
o
do
Paquist
o
"
}
lg
{
"
Hor
rio
do
Paquist
o
"
}
ls
{
"
Hor
rio
Padr
o
do
Paquist
o
"
}
}
"
meta
:
Palau
"
{
ls
{
"
Hor
rio
de
Palau
"
}
}
"
meta
:
Papua_New_Guinea
"
{
ls
{
"
Hor
rio
de
Papua
-
Nova
Guin
"
}
}
"
meta
:
Paraguay
"
{
ld
{
"
Hor
rio
de
Ver
o
do
Paraguai
"
}
lg
{
"
Hor
rio
do
Paraguai
"
}
ls
{
"
Hor
rio
Padr
o
do
Paraguai
"
}
}
"
meta
:
Peru
"
{
ld
{
"
Hor
rio
de
Ver
o
do
Peru
"
}
lg
{
"
Hor
rio
do
Peru
"
}
ls
{
"
Hor
rio
Padr
o
do
Peru
"
}
}
"
meta
:
Philippines
"
{
ld
{
"
Hor
rio
de
Ver
o
das
Filipinas
"
}
lg
{
"
Hor
rio
das
Filipinas
"
}
ls
{
"
Hor
rio
Padr
o
das
Filipinas
"
}
}
"
meta
:
Phoenix_Islands
"
{
ls
{
"
Hor
rio
das
Ilhas
F
nix
"
}
}
"
meta
:
Pierre_Miquelon
"
{
ld
{
"
Hor
rio
Ver
o
de
S
o
Pedro
e
Miquel
o
"
}
lg
{
"
Hor
rio
de
S
o
Pedro
e
Miquel
o
"
}
ls
{
"
Hor
rio
Padr
o
de
S
o
Pedro
e
Miquel
o
"
}
}
"
meta
:
Pitcairn
"
{
ls
{
"
Hor
rio
de
Pitcairn
"
}
}
"
meta
:
Ponape
"
{
ls
{
"
Hor
rio
de
Ponape
"
}
}
"
meta
:
Pyongyang
"
{
ls
{
"
Hor
rio
de
Pyongyang
"
}
}
"
meta
:
Qyzylorda
"
{
ld
{
"
Hor
rio
de
Ver
o
de
Qyzylorda
"
}
lg
{
"
Hor
rio
de
Qyzylorda
"
}
ls
{
"
Hor
rio
Padr
o
de
Qyzylorda
"
}
}
"
meta
:
Reunion
"
{
ls
{
"
Hor
rio
de
Reuni
o
"
}
}
"
meta
:
Rothera
"
{
ls
{
"
Hor
rio
de
Rothera
"
}
}
"
meta
:
Sakhalin
"
{
ld
{
"
Hor
rio
de
Ver
o
de
Sacalina
"
}
lg
{
"
Hor
rio
de
Sacalina
"
}
ls
{
"
Hor
rio
Padr
o
de
Sacalina
"
}
}
"
meta
:
Samara
"
{
ld
{
"
Hor
rio
de
Ver
o
de
Samara
"
}
lg
{
"
Hor
rio
de
Samara
"
}
ls
{
"
Hor
rio
Padr
o
de
Samara
"
}
}
"
meta
:
Samoa
"
{
ld
{
"
Hor
rio
de
Ver
o
de
Samoa
"
}
lg
{
"
Hor
rio
de
Samoa
"
}
ls
{
"
Hor
rio
Padr
o
de
Samoa
"
}
}
"
meta
:
Seychelles
"
{
ls
{
"
Hor
rio
de
Seicheles
"
}
}
"
meta
:
Singapore
"
{
ls
{
"
Hor
rio
Padr
o
de
Cingapura
"
}
}
"
meta
:
Solomon
"
{
ls
{
"
Hor
rio
das
Ilhas
Salom
o
"
}
}
"
meta
:
South_Georgia
"
{
ls
{
"
Hor
rio
da
Ge
rgia
do
Sul
"
}
}
"
meta
:
Suriname
"
{
ls
{
"
Hor
rio
do
Suriname
"
}
}
"
meta
:
Syowa
"
{
ls
{
"
Hor
rio
de
Syowa
"
}
}
"
meta
:
Tahiti
"
{
ls
{
"
Hor
rio
do
Taiti
"
}
}
"
meta
:
Taipei
"
{
ld
{
"
Hor
rio
de
Ver
o
de
Taipei
"
}
lg
{
"
Hor
rio
de
Taipei
"
}
ls
{
"
Hor
rio
Padr
o
de
Taipei
"
}
}
"
meta
:
Tajikistan
"
{
ls
{
"
Hor
rio
do
Tajiquist
o
"
}
}
"
meta
:
Tokelau
"
{
ls
{
"
Hor
rio
de
Tokelau
"
}
}
"
meta
:
Tonga
"
{
ld
{
"
Hor
rio
de
Ver
o
de
Tonga
"
}
lg
{
"
Hor
rio
de
Tonga
"
}
ls
{
"
Hor
rio
Padr
o
de
Tonga
"
}
}
"
meta
:
Truk
"
{
ls
{
"
Hor
rio
de
Chuuk
"
}
}
"
meta
:
Turkmenistan
"
{
ld
{
"
Hor
rio
de
Ver
o
do
Turcomenist
o
"
}
lg
{
"
Hor
rio
do
Turcomenist
o
"
}
ls
{
"
Hor
rio
Padr
o
do
Turcomenist
o
"
}
}
"
meta
:
Tuvalu
"
{
ls
{
"
Hor
rio
de
Tuvalu
"
}
}
"
meta
:
Uruguay
"
{
ld
{
"
Hor
rio
de
Ver
o
do
Uruguai
"
}
lg
{
"
Hor
rio
do
Uruguai
"
}
ls
{
"
Hor
rio
Padr
o
do
Uruguai
"
}
}
"
meta
:
Uzbekistan
"
{
ld
{
"
Hor
rio
de
Ver
o
do
Uzbequist
o
"
}
lg
{
"
Hor
rio
do
Uzbequist
o
"
}
ls
{
"
Hor
rio
Padr
o
do
Uzbequist
o
"
}
}
"
meta
:
Vanuatu
"
{
ld
{
"
Hor
rio
de
Ver
o
de
Vanuatu
"
}
lg
{
"
Hor
rio
de
Vanuatu
"
}
ls
{
"
Hor
rio
Padr
o
de
Vanuatu
"
}
}
"
meta
:
Venezuela
"
{
ls
{
"
Hor
rio
da
Venezuela
"
}
}
"
meta
:
Vladivostok
"
{
ld
{
"
Hor
rio
de
Ver
o
de
Vladivostok
"
}
lg
{
"
Hor
rio
de
Vladivostok
"
}
ls
{
"
Hor
rio
Padr
o
de
Vladivostok
"
}
}
"
meta
:
Volgograd
"
{
ld
{
"
Hor
rio
de
Ver
o
de
Volgogrado
"
}
lg
{
"
Hor
rio
de
Volgogrado
"
}
ls
{
"
Hor
rio
Padr
o
de
Volgogrado
"
}
}
"
meta
:
Vostok
"
{
ls
{
"
Hor
rio
de
Vostok
"
}
}
"
meta
:
Wake
"
{
ls
{
"
Hor
rio
das
Ilhas
Wake
"
}
}
"
meta
:
Wallis
"
{
ls
{
"
Hor
rio
de
Wallis
e
Futuna
"
}
}
"
meta
:
Yakutsk
"
{
ld
{
"
Hor
rio
de
Ver
o
de
Yakutsk
"
}
lg
{
"
Hor
rio
de
Yakutsk
"
}
ls
{
"
Hor
rio
Padr
o
de
Yakutsk
"
}
}
"
meta
:
Yekaterinburg
"
{
ld
{
"
Hor
rio
de
Ver
o
de
Ecaterimburgo
"
}
lg
{
"
Hor
rio
de
Ecaterimburgo
"
}
ls
{
"
Hor
rio
Padr
o
de
Ecaterimburgo
"
}
}
fallbackFormat
{
"
{
1
}
(
{
0
}
)
"
}
gmtFormat
{
"
GMT
{
0
}
"
}
gmtZeroFormat
{
"
GMT
"
}
hourFormat
{
"
+
HH
:
mm
;
-
HH
:
mm
"
}
regionFormat
{
"
Hor
rio
{
0
}
"
}
regionFormatDaylight
{
"
Hor
rio
de
Ver
o
:
{
0
}
"
}
regionFormatStandard
{
"
Hor
rio
Padr
o
:
{
0
}
"
}
}
}
