/
/
*
*
*
*
*
*
*
*
*
*
*
*
*
*
*
*
*
*
*
*
*
*
*
*
*
*
*
*
*
*
*
*
*
*
*
*
*
*
*
*
*
*
*
*
*
*
*
*
*
*
*
*
*
*
*
*
*
*
*
*
*
*
*
*
*
*
*
*
*
*
*
*
*
*
*
/
/
*
/
/
*
Copyright
(
C
)
2013
International
Business
Machines
/
/
*
Corporation
and
others
.
All
Rights
Reserved
.
/
/
*
Tool
:
org
.
unicode
.
cldr
.
icu
.
NewLdml2IcuConverter
/
/
*
Source
File
:
<
path
>
/
common
/
main
/
ro
.
xml
/
/
*
/
/
*
*
*
*
*
*
*
*
*
*
*
*
*
*
*
*
*
*
*
*
*
*
*
*
*
*
*
*
*
*
*
*
*
*
*
*
*
*
*
*
*
*
*
*
*
*
*
*
*
*
*
*
*
*
*
*
*
*
*
*
*
*
*
*
*
*
*
*
*
*
*
*
*
*
*
/
*
*
*
ICU
<
specials
>
source
:
<
path
>
/
common
/
main
/
ro
.
xml
*
/
ro
{
Version
{
"
2
.
0
.
92
.
87
"
}
zoneStrings
{
"
Africa
:
Addis_Ababa
"
{
ec
{
"
Addis
Abeba
"
}
}
"
Africa
:
Algiers
"
{
ec
{
"
Alger
"
}
}
"
Africa
:
Asmera
"
{
ec
{
"
Asmara
"
}
}
"
Africa
:
Ndjamena
"
{
ec
{
"
N
'
Djamena
"
}
}
"
Africa
:
Sao_Tome
"
{
ec
{
"
S
o
Tom
"
}
}
"
America
:
Asuncion
"
{
ec
{
"
Asunci
n
"
}
}
"
America
:
Coral_Harbour
"
{
ec
{
"
Atikokan
"
}
}
"
America
:
Curacao
"
{
ec
{
"
Cura
ao
"
}
}
"
America
:
Godthab
"
{
ec
{
"
Nuuk
"
}
}
"
America
:
Guadeloupe
"
{
ec
{
"
Guadelupa
"
}
}
"
America
:
Indiana
:
Knox
"
{
ec
{
"
Knox
Indiana
"
}
}
"
America
:
Indiana
:
Marengo
"
{
ec
{
"
Marengo
Indiana
"
}
}
"
America
:
Indiana
:
Petersburg
"
{
ec
{
"
Petersburg
Indiana
"
}
}
"
America
:
Indiana
:
Tell_City
"
{
ec
{
"
Tell
City
Indiana
"
}
}
"
America
:
Indiana
:
Vevay
"
{
ec
{
"
Vevay
Indiana
"
}
}
"
America
:
Indiana
:
Vincennes
"
{
ec
{
"
Vincennes
Indiana
"
}
}
"
America
:
Indiana
:
Winamac
"
{
ec
{
"
Winamac
Indiana
"
}
}
"
America
:
Kentucky
:
Monticello
"
{
ec
{
"
Monticello
Kentucky
"
}
}
"
America
:
Lower_Princes
"
{
ec
{
"
Lower
Prince
'
s
Quarter
"
}
}
"
America
:
Martinique
"
{
ec
{
"
Martinica
"
}
}
"
America
:
North_Dakota
:
Beulah
"
{
ec
{
"
Beulah
Dakota
de
Nord
"
}
}
"
America
:
North_Dakota
:
Center
"
{
ec
{
"
Centru
Dakota
de
Nord
"
}
}
"
America
:
North_Dakota
:
New_Salem
"
{
ec
{
"
New
Salem
Dakota
de
Nord
"
}
}
"
America
:
Scoresbysund
"
{
ec
{
"
Ittoqqortoormiit
"
}
}
"
America
:
St_Barthelemy
"
{
ec
{
"
Saint
Barth
lemy
"
}
}
"
America
:
St_Johns
"
{
ec
{
"
St
.
John
s
"
}
}
"
America
:
St_Kitts
"
{
ec
{
"
St
.
Kitts
"
}
}
"
America
:
St_Lucia
"
{
ec
{
"
St
.
Lucia
"
}
}
"
America
:
St_Thomas
"
{
ec
{
"
St
.
Thomas
"
}
}
"
America
:
St_Vincent
"
{
ec
{
"
St
.
Vincent
"
}
}
"
Antarctica
:
DumontDUrville
"
{
ec
{
"
Dumont
d
Urville
"
}
}
"
Antarctica
:
South_Pole
"
{
ec
{
"
Polul
Sud
"
}
}
"
Antarctica
:
Syowa
"
{
ec
{
"
Showa
"
}
}
"
Asia
:
Almaty
"
{
ec
{
"
Almat
"
}
}
"
Asia
:
Anadyr
"
{
ec
{
"
Anadir
"
}
}
"
Asia
:
Aqtau
"
{
ec
{
"
Aktau
"
}
}
"
Asia
:
Aqtobe
"
{
ec
{
"
Aktobe
"
}
}
"
Asia
:
Ashgabat
"
{
ec
{
"
A
gabat
"
}
}
"
Asia
:
Baghdad
"
{
ec
{
"
Bagdad
"
}
}
"
Asia
:
Bishkek
"
{
ec
{
"
Bi
kek
"
}
}
"
Asia
:
Calcutta
"
{
ec
{
"
Calcutta
"
}
}
"
Asia
:
Damascus
"
{
ec
{
"
Damasc
"
}
}
"
Asia
:
Dhaka
"
{
ec
{
"
Dacca
"
}
}
"
Asia
:
Dushanbe
"
{
ec
{
"
Du
anbe
"
}
}
"
Asia
:
Irkutsk
"
{
ec
{
"
Irku
k
"
}
}
"
Asia
:
Jerusalem
"
{
ec
{
"
Ierusalim
"
}
}
"
Asia
:
Kamchatka
"
{
ec
{
"
Kamciatka
"
}
}
"
Asia
:
Kashgar
"
{
ec
{
"
Kaxgar
"
}
}
"
Asia
:
Katmandu
"
{
ec
{
"
Kathmandu
"
}
}
"
Asia
:
Krasnoyarsk
"
{
ec
{
"
Krasnoiarsk
"
}
}
"
Asia
:
Kuwait
"
{
ec
{
"
Kuweit
"
}
}
"
Asia
:
Macau
"
{
ec
{
"
Macao
"
}
}
"
Asia
:
Novokuznetsk
"
{
ec
{
"
Novokuzne
k
"
}
}
"
Asia
:
Oral
"
{
ec
{
"
Uralsk
"
}
}
"
Asia
:
Pyongyang
"
{
ec
{
"
Phenian
"
}
}
"
Asia
:
Qyzylorda
"
{
ec
{
"
Kyzylorda
"
}
}
"
Asia
:
Rangoon
"
{
ec
{
"
Yangon
"
}
}
"
Asia
:
Riyadh
"
{
ec
{
"
Riyad
"
}
}
"
Asia
:
Saigon
"
{
ec
{
"
Ho
i
Min
"
}
}
"
Asia
:
Sakhalin
"
{
ec
{
"
Sahalin
"
}
}
"
Asia
:
Seoul
"
{
ec
{
"
Seul
"
}
}
"
Asia
:
Tashkent
"
{
ec
{
"
Ta
kent
"
}
}
"
Asia
:
Tehran
"
{
ec
{
"
Teheran
"
}
}
"
Asia
:
Tokyo
"
{
ec
{
"
Tokio
"
}
}
"
Asia
:
Ulaanbaatar
"
{
ec
{
"
Ulan
Bator
"
}
}
"
Asia
:
Yakutsk
"
{
ec
{
"
Yaku
k
"
}
}
"
Asia
:
Yekaterinburg
"
{
ec
{
"
Ekaterinburg
"
}
}
"
Asia
:
Yerevan
"
{
ec
{
"
Erevan
"
}
}
"
Atlantic
:
Azores
"
{
ec
{
"
Azore
"
}
}
"
Atlantic
:
Canary
"
{
ec
{
"
Canare
"
}
}
"
Atlantic
:
Cape_Verde
"
{
ec
{
"
Capul
Verde
"
}
}
"
Atlantic
:
Faeroe
"
{
ec
{
"
Faroe
"
}
}
"
Atlantic
:
South_Georgia
"
{
ec
{
"
Georgia
de
Sud
"
}
}
"
Atlantic
:
St_Helena
"
{
ec
{
"
Sf
.
Elena
"
}
}
"
Etc
:
Unknown
"
{
ec
{
"
Ora
necunoscut
"
}
}
"
Europe
:
Athens
"
{
ec
{
"
Atena
"
}
}
"
Europe
:
Belgrade
"
{
ec
{
"
Belgrad
"
}
}
"
Europe
:
Brussels
"
{
ec
{
"
Bruxelles
"
}
}
"
Europe
:
Bucharest
"
{
ec
{
"
Bucure
ti
"
}
}
"
Europe
:
Budapest
"
{
ec
{
"
Budapesta
"
}
}
"
Europe
:
Chisinau
"
{
ec
{
"
Chi
in
u
"
}
}
"
Europe
:
Copenhagen
"
{
ec
{
"
Copenhaga
"
}
}
"
Europe
:
Dublin
"
{
ld
{
"
Ora
de
var
a
Irlandei
"
}
}
"
Europe
:
Isle_of_Man
"
{
ec
{
"
Insula
Man
"
}
}
"
Europe
:
Lisbon
"
{
ec
{
"
Lisabona
"
}
}
"
Europe
:
London
"
{
ec
{
"
Londra
"
}
ld
{
"
Ora
de
var
britanic
"
}
}
"
Europe
:
Luxembourg
"
{
ec
{
"
Luxemburg
"
}
}
"
Europe
:
Moscow
"
{
ec
{
"
Moscova
"
}
}
"
Europe
:
Prague
"
{
ec
{
"
Praga
"
}
}
"
Europe
:
Rome
"
{
ec
{
"
Roma
"
}
}
"
Europe
:
Tirane
"
{
ec
{
"
Tirana
"
}
}
"
Europe
:
Uzhgorod
"
{
ec
{
"
Ujhorod
"
}
}
"
Europe
:
Vienna
"
{
ec
{
"
Viena
"
}
}
"
Europe
:
Warsaw
"
{
ec
{
"
Var
ovia
"
}
}
"
Europe
:
Zaporozhye
"
{
ec
{
"
Zaporoje
"
}
}
"
Europe
:
Zurich
"
{
ec
{
"
Z
rich
"
}
}
"
Indian
:
Christmas
"
{
ec
{
"
Insula
Cr
ciunului
"
}
}
"
Indian
:
Comoro
"
{
ec
{
"
Comore
"
}
}
"
Indian
:
Maldives
"
{
ec
{
"
Maldive
"
}
}
"
Indian
:
Reunion
"
{
ec
{
"
R
union
"
}
}
"
Pacific
:
Easter
"
{
ec
{
"
Insula
Pa
telui
"
}
}
"
Pacific
:
Marquesas
"
{
ec
{
"
Marchize
"
}
}
"
Pacific
:
Pitcairn
"
{
ec
{
"
Insula
Pitcairn
"
}
}
"
Pacific
:
Ponape
"
{
ec
{
"
Pohnpei
"
}
}
"
Pacific
:
Truk
"
{
ec
{
"
Chuuk
"
}
}
"
meta
:
Acre
"
{
ld
{
"
Ora
de
var
Acre
"
}
lg
{
"
Ora
Acre
"
}
ls
{
"
Ora
standard
Acre
"
}
}
"
meta
:
Afghanistan
"
{
ls
{
"
Ora
Afganistanului
"
}
}
"
meta
:
Africa_Central
"
{
ls
{
"
Ora
Africii
Centrale
"
}
}
"
meta
:
Africa_Eastern
"
{
ls
{
"
Ora
Africii
Orientale
"
}
}
"
meta
:
Africa_Southern
"
{
ls
{
"
Ora
Africii
Meridionale
"
}
}
"
meta
:
Africa_Western
"
{
ld
{
"
Ora
de
var
a
Africii
Occidentale
"
}
lg
{
"
Ora
Africii
Occidentale
"
}
ls
{
"
Ora
standard
a
Africii
Occidentale
"
}
}
"
meta
:
Alaska
"
{
ld
{
"
Ora
de
var
din
Alaska
"
}
lg
{
"
Ora
din
Alaska
"
}
ls
{
"
Ora
standard
din
Alaska
"
}
}
"
meta
:
Amazon
"
{
ld
{
"
Ora
de
var
a
Amazonului
"
}
lg
{
"
Ora
Amazonului
"
}
ls
{
"
Ora
standard
a
Amazonului
"
}
}
"
meta
:
America_Central
"
{
ld
{
"
Ora
de
var
central
nord
-
american
"
}
lg
{
"
Ora
central
nord
-
american
"
}
ls
{
"
Ora
standard
central
nord
-
american
"
}
}
"
meta
:
America_Eastern
"
{
ld
{
"
Ora
de
var
oriental
nord
-
american
"
}
lg
{
"
Ora
oriental
nord
-
american
"
}
ls
{
"
Ora
standard
oriental
nord
-
american
"
}
}
"
meta
:
America_Mountain
"
{
ld
{
"
Ora
de
var
n
zona
montan
nord
-
american
"
}
lg
{
"
Ora
zonei
montane
nord
-
americane
"
}
ls
{
"
Ora
standard
n
zona
montan
nord
-
american
"
}
}
"
meta
:
America_Pacific
"
{
ld
{
"
Ora
de
var
n
zona
Pacific
nord
-
american
"
}
lg
{
"
Ora
zonei
Pacific
nord
-
americane
"
}
ls
{
"
Ora
standard
n
zona
Pacific
nord
-
american
"
}
}
"
meta
:
Anadyr
"
{
ld
{
"
Ora
de
var
din
Anadyr
"
}
lg
{
"
Ora
din
Anadyr
"
}
ls
{
"
Ora
standard
din
Anadyr
"
}
}
"
meta
:
Arabian
"
{
ld
{
"
Ora
de
var
arab
"
}
lg
{
"
Ora
arab
"
}
ls
{
"
Ora
standard
arab
"
}
}
"
meta
:
Argentina
"
{
ld
{
"
Ora
de
var
a
Argentinei
"
}
lg
{
"
Ora
Argentinei
"
}
ls
{
"
Ora
standard
a
Argentinei
"
}
}
"
meta
:
Argentina_Western
"
{
ld
{
"
Ora
de
var
a
Argentinei
Occidentale
"
}
lg
{
"
Ora
Argentinei
Occidentale
"
}
ls
{
"
Ora
standard
a
Argentinei
Occidentale
"
}
}
"
meta
:
Armenia
"
{
ld
{
"
Ora
de
var
a
Armeniei
"
}
lg
{
"
Ora
Armeniei
"
}
ls
{
"
Ora
standard
a
Armeniei
"
}
}
"
meta
:
Atlantic
"
{
ld
{
"
Ora
de
var
n
zona
Atlantic
nord
-
american
"
}
lg
{
"
Ora
zonei
Atlantic
nord
-
americane
"
}
ls
{
"
Ora
standard
n
zona
Atlantic
nord
-
american
"
}
}
"
meta
:
Australia_Central
"
{
ld
{
"
Ora
de
var
a
Australiei
Centrale
"
}
lg
{
"
Ora
Australiei
Centrale
"
}
ls
{
"
Ora
standard
a
Australiei
Centrale
"
}
}
"
meta
:
Australia_CentralWestern
"
{
ld
{
"
Ora
de
var
a
Australiei
Central
Occidentale
"
}
lg
{
"
Ora
Australiei
Central
Occidentale
"
}
ls
{
"
Ora
standard
a
Australiei
Central
Occidentale
"
}
}
"
meta
:
Australia_Eastern
"
{
ld
{
"
Ora
de
var
a
Australiei
Orientale
"
}
lg
{
"
Ora
Australiei
Orientale
"
}
ls
{
"
Ora
standard
a
Australiei
Orientale
"
}
}
"
meta
:
Australia_Western
"
{
ld
{
"
Ora
de
var
a
Australiei
Occidentale
"
}
lg
{
"
Ora
Australiei
Occidentale
"
}
ls
{
"
Ora
standard
a
Australiei
Occidentale
"
}
}
"
meta
:
Azerbaijan
"
{
ld
{
"
Ora
de
var
a
Azerbaidjanului
"
}
lg
{
"
Ora
Azerbaidjanului
"
}
ls
{
"
Ora
standard
a
Azerbaidjanului
"
}
}
"
meta
:
Azores
"
{
ld
{
"
Ora
de
var
din
Azore
"
}
lg
{
"
Ora
din
Azore
"
}
ls
{
"
Ora
standard
din
Azore
"
}
}
"
meta
:
Bangladesh
"
{
ld
{
"
Ora
de
var
din
Bangladesh
"
}
lg
{
"
Ora
din
Bangladesh
"
}
ls
{
"
Ora
standard
din
Bangladesh
"
}
}
"
meta
:
Bhutan
"
{
ls
{
"
Ora
Bhutanului
"
}
}
"
meta
:
Bolivia
"
{
ls
{
"
Ora
Boliviei
"
}
}
"
meta
:
Brasilia
"
{
ld
{
"
Ora
de
var
a
Brasiliei
"
}
lg
{
"
Ora
Brasiliei
"
}
ls
{
"
Ora
standard
a
Brasiliei
"
}
}
"
meta
:
Brunei
"
{
ls
{
"
Ora
din
Brunei
Darussalam
"
}
}
"
meta
:
Cape_Verde
"
{
ld
{
"
Ora
de
var
din
Capul
Verde
"
}
lg
{
"
Ora
din
Capul
Verde
"
}
ls
{
"
Ora
standard
din
Capul
Verde
"
}
}
"
meta
:
Chamorro
"
{
ls
{
"
Ora
din
Chamorro
"
}
}
"
meta
:
Chatham
"
{
ld
{
"
Ora
de
var
din
Chatham
"
}
lg
{
"
Ora
din
Chatham
"
}
ls
{
"
Ora
standard
din
Chatham
"
}
}
"
meta
:
Chile
"
{
ld
{
"
Ora
de
var
din
Chile
"
}
lg
{
"
Ora
din
Chile
"
}
ls
{
"
Ora
standard
din
Chile
"
}
}
"
meta
:
China
"
{
ld
{
"
Ora
de
var
a
Chinei
"
}
lg
{
"
Ora
Chinei
"
}
ls
{
"
Ora
standard
a
Chinei
"
}
}
"
meta
:
Choibalsan
"
{
ld
{
"
Ora
de
var
din
Choibalsan
"
}
lg
{
"
Ora
din
Choibalsan
"
}
ls
{
"
Ora
standard
din
Choibalsan
"
}
}
"
meta
:
Christmas
"
{
ls
{
"
Ora
din
Insula
Christmas
"
}
}
"
meta
:
Cocos
"
{
ls
{
"
Ora
Insulelor
Cocos
"
}
}
"
meta
:
Colombia
"
{
ld
{
"
Ora
de
var
a
Columbiei
"
}
lg
{
"
Ora
Columbiei
"
}
ls
{
"
Ora
standard
a
Columbiei
"
}
}
"
meta
:
Cook
"
{
ld
{
"
Ora
de
var
a
Insulelor
Cook
"
}
lg
{
"
Ora
Insulelor
Cook
"
}
ls
{
"
Ora
standard
a
Insulelor
Cook
"
}
}
"
meta
:
Cuba
"
{
ld
{
"
Ora
de
var
a
Cubei
"
}
lg
{
"
Ora
Cubei
"
}
ls
{
"
Ora
standard
a
Cubei
"
}
}
"
meta
:
Davis
"
{
ls
{
"
Ora
din
Davis
"
}
}
"
meta
:
DumontDUrville
"
{
ls
{
"
Ora
din
Dumont
-
d
'
Urville
"
}
}
"
meta
:
East_Timor
"
{
ls
{
"
Ora
Timorului
de
Est
"
}
}
"
meta
:
Easter
"
{
ld
{
"
Ora
de
var
din
Insula
Pa
telui
"
}
lg
{
"
Ora
din
Insula
Pa
telui
"
}
ls
{
"
Ora
standard
din
Insula
Pa
telui
"
}
}
"
meta
:
Ecuador
"
{
ls
{
"
Ora
Ecuadorului
"
}
}
"
meta
:
Europe_Central
"
{
ld
{
"
Ora
de
var
a
Europei
Centrale
"
}
lg
{
"
Ora
Europei
Centrale
"
}
ls
{
"
Ora
standard
a
Europei
Centrale
"
}
}
"
meta
:
Europe_Eastern
"
{
ld
{
"
Ora
de
var
a
Europei
de
Est
"
}
lg
{
"
Ora
Europei
de
Est
"
}
ls
{
"
Ora
standard
a
Europei
de
Est
"
}
}
"
meta
:
Europe_Western
"
{
ld
{
"
Ora
de
var
a
Europei
de
Vest
"
}
lg
{
"
Ora
Europei
de
Vest
"
}
ls
{
"
Ora
standard
a
Europei
de
Vest
"
}
}
"
meta
:
Falkland
"
{
ld
{
"
Ora
de
var
din
Insulele
Falkland
"
}
lg
{
"
Ora
din
Insulele
Falkland
"
}
ls
{
"
Ora
standard
din
Insulele
Falkland
"
}
}
"
meta
:
Fiji
"
{
ld
{
"
Ora
de
var
din
Fiji
"
}
lg
{
"
Ora
din
Fiji
"
}
ls
{
"
Ora
standard
din
Fiji
"
}
}
"
meta
:
French_Guiana
"
{
ls
{
"
Ora
Guianei
Franceze
"
}
}
"
meta
:
French_Southern
"
{
ls
{
"
Ora
din
Teritoriile
Australe
i
Antarctice
Franceze
"
}
}
"
meta
:
GMT
"
{
ls
{
"
Ora
de
Greenwhich
"
}
}
"
meta
:
Galapagos
"
{
ls
{
"
Ora
din
Galapagos
"
}
}
"
meta
:
Gambier
"
{
ls
{
"
Ora
din
Gambier
"
}
}
"
meta
:
Georgia
"
{
ld
{
"
Ora
de
var
a
Georgiei
"
}
lg
{
"
Ora
Georgiei
"
}
ls
{
"
Ora
standard
a
Georgiei
"
}
}
"
meta
:
Gilbert_Islands
"
{
ls
{
"
Ora
Insulelor
Gilbert
"
}
}
"
meta
:
Greenland_Eastern
"
{
ld
{
"
Ora
de
var
a
Groenlandei
orientale
"
}
lg
{
"
Ora
Groenlandei
orientale
"
}
ls
{
"
Ora
standard
a
Groenlandei
orientale
"
}
}
"
meta
:
Greenland_Western
"
{
ld
{
"
Ora
de
var
a
Groenlandei
occidentale
"
}
lg
{
"
Ora
Groenlandei
occidentale
"
}
ls
{
"
Ora
standard
a
Groenlandei
occidentale
"
}
}
"
meta
:
Gulf
"
{
ls
{
"
Ora
standard
a
Golfului
"
}
}
"
meta
:
Guyana
"
{
ls
{
"
Ora
din
Guyana
"
}
}
"
meta
:
Hawaii_Aleutian
"
{
ld
{
"
Ora
de
var
din
Hawaii
-
Aleutine
"
}
lg
{
"
Ora
din
Hawaii
-
Aleutine
"
}
ls
{
"
Ora
standard
din
Hawaii
-
Aleutine
"
}
}
"
meta
:
Hong_Kong
"
{
ld
{
"
Ora
de
var
din
Hong
Kong
"
}
lg
{
"
Ora
din
Hong
Kong
"
}
ls
{
"
Ora
standard
din
Hong
Kong
"
}
}
"
meta
:
Hovd
"
{
ld
{
"
Ora
de
var
din
Hovd
"
}
lg
{
"
Ora
din
Hovd
"
}
ls
{
"
Ora
standard
din
Hovd
"
}
}
"
meta
:
India
"
{
ls
{
"
Ora
Indiei
"
}
}
"
meta
:
Indian_Ocean
"
{
ls
{
"
Ora
Oceanului
Indian
"
}
}
"
meta
:
Indochina
"
{
ls
{
"
Ora
Indochinei
"
}
}
"
meta
:
Indonesia_Central
"
{
ls
{
"
Ora
Indoneziei
Centrale
"
}
}
"
meta
:
Indonesia_Eastern
"
{
ls
{
"
Ora
Indoneziei
de
Est
"
}
}
"
meta
:
Indonesia_Western
"
{
ls
{
"
Ora
Indoneziei
de
Vest
"
}
}
"
meta
:
Iran
"
{
ld
{
"
Ora
de
var
a
Iranului
"
}
lg
{
"
Ora
Iranului
"
}
ls
{
"
Ora
standard
a
Iranului
"
}
}
"
meta
:
Irkutsk
"
{
ld
{
"
Ora
de
var
din
Irku
k
"
}
lg
{
"
Ora
din
Irku
k
"
}
ls
{
"
Ora
standard
din
Irku
k
"
}
}
"
meta
:
Israel
"
{
ld
{
"
Ora
de
var
a
Israelului
"
}
lg
{
"
Ora
Israelului
"
}
ls
{
"
Ora
standard
a
Israelului
"
}
}
"
meta
:
Japan
"
{
ld
{
"
Ora
de
var
a
Japoniei
"
}
lg
{
"
Ora
Japoniei
"
}
ls
{
"
Ora
standard
a
Japoniei
"
}
}
"
meta
:
Kamchatka
"
{
ld
{
"
Ora
de
var
din
Petropavlovsk
-
Kamcia
ki
"
}
lg
{
"
Ora
din
Petropavlovsk
-
Kamcia
ki
"
}
ls
{
"
Ora
standard
din
Petropavlovsk
-
Kamcia
ki
"
}
}
"
meta
:
Kazakhstan_Eastern
"
{
ls
{
"
Ora
din
Kazahstanul
de
Est
"
}
}
"
meta
:
Kazakhstan_Western
"
{
ls
{
"
Ora
din
Kazahstanul
de
Vest
"
}
}
"
meta
:
Korea
"
{
ld
{
"
Ora
de
var
a
Coreei
"
}
lg
{
"
Ora
Coreei
"
}
ls
{
"
Ora
standard
a
Coreei
"
}
}
"
meta
:
Kosrae
"
{
ls
{
"
Ora
din
Kosrae
"
}
}
"
meta
:
Krasnoyarsk
"
{
ld
{
"
Ora
de
var
din
Krasnoiarsk
"
}
lg
{
"
Ora
din
Krasnoiarsk
"
}
ls
{
"
Ora
standard
din
Krasnoiarsk
"
}
}
"
meta
:
Kyrgystan
"
{
ls
{
"
Ora
din
K
rg
zstan
"
}
}
"
meta
:
Line_Islands
"
{
ls
{
"
Ora
din
Insulele
Line
"
}
}
"
meta
:
Lord_Howe
"
{
ld
{
"
Ora
de
var
din
Lord
Howe
"
}
lg
{
"
Ora
din
Lord
Howe
"
}
ls
{
"
Ora
standard
din
Lord
Howe
"
}
}
"
meta
:
Macquarie
"
{
ls
{
"
Ora
din
Macquarie
"
}
}
"
meta
:
Magadan
"
{
ld
{
"
Ora
de
var
din
Magadan
"
}
lg
{
"
Ora
din
Magadan
"
}
ls
{
"
Ora
standard
din
Magadan
"
}
}
"
meta
:
Malaysia
"
{
ls
{
"
Ora
din
Malaysia
"
}
}
"
meta
:
Maldives
"
{
ls
{
"
Ora
din
Maldive
"
}
}
"
meta
:
Marquesas
"
{
ls
{
"
Ora
Insulelor
Marchize
"
}
}
"
meta
:
Marshall_Islands
"
{
ls
{
"
Ora
Insulelor
Marshall
"
}
}
"
meta
:
Mauritius
"
{
ld
{
"
Ora
de
var
din
Mauritius
"
}
lg
{
"
Ora
din
Mauritius
"
}
ls
{
"
Ora
standard
din
Mauritius
"
}
}
"
meta
:
Mawson
"
{
ls
{
"
Ora
din
Mawson
"
}
}
"
meta
:
Mongolia
"
{
ld
{
"
Ora
de
var
din
Ulan
Bator
"
}
lg
{
"
Ora
din
Ulan
Bator
"
}
ls
{
"
Ora
standard
din
Ulan
Bator
"
}
}
"
meta
:
Moscow
"
{
ld
{
"
Ora
de
var
a
Moscovei
"
}
lg
{
"
Ora
Moscovei
"
}
ls
{
"
Ora
standard
a
Moscovei
"
}
}
"
meta
:
Myanmar
"
{
ls
{
"
Ora
Myanmarului
"
}
}
"
meta
:
Nauru
"
{
ls
{
"
Ora
din
Nauru
"
}
}
"
meta
:
Nepal
"
{
ls
{
"
Ora
Nepalului
"
}
}
"
meta
:
New_Caledonia
"
{
ld
{
"
Ora
de
var
a
Noii
Caledonii
"
}
lg
{
"
Ora
Noii
Caledonii
"
}
ls
{
"
Ora
standard
a
Noii
Caledonii
"
}
}
"
meta
:
New_Zealand
"
{
ld
{
"
Ora
de
var
a
Noii
Zeelande
"
}
lg
{
"
Ora
Noii
Zeelande
"
}
ls
{
"
Ora
standard
a
Noii
Zeelande
"
}
}
"
meta
:
Newfoundland
"
{
ld
{
"
Ora
de
var
din
Newfoundland
"
}
lg
{
"
Ora
din
Newfoundland
"
}
ls
{
"
Ora
standard
din
Newfoundland
"
}
}
"
meta
:
Niue
"
{
ls
{
"
Ora
din
Niue
"
}
}
"
meta
:
Norfolk
"
{
ls
{
"
Ora
Insulelor
Norfolk
"
}
}
"
meta
:
Noronha
"
{
ld
{
"
Ora
de
var
din
Fernando
de
Noronha
"
}
lg
{
"
Ora
din
Fernando
de
Noronha
"
}
ls
{
"
Ora
standard
din
Fernando
de
Noronha
"
}
}
"
meta
:
Novosibirsk
"
{
ld
{
"
Ora
de
var
din
Novosibirsk
"
}
lg
{
"
Ora
din
Novosibirsk
"
}
ls
{
"
Ora
standard
din
Novosibirsk
"
}
}
"
meta
:
Omsk
"
{
ld
{
"
Ora
de
var
din
Omsk
"
}
lg
{
"
Ora
din
Omsk
"
}
ls
{
"
Ora
standard
din
Omsk
"
}
}
"
meta
:
Pakistan
"
{
ld
{
"
Ora
de
var
a
Pakistanului
"
}
lg
{
"
Ora
Pakistanului
"
}
ls
{
"
Ora
standard
a
Pakistanului
"
}
}
"
meta
:
Palau
"
{
ls
{
"
Ora
din
Palau
"
}
}
"
meta
:
Papua_New_Guinea
"
{
ls
{
"
Ora
din
Papua
Noua
Guinee
"
}
}
"
meta
:
Paraguay
"
{
ld
{
"
Ora
de
var
din
Paraguay
"
}
lg
{
"
Ora
din
Paraguay
"
}
ls
{
"
Ora
standard
din
Paraguay
"
}
}
"
meta
:
Peru
"
{
ld
{
"
Ora
de
var
din
Peru
"
}
lg
{
"
Ora
din
Peru
"
}
ls
{
"
Ora
standard
din
Peru
"
}
}
"
meta
:
Philippines
"
{
ld
{
"
Ora
de
var
din
Filipine
"
}
lg
{
"
Ora
din
Filipine
"
}
ls
{
"
Ora
standard
din
Filipine
"
}
}
"
meta
:
Phoenix_Islands
"
{
ls
{
"
Ora
Insulelor
Phoenix
"
}
}
"
meta
:
Pierre_Miquelon
"
{
ld
{
"
Ora
de
var
din
Saint
-
Pierre
i
Miquelon
"
}
lg
{
"
Ora
din
Saint
-
Pierre
i
Miquelon
"
}
ls
{
"
Ora
standard
din
Saint
-
Pierre
i
Miquelon
"
}
}
"
meta
:
Pitcairn
"
{
ls
{
"
Ora
din
Pitcairn
"
}
}
"
meta
:
Ponape
"
{
ls
{
"
Ora
din
Ponape
"
}
}
"
meta
:
Reunion
"
{
ls
{
"
Ora
din
Reunion
"
}
}
"
meta
:
Rothera
"
{
ls
{
"
Ora
din
Rothera
"
}
}
"
meta
:
Sakhalin
"
{
ld
{
"
Ora
de
var
din
Sahalin
"
}
lg
{
"
Ora
din
Sahalin
"
}
ls
{
"
Ora
standard
din
Sahalin
"
}
}
"
meta
:
Samara
"
{
ld
{
"
Ora
de
var
din
Samara
"
}
lg
{
"
Ora
din
Samara
"
}
ls
{
"
Ora
standard
din
Samara
"
}
}
"
meta
:
Samoa
"
{
ld
{
"
Ora
de
var
din
Samoa
"
}
lg
{
"
Ora
din
Samoa
"
}
ls
{
"
Ora
standard
din
Samoa
"
}
}
"
meta
:
Seychelles
"
{
ls
{
"
Ora
din
Seychelles
"
}
}
"
meta
:
Singapore
"
{
ls
{
"
Ora
din
Singapore
"
}
}
"
meta
:
Solomon
"
{
ls
{
"
Ora
Insulelor
Solomon
"
}
}
"
meta
:
South_Georgia
"
{
ls
{
"
Ora
Georgiei
de
Sud
"
}
}
"
meta
:
Suriname
"
{
ls
{
"
Ora
Surinamului
"
}
}
"
meta
:
Syowa
"
{
ls
{
"
Ora
din
Syowa
"
}
}
"
meta
:
Tahiti
"
{
ls
{
"
Ora
din
Tahiti
"
}
}
"
meta
:
Taipei
"
{
ld
{
"
Ora
de
var
din
Taipei
"
}
lg
{
"
Ora
din
Taipei
"
}
ls
{
"
Ora
standard
din
Taipei
"
}
}
"
meta
:
Tajikistan
"
{
ls
{
"
Ora
din
Tadjikistan
"
}
}
"
meta
:
Tokelau
"
{
ls
{
"
Ora
din
Tokelau
"
}
}
"
meta
:
Tonga
"
{
ld
{
"
Ora
de
var
din
Tonga
"
}
lg
{
"
Ora
din
Tonga
"
}
ls
{
"
Ora
standard
din
Tonga
"
}
}
"
meta
:
Truk
"
{
ls
{
"
Ora
din
Chuuk
"
}
}
"
meta
:
Turkmenistan
"
{
ld
{
"
Ora
de
var
din
Turkmenistan
"
}
lg
{
"
Ora
din
Turkmenistan
"
}
ls
{
"
Ora
standard
din
Turkmenistan
"
}
}
"
meta
:
Tuvalu
"
{
ls
{
"
Ora
din
Tuvalu
"
}
}
"
meta
:
Uruguay
"
{
ld
{
"
Ora
de
var
a
Uruguayului
"
}
lg
{
"
Ora
Uruguayului
"
}
ls
{
"
Ora
standard
a
Uruguayului
"
}
}
"
meta
:
Uzbekistan
"
{
ld
{
"
Ora
de
var
din
Uzbekistan
"
}
lg
{
"
Ora
din
Uzbekistan
"
}
ls
{
"
Ora
standard
din
Uzbekistan
"
}
}
"
meta
:
Vanuatu
"
{
ld
{
"
Ora
de
var
din
Vanuatu
"
}
lg
{
"
Ora
din
Vanuatu
"
}
ls
{
"
Ora
standard
din
Vanuatu
"
}
}
"
meta
:
Venezuela
"
{
ls
{
"
Ora
Venezuelei
"
}
}
"
meta
:
Vladivostok
"
{
ld
{
"
Ora
de
var
din
Vladivostok
"
}
lg
{
"
Ora
din
Vladivostok
"
}
ls
{
"
Ora
standard
din
Vladivostok
"
}
}
"
meta
:
Volgograd
"
{
ld
{
"
Ora
de
var
din
Volgograd
"
}
lg
{
"
Ora
din
Volgograd
"
}
ls
{
"
Ora
standard
din
Volgograd
"
}
}
"
meta
:
Vostok
"
{
ls
{
"
Ora
din
Vostok
"
}
}
"
meta
:
Wake
"
{
ls
{
"
Ora
Insulei
Wake
"
}
}
"
meta
:
Wallis
"
{
ls
{
"
Ora
din
Wallis
i
Futuna
"
}
}
"
meta
:
Yakutsk
"
{
ld
{
"
Ora
de
var
din
Yaku
k
"
}
lg
{
"
Ora
din
Yaku
k
"
}
ls
{
"
Ora
standard
din
Yaku
k
"
}
}
"
meta
:
Yekaterinburg
"
{
ld
{
"
Ora
de
var
din
Ekaterinburg
"
}
lg
{
"
Ora
din
Ekaterinburg
"
}
ls
{
"
Ora
standard
din
Ekaterinburg
"
}
}
fallbackFormat
{
"
{
1
}
(
{
0
}
)
"
}
gmtFormat
{
"
GMT
{
0
}
"
}
gmtZeroFormat
{
"
GMT
"
}
hourFormat
{
"
+
HH
:
mm
;
-
HH
:
mm
"
}
regionFormat
{
"
Ora
din
{
0
}
"
}
regionFormatDaylight
{
"
Ora
de
var
din
{
0
}
"
}
regionFormatStandard
{
"
Ora
standard
din
{
0
}
"
}
}
}
