/
/
2016
and
later
:
Unicode
Inc
.
and
others
.
/
/
License
&
terms
of
use
:
http
:
/
/
www
.
unicode
.
org
/
copyright
.
html
#
License
sk
{
Version
{
"
36
.
1
"
}
zoneStrings
{
"
Africa
:
Abidjan
"
{
ec
{
"
Abidjan
"
}
}
"
Africa
:
Accra
"
{
ec
{
"
Accra
"
}
}
"
Africa
:
Addis_Ababa
"
{
ec
{
"
Addis
Abeba
"
}
}
"
Africa
:
Algiers
"
{
ec
{
"
Al
r
"
}
}
"
Africa
:
Asmera
"
{
ec
{
"
Asmara
"
}
}
"
Africa
:
Bamako
"
{
ec
{
"
Bamako
"
}
}
"
Africa
:
Bangui
"
{
ec
{
"
Bangui
"
}
}
"
Africa
:
Banjul
"
{
ec
{
"
Banjul
"
}
}
"
Africa
:
Bissau
"
{
ec
{
"
Bissau
"
}
}
"
Africa
:
Blantyre
"
{
ec
{
"
Blantyre
"
}
}
"
Africa
:
Brazzaville
"
{
ec
{
"
Brazzaville
"
}
}
"
Africa
:
Bujumbura
"
{
ec
{
"
Bujumbura
"
}
}
"
Africa
:
Cairo
"
{
ec
{
"
K
hira
"
}
}
"
Africa
:
Casablanca
"
{
ec
{
"
Casablanca
"
}
}
"
Africa
:
Ceuta
"
{
ec
{
"
Ceuta
"
}
}
"
Africa
:
Conakry
"
{
ec
{
"
Conakry
"
}
}
"
Africa
:
Dakar
"
{
ec
{
"
Dakar
"
}
}
"
Africa
:
Dar_es_Salaam
"
{
ec
{
"
Dar
es
Salaam
"
}
}
"
Africa
:
Djibouti
"
{
ec
{
"
D
ibuti
"
}
}
"
Africa
:
Douala
"
{
ec
{
"
Douala
"
}
}
"
Africa
:
El_Aaiun
"
{
ec
{
"
El
-
Aai
n
"
}
}
"
Africa
:
Freetown
"
{
ec
{
"
Freetown
"
}
}
"
Africa
:
Gaborone
"
{
ec
{
"
Gaborone
"
}
}
"
Africa
:
Harare
"
{
ec
{
"
Harare
"
}
}
"
Africa
:
Johannesburg
"
{
ec
{
"
Johannesburg
"
}
}
"
Africa
:
Juba
"
{
ec
{
"
Juba
"
}
}
"
Africa
:
Kampala
"
{
ec
{
"
Kampala
"
}
}
"
Africa
:
Khartoum
"
{
ec
{
"
Chart
m
"
}
}
"
Africa
:
Kigali
"
{
ec
{
"
Kigali
"
}
}
"
Africa
:
Kinshasa
"
{
ec
{
"
Kinshasa
"
}
}
"
Africa
:
Lagos
"
{
ec
{
"
Lagos
"
}
}
"
Africa
:
Libreville
"
{
ec
{
"
Libreville
"
}
}
"
Africa
:
Lome
"
{
ec
{
"
Lom
"
}
}
"
Africa
:
Luanda
"
{
ec
{
"
Luanda
"
}
}
"
Africa
:
Lubumbashi
"
{
ec
{
"
Lubumbashi
"
}
}
"
Africa
:
Lusaka
"
{
ec
{
"
Lusaka
"
}
}
"
Africa
:
Malabo
"
{
ec
{
"
Malabo
"
}
}
"
Africa
:
Maputo
"
{
ec
{
"
Maputo
"
}
}
"
Africa
:
Maseru
"
{
ec
{
"
Maseru
"
}
}
"
Africa
:
Mbabane
"
{
ec
{
"
Mbabane
"
}
}
"
Africa
:
Mogadishu
"
{
ec
{
"
Mogadi
o
"
}
}
"
Africa
:
Monrovia
"
{
ec
{
"
Monrovia
"
}
}
"
Africa
:
Nairobi
"
{
ec
{
"
Nairobi
"
}
}
"
Africa
:
Ndjamena
"
{
ec
{
"
N
Djamena
"
}
}
"
Africa
:
Niamey
"
{
ec
{
"
Niamey
"
}
}
"
Africa
:
Nouakchott
"
{
ec
{
"
Nouakchott
"
}
}
"
Africa
:
Ouagadougou
"
{
ec
{
"
Ouagadougou
"
}
}
"
Africa
:
Porto
-
Novo
"
{
ec
{
"
Porto
-
Novo
"
}
}
"
Africa
:
Sao_Tome
"
{
ec
{
"
Sv
t
Tom
"
}
}
"
Africa
:
Tripoli
"
{
ec
{
"
Tripolis
"
}
}
"
Africa
:
Tunis
"
{
ec
{
"
Tunis
"
}
}
"
Africa
:
Windhoek
"
{
ec
{
"
Windhoek
"
}
}
"
America
:
Adak
"
{
ec
{
"
Adak
"
}
}
"
America
:
Anchorage
"
{
ec
{
"
Anchorage
"
}
}
"
America
:
Anguilla
"
{
ec
{
"
Anguilla
"
}
}
"
America
:
Antigua
"
{
ec
{
"
Antigua
"
}
}
"
America
:
Araguaina
"
{
ec
{
"
Araguaina
"
}
}
"
America
:
Argentina
:
La_Rioja
"
{
ec
{
"
La
Rioja
"
}
}
"
America
:
Argentina
:
Rio_Gallegos
"
{
ec
{
"
Rio
Gallegos
"
}
}
"
America
:
Argentina
:
Salta
"
{
ec
{
"
Salta
"
}
}
"
America
:
Argentina
:
San_Juan
"
{
ec
{
"
San
Juan
"
}
}
"
America
:
Argentina
:
San_Luis
"
{
ec
{
"
San
Luis
"
}
}
"
America
:
Argentina
:
Tucuman
"
{
ec
{
"
Tucuman
"
}
}
"
America
:
Argentina
:
Ushuaia
"
{
ec
{
"
Ushuaia
"
}
}
"
America
:
Aruba
"
{
ec
{
"
Aruba
"
}
}
"
America
:
Asuncion
"
{
ec
{
"
Asunci
n
"
}
}
"
America
:
Bahia
"
{
ec
{
"
Bahia
"
}
}
"
America
:
Bahia_Banderas
"
{
ec
{
"
Bahia
Banderas
"
}
}
"
America
:
Barbados
"
{
ec
{
"
Barbados
"
}
}
"
America
:
Belem
"
{
ec
{
"
Bel
m
"
}
}
"
America
:
Belize
"
{
ec
{
"
Belize
"
}
}
"
America
:
Blanc
-
Sablon
"
{
ec
{
"
Blanc
-
Sablon
"
}
}
"
America
:
Boa_Vista
"
{
ec
{
"
Boa
Vista
"
}
}
"
America
:
Bogota
"
{
ec
{
"
Bogot
"
}
}
"
America
:
Boise
"
{
ec
{
"
Boise
"
}
}
"
America
:
Buenos_Aires
"
{
ec
{
"
Buenos
Aires
"
}
}
"
America
:
Cambridge_Bay
"
{
ec
{
"
Cambridge
Bay
"
}
}
"
America
:
Campo_Grande
"
{
ec
{
"
Campo
Grande
"
}
}
"
America
:
Cancun
"
{
ec
{
"
Canc
n
"
}
}
"
America
:
Caracas
"
{
ec
{
"
Caracas
"
}
}
"
America
:
Catamarca
"
{
ec
{
"
Catamarca
"
}
}
"
America
:
Cayenne
"
{
ec
{
"
Cayenne
"
}
}
"
America
:
Cayman
"
{
ec
{
"
Kajmanie
ostrovy
"
}
}
"
America
:
Chicago
"
{
ec
{
"
Chicago
"
}
}
"
America
:
Chihuahua
"
{
ec
{
"
Chihuahua
"
}
}
"
America
:
Coral_Harbour
"
{
ec
{
"
Atikokan
"
}
}
"
America
:
Cordoba
"
{
ec
{
"
C
rdoba
"
}
}
"
America
:
Costa_Rica
"
{
ec
{
"
Kostarika
"
}
}
"
America
:
Creston
"
{
ec
{
"
Creston
"
}
}
"
America
:
Cuiaba
"
{
ec
{
"
Cuiab
"
}
}
"
America
:
Curacao
"
{
ec
{
"
Cura
ao
"
}
}
"
America
:
Danmarkshavn
"
{
ec
{
"
Danmarkshavn
"
}
}
"
America
:
Dawson
"
{
ec
{
"
Dawson
"
}
}
"
America
:
Dawson_Creek
"
{
ec
{
"
Dawson
Creek
"
}
}
"
America
:
Denver
"
{
ec
{
"
Denver
"
}
}
"
America
:
Detroit
"
{
ec
{
"
Detroit
"
}
}
"
America
:
Dominica
"
{
ec
{
"
Dominika
"
}
}
"
America
:
Edmonton
"
{
ec
{
"
Edmonton
"
}
}
"
America
:
Eirunepe
"
{
ec
{
"
Eirunep
"
}
}
"
America
:
El_Salvador
"
{
ec
{
"
Salv
dor
"
}
}
"
America
:
Fort_Nelson
"
{
ec
{
"
Fort
Nelson
"
}
}
"
America
:
Fortaleza
"
{
ec
{
"
Fortaleza
"
}
}
"
America
:
Glace_Bay
"
{
ec
{
"
Glace
Bay
"
}
}
"
America
:
Godthab
"
{
ec
{
"
Nuuk
"
}
}
"
America
:
Goose_Bay
"
{
ec
{
"
Goose
Bay
"
}
}
"
America
:
Grand_Turk
"
{
ec
{
"
Grand
Turk
"
}
}
"
America
:
Grenada
"
{
ec
{
"
Grenada
"
}
}
"
America
:
Guadeloupe
"
{
ec
{
"
Guadeloupe
"
}
}
"
America
:
Guatemala
"
{
ec
{
"
Guatemala
"
}
}
"
America
:
Guayaquil
"
{
ec
{
"
Guayaquil
"
}
}
"
America
:
Guyana
"
{
ec
{
"
Guyana
"
}
}
"
America
:
Halifax
"
{
ec
{
"
Halifax
"
}
}
"
America
:
Havana
"
{
ec
{
"
Havana
"
}
}
"
America
:
Hermosillo
"
{
ec
{
"
Hermosillo
"
}
}
"
America
:
Indiana
:
Knox
"
{
ec
{
"
Knox
Indiana
"
}
}
"
America
:
Indiana
:
Marengo
"
{
ec
{
"
Marengo
Indiana
"
}
}
"
America
:
Indiana
:
Petersburg
"
{
ec
{
"
Petersburg
Indiana
"
}
}
"
America
:
Indiana
:
Tell_City
"
{
ec
{
"
Tell
City
Indiana
"
}
}
"
America
:
Indiana
:
Vevay
"
{
ec
{
"
Vevay
Indiana
"
}
}
"
America
:
Indiana
:
Vincennes
"
{
ec
{
"
Vincennes
Indiana
"
}
}
"
America
:
Indiana
:
Winamac
"
{
ec
{
"
Winamac
Indiana
"
}
}
"
America
:
Indianapolis
"
{
ec
{
"
Indianapolis
"
}
}
"
America
:
Inuvik
"
{
ec
{
"
Inuvik
"
}
}
"
America
:
Iqaluit
"
{
ec
{
"
Iqaluit
"
}
}
"
America
:
Jamaica
"
{
ec
{
"
Jamajka
"
}
}
"
America
:
Jujuy
"
{
ec
{
"
Jujuy
"
}
}
"
America
:
Juneau
"
{
ec
{
"
Juneau
"
}
}
"
America
:
Kentucky
:
Monticello
"
{
ec
{
"
Monticello
Kentucky
"
}
}
"
America
:
Kralendijk
"
{
ec
{
"
Kralendijk
"
}
}
"
America
:
La_Paz
"
{
ec
{
"
La
Paz
"
}
}
"
America
:
Lima
"
{
ec
{
"
Lima
"
}
}
"
America
:
Los_Angeles
"
{
ec
{
"
Los
Angeles
"
}
}
"
America
:
Louisville
"
{
ec
{
"
Louisville
"
}
}
"
America
:
Lower_Princes
"
{
ec
{
"
Lower
Prince
s
Quarter
"
}
}
"
America
:
Maceio
"
{
ec
{
"
Macei
"
}
}
"
America
:
Managua
"
{
ec
{
"
Managua
"
}
}
"
America
:
Manaus
"
{
ec
{
"
Manaus
"
}
}
"
America
:
Marigot
"
{
ec
{
"
Marigot
"
}
}
"
America
:
Martinique
"
{
ec
{
"
Martinik
"
}
}
"
America
:
Matamoros
"
{
ec
{
"
Matamoros
"
}
}
"
America
:
Mazatlan
"
{
ec
{
"
Mazatl
n
"
}
}
"
America
:
Mendoza
"
{
ec
{
"
Mendoza
"
}
}
"
America
:
Menominee
"
{
ec
{
"
Menominee
"
}
}
"
America
:
Merida
"
{
ec
{
"
M
rida
"
}
}
"
America
:
Metlakatla
"
{
ec
{
"
Metlakatla
"
}
}
"
America
:
Mexico_City
"
{
ec
{
"
M
xico
"
}
}
"
America
:
Miquelon
"
{
ec
{
"
Miquelon
"
}
}
"
America
:
Moncton
"
{
ec
{
"
Moncton
"
}
}
"
America
:
Monterrey
"
{
ec
{
"
Monterrey
"
}
}
"
America
:
Montevideo
"
{
ec
{
"
Montevideo
"
}
}
"
America
:
Montserrat
"
{
ec
{
"
Montserrat
"
}
}
"
America
:
Nassau
"
{
ec
{
"
Nassau
"
}
}
"
America
:
New_York
"
{
ec
{
"
New
York
"
}
}
"
America
:
Nipigon
"
{
ec
{
"
Nipigon
"
}
}
"
America
:
Nome
"
{
ec
{
"
Nome
"
}
}
"
America
:
Noronha
"
{
ec
{
"
Noronha
"
}
}
"
America
:
North_Dakota
:
Beulah
"
{
ec
{
"
Beulah
Severn
Dakota
"
}
}
"
America
:
North_Dakota
:
Center
"
{
ec
{
"
Center
Severn
Dakota
"
}
}
"
America
:
North_Dakota
:
New_Salem
"
{
ec
{
"
New
Salem
Severn
Dakota
"
}
}
"
America
:
Ojinaga
"
{
ec
{
"
Ojinaga
"
}
}
"
America
:
Panama
"
{
ec
{
"
Panama
"
}
}
"
America
:
Pangnirtung
"
{
ec
{
"
Pangnirtung
"
}
}
"
America
:
Paramaribo
"
{
ec
{
"
Paramaribo
"
}
}
"
America
:
Phoenix
"
{
ec
{
"
Phoenix
"
}
}
"
America
:
Port
-
au
-
Prince
"
{
ec
{
"
Port
-
au
-
Prince
"
}
}
"
America
:
Port_of_Spain
"
{
ec
{
"
Port
of
Spain
"
}
}
"
America
:
Porto_Velho
"
{
ec
{
"
Porto
Velho
"
}
}
"
America
:
Puerto_Rico
"
{
ec
{
"
Portoriko
"
}
}
"
America
:
Punta_Arenas
"
{
ec
{
"
Punta
Arenas
"
}
}
"
America
:
Rainy_River
"
{
ec
{
"
Rainy
River
"
}
}
"
America
:
Rankin_Inlet
"
{
ec
{
"
Rankin
Inlet
"
}
}
"
America
:
Recife
"
{
ec
{
"
Recife
"
}
}
"
America
:
Regina
"
{
ec
{
"
Regina
"
}
}
"
America
:
Resolute
"
{
ec
{
"
Resolute
"
}
}
"
America
:
Rio_Branco
"
{
ec
{
"
Rio
Branco
"
}
}
"
America
:
Santa_Isabel
"
{
ec
{
"
Santa
Isabel
"
}
}
"
America
:
Santarem
"
{
ec
{
"
Santar
m
"
}
}
"
America
:
Santiago
"
{
ec
{
"
Santiago
"
}
}
"
America
:
Santo_Domingo
"
{
ec
{
"
Santo
Domingo
"
}
}
"
America
:
Sao_Paulo
"
{
ec
{
"
S
o
Paulo
"
}
}
"
America
:
Scoresbysund
"
{
ec
{
"
Ittoqqortoormiit
"
}
}
"
America
:
Sitka
"
{
ec
{
"
Sitka
"
}
}
"
America
:
St_Barthelemy
"
{
ec
{
"
Sv
t
Bartolomej
"
}
}
"
America
:
St_Johns
"
{
ec
{
"
St
.
John
s
"
}
}
"
America
:
St_Kitts
"
{
ec
{
"
St
.
Kitts
"
}
}
"
America
:
St_Lucia
"
{
ec
{
"
Sv
t
Lucia
"
}
}
"
America
:
St_Thomas
"
{
ec
{
"
Sv
.
Tom
"
}
}
"
America
:
St_Vincent
"
{
ec
{
"
Sv
.
Vincent
"
}
}
"
America
:
Swift_Current
"
{
ec
{
"
Swift
Current
"
}
}
"
America
:
Tegucigalpa
"
{
ec
{
"
Tegucigalpa
"
}
}
"
America
:
Thule
"
{
ec
{
"
Thule
"
}
}
"
America
:
Thunder_Bay
"
{
ec
{
"
Thunder
Bay
"
}
}
"
America
:
Tijuana
"
{
ec
{
"
Tijuana
"
}
}
"
America
:
Toronto
"
{
ec
{
"
Toronto
"
}
}
"
America
:
Tortola
"
{
ec
{
"
Tortola
"
}
}
"
America
:
Vancouver
"
{
ec
{
"
Vancouver
"
}
}
"
America
:
Whitehorse
"
{
ec
{
"
Whitehorse
"
}
}
"
America
:
Winnipeg
"
{
ec
{
"
Winnipeg
"
}
}
"
America
:
Yakutat
"
{
ec
{
"
Yakutat
"
}
}
"
America
:
Yellowknife
"
{
ec
{
"
Yellowknife
"
}
}
"
Antarctica
:
Casey
"
{
ec
{
"
Casey
"
}
}
"
Antarctica
:
Davis
"
{
ec
{
"
Davis
"
}
}
"
Antarctica
:
DumontDUrville
"
{
ec
{
"
Dumont
d
Urville
"
}
}
"
Antarctica
:
Macquarie
"
{
ec
{
"
Macquarie
"
}
}
"
Antarctica
:
Mawson
"
{
ec
{
"
Mawson
"
}
}
"
Antarctica
:
McMurdo
"
{
ec
{
"
McMurdo
"
}
}
"
Antarctica
:
Palmer
"
{
ec
{
"
Palmer
"
}
}
"
Antarctica
:
Rothera
"
{
ec
{
"
Rothera
"
}
}
"
Antarctica
:
Syowa
"
{
ec
{
"
wa
"
}
}
"
Antarctica
:
Troll
"
{
ec
{
"
Troll
"
}
}
"
Antarctica
:
Vostok
"
{
ec
{
"
Vostok
"
}
}
"
Arctic
:
Longyearbyen
"
{
ec
{
"
Longyearbyen
"
}
}
"
Asia
:
Aden
"
{
ec
{
"
Aden
"
}
}
"
Asia
:
Almaty
"
{
ec
{
"
Almaty
"
}
}
"
Asia
:
Amman
"
{
ec
{
"
Amm
n
"
}
}
"
Asia
:
Anadyr
"
{
ec
{
"
Anadyr
"
}
}
"
Asia
:
Aqtau
"
{
ec
{
"
Aktau
"
}
}
"
Asia
:
Aqtobe
"
{
ec
{
"
Aktobe
"
}
}
"
Asia
:
Ashgabat
"
{
ec
{
"
A
chabad
"
}
}
"
Asia
:
Atyrau
"
{
ec
{
"
Atyrau
"
}
}
"
Asia
:
Baghdad
"
{
ec
{
"
Bagdad
"
}
}
"
Asia
:
Bahrain
"
{
ec
{
"
Bahrajn
"
}
}
"
Asia
:
Baku
"
{
ec
{
"
Baku
"
}
}
"
Asia
:
Bangkok
"
{
ec
{
"
Bangkok
"
}
}
"
Asia
:
Barnaul
"
{
ec
{
"
Barnaul
"
}
}
"
Asia
:
Beirut
"
{
ec
{
"
Bejr
t
"
}
}
"
Asia
:
Bishkek
"
{
ec
{
"
Bi
kek
"
}
}
"
Asia
:
Brunei
"
{
ec
{
"
Brunej
"
}
}
"
Asia
:
Calcutta
"
{
ec
{
"
Kalkata
"
}
}
"
Asia
:
Chita
"
{
ec
{
"
ita
"
}
}
"
Asia
:
Choibalsan
"
{
ec
{
"
ojbalsan
"
}
}
"
Asia
:
Colombo
"
{
ec
{
"
Kolombo
"
}
}
"
Asia
:
Damascus
"
{
ec
{
"
Damask
"
}
}
"
Asia
:
Dhaka
"
{
ec
{
"
Dh
ka
"
}
}
"
Asia
:
Dili
"
{
ec
{
"
Dili
"
}
}
"
Asia
:
Dubai
"
{
ec
{
"
Dubaj
"
}
}
"
Asia
:
Dushanbe
"
{
ec
{
"
Du
anbe
"
}
}
"
Asia
:
Famagusta
"
{
ec
{
"
Famagusta
"
}
}
"
Asia
:
Gaza
"
{
ec
{
"
Gaza
"
}
}
"
Asia
:
Hebron
"
{
ec
{
"
Hebron
"
}
}
"
Asia
:
Hong_Kong
"
{
ec
{
"
Hongkong
"
}
}
"
Asia
:
Hovd
"
{
ec
{
"
Chovd
"
}
}
"
Asia
:
Irkutsk
"
{
ec
{
"
Irkutsk
"
}
}
"
Asia
:
Jakarta
"
{
ec
{
"
Jakarta
"
}
}
"
Asia
:
Jayapura
"
{
ec
{
"
Jayapura
"
}
}
"
Asia
:
Jerusalem
"
{
ec
{
"
Jeruzalem
"
}
}
"
Asia
:
Kabul
"
{
ec
{
"
K
bul
"
}
}
"
Asia
:
Kamchatka
"
{
ec
{
"
Kam
atka
"
}
}
"
Asia
:
Karachi
"
{
ec
{
"
Kar
i
"
}
}
"
Asia
:
Katmandu
"
{
ec
{
"
K
thmandu
"
}
}
"
Asia
:
Khandyga
"
{
ec
{
"
Chandyga
"
}
}
"
Asia
:
Krasnoyarsk
"
{
ec
{
"
Krasnojarsk
"
}
}
"
Asia
:
Kuala_Lumpur
"
{
ec
{
"
Kuala
Lumpur
"
}
}
"
Asia
:
Kuching
"
{
ec
{
"
Ku
ing
"
}
}
"
Asia
:
Kuwait
"
{
ec
{
"
Kuvajt
"
}
}
"
Asia
:
Macau
"
{
ec
{
"
Macao
"
}
}
"
Asia
:
Magadan
"
{
ec
{
"
Magadan
"
}
}
"
Asia
:
Makassar
"
{
ec
{
"
Makassar
"
}
}
"
Asia
:
Manila
"
{
ec
{
"
Manila
"
}
}
"
Asia
:
Muscat
"
{
ec
{
"
Maskat
"
}
}
"
Asia
:
Nicosia
"
{
ec
{
"
Nik
zia
"
}
}
"
Asia
:
Novokuznetsk
"
{
ec
{
"
Novokuzneck
"
}
}
"
Asia
:
Novosibirsk
"
{
ec
{
"
Novosibirsk
"
}
}
"
Asia
:
Omsk
"
{
ec
{
"
Omsk
"
}
}
"
Asia
:
Oral
"
{
ec
{
"
Ura
sk
"
}
}
"
Asia
:
Phnom_Penh
"
{
ec
{
"
Phnom
P
nh
"
}
}
"
Asia
:
Pontianak
"
{
ec
{
"
Pontianak
"
}
}
"
Asia
:
Pyongyang
"
{
ec
{
"
Pchjongjang
"
}
}
"
Asia
:
Qatar
"
{
ec
{
"
Katar
"
}
}
"
Asia
:
Qostanay
"
{
ec
{
"
Kostanaj
"
}
}
"
Asia
:
Qyzylorda
"
{
ec
{
"
Kyzylorda
"
}
}
"
Asia
:
Rangoon
"
{
ec
{
"
Rang
n
"
}
}
"
Asia
:
Riyadh
"
{
ec
{
"
Rij
d
"
}
}
"
Asia
:
Saigon
"
{
ec
{
"
Ho
iminovo
Mesto
"
}
}
"
Asia
:
Sakhalin
"
{
ec
{
"
Sachalin
"
}
}
"
Asia
:
Samarkand
"
{
ec
{
"
Samarkand
"
}
}
"
Asia
:
Seoul
"
{
ec
{
"
Soul
"
}
}
"
Asia
:
Shanghai
"
{
ec
{
"
anghaj
"
}
}
"
Asia
:
Singapore
"
{
ec
{
"
Singapur
"
}
}
"
Asia
:
Srednekolymsk
"
{
ec
{
"
Srednekolymsk
"
}
}
"
Asia
:
Taipei
"
{
ec
{
"
Tchaj
-
pej
"
}
}
"
Asia
:
Tashkent
"
{
ec
{
"
Ta
kent
"
}
}
"
Asia
:
Tbilisi
"
{
ec
{
"
Tbilisi
"
}
}
"
Asia
:
Tehran
"
{
ec
{
"
Teher
n
"
}
}
"
Asia
:
Thimphu
"
{
ec
{
"
Thimphu
"
}
}
"
Asia
:
Tokyo
"
{
ec
{
"
Tokio
"
}
}
"
Asia
:
Tomsk
"
{
ec
{
"
Tomsk
"
}
}
"
Asia
:
Ulaanbaatar
"
{
ec
{
"
Ulanb
tar
"
}
}
"
Asia
:
Urumqi
"
{
ec
{
"
Urum
i
"
}
}
"
Asia
:
Ust
-
Nera
"
{
ec
{
"
Us
-
Nera
"
}
}
"
Asia
:
Vientiane
"
{
ec
{
"
Vientian
"
}
}
"
Asia
:
Vladivostok
"
{
ec
{
"
Vladivostok
"
}
}
"
Asia
:
Yakutsk
"
{
ec
{
"
Jakutsk
"
}
}
"
Asia
:
Yekaterinburg
"
{
ec
{
"
Jekaterinburg
"
}
}
"
Asia
:
Yerevan
"
{
ec
{
"
Jerevan
"
}
}
"
Atlantic
:
Azores
"
{
ec
{
"
Azory
"
}
}
"
Atlantic
:
Bermuda
"
{
ec
{
"
Bermudy
"
}
}
"
Atlantic
:
Canary
"
{
ec
{
"
Kan
rske
ostrovy
"
}
}
"
Atlantic
:
Cape_Verde
"
{
ec
{
"
Kapverdy
"
}
}
"
Atlantic
:
Faeroe
"
{
ec
{
"
Faersk
ostrovy
"
}
}
"
Atlantic
:
Madeira
"
{
ec
{
"
Madeira
"
}
}
"
Atlantic
:
Reykjavik
"
{
ec
{
"
Reykjav
k
"
}
}
"
Atlantic
:
South_Georgia
"
{
ec
{
"
Ju
n
Georgia
"
}
}
"
Atlantic
:
St_Helena
"
{
ec
{
"
Sv
t
Helena
"
}
}
"
Atlantic
:
Stanley
"
{
ec
{
"
Stanley
"
}
}
"
Australia
:
Adelaide
"
{
ec
{
"
Adelaide
"
}
}
"
Australia
:
Brisbane
"
{
ec
{
"
Brisbane
"
}
}
"
Australia
:
Broken_Hill
"
{
ec
{
"
Broken
Hill
"
}
}
"
Australia
:
Currie
"
{
ec
{
"
Currie
"
}
}
"
Australia
:
Darwin
"
{
ec
{
"
Darwin
"
}
}
"
Australia
:
Eucla
"
{
ec
{
"
Eucla
"
}
}
"
Australia
:
Hobart
"
{
ec
{
"
Hobart
"
}
}
"
Australia
:
Lindeman
"
{
ec
{
"
Lindeman
"
}
}
"
Australia
:
Lord_Howe
"
{
ec
{
"
Lord
Howe
"
}
}
"
Australia
:
Melbourne
"
{
ec
{
"
Melbourne
"
}
}
"
Australia
:
Perth
"
{
ec
{
"
Perth
"
}
}
"
Australia
:
Sydney
"
{
ec
{
"
Sydney
"
}
}
"
Etc
:
UTC
"
{
ls
{
"
koordinovan
svetov
as
"
}
ss
{
"
UTC
"
}
}
"
Etc
:
Unknown
"
{
ec
{
"
nezn
me
mesto
"
}
}
"
Europe
:
Amsterdam
"
{
ec
{
"
Amsterdam
"
}
}
"
Europe
:
Andorra
"
{
ec
{
"
Andorra
"
}
}
"
Europe
:
Astrakhan
"
{
ec
{
"
Astrach
n
"
}
}
"
Europe
:
Athens
"
{
ec
{
"
At
ny
"
}
}
"
Europe
:
Belgrade
"
{
ec
{
"
Belehrad
"
}
}
"
Europe
:
Berlin
"
{
ec
{
"
Berl
n
"
}
}
"
Europe
:
Bratislava
"
{
ec
{
"
Bratislava
"
}
}
"
Europe
:
Brussels
"
{
ec
{
"
Brusel
"
}
}
"
Europe
:
Bucharest
"
{
ec
{
"
Bukure
"
}
}
"
Europe
:
Budapest
"
{
ec
{
"
Budape
"
}
}
"
Europe
:
Busingen
"
{
ec
{
"
B
singen
"
}
}
"
Europe
:
Chisinau
"
{
ec
{
"
Ki
i
ov
"
}
}
"
Europe
:
Copenhagen
"
{
ec
{
"
Koda
"
}
}
"
Europe
:
Dublin
"
{
ec
{
"
Dublin
"
}
ld
{
"
rsky
tandardn
as
"
}
}
"
Europe
:
Gibraltar
"
{
ec
{
"
Gibralt
r
"
}
}
"
Europe
:
Guernsey
"
{
ec
{
"
Guernsey
"
}
}
"
Europe
:
Helsinki
"
{
ec
{
"
Helsinki
"
}
}
"
Europe
:
Isle_of_Man
"
{
ec
{
"
Ostrov
Man
"
}
}
"
Europe
:
Istanbul
"
{
ec
{
"
Istanbul
"
}
}
"
Europe
:
Jersey
"
{
ec
{
"
Jersey
"
}
}
"
Europe
:
Kaliningrad
"
{
ec
{
"
Kaliningrad
"
}
}
"
Europe
:
Kiev
"
{
ec
{
"
Kyjev
"
}
}
"
Europe
:
Kirov
"
{
ec
{
"
Kirov
"
}
}
"
Europe
:
Lisbon
"
{
ec
{
"
Lisabon
"
}
}
"
Europe
:
Ljubljana
"
{
ec
{
"
ub
ana
"
}
}
"
Europe
:
London
"
{
ec
{
"
Lond
n
"
}
ld
{
"
britsk
letn
as
"
}
}
"
Europe
:
Luxembourg
"
{
ec
{
"
Luxembursko
"
}
}
"
Europe
:
Madrid
"
{
ec
{
"
Madrid
"
}
}
"
Europe
:
Malta
"
{
ec
{
"
Malta
"
}
}
"
Europe
:
Mariehamn
"
{
ec
{
"
Mariehamn
"
}
}
"
Europe
:
Minsk
"
{
ec
{
"
Minsk
"
}
}
"
Europe
:
Monaco
"
{
ec
{
"
Monako
"
}
}
"
Europe
:
Moscow
"
{
ec
{
"
Moskva
"
}
}
"
Europe
:
Oslo
"
{
ec
{
"
Oslo
"
}
}
"
Europe
:
Paris
"
{
ec
{
"
Par
"
}
}
"
Europe
:
Podgorica
"
{
ec
{
"
Podgorica
"
}
}
"
Europe
:
Prague
"
{
ec
{
"
Praha
"
}
}
"
Europe
:
Riga
"
{
ec
{
"
Riga
"
}
}
"
Europe
:
Rome
"
{
ec
{
"
R
m
"
}
}
"
Europe
:
Samara
"
{
ec
{
"
Samara
"
}
}
"
Europe
:
San_Marino
"
{
ec
{
"
San
Mar
no
"
}
}
"
Europe
:
Sarajevo
"
{
ec
{
"
Sarajevo
"
}
}
"
Europe
:
Saratov
"
{
ec
{
"
Saratov
"
}
}
"
Europe
:
Simferopol
"
{
ec
{
"
Simferopol
"
}
}
"
Europe
:
Skopje
"
{
ec
{
"
Skopje
"
}
}
"
Europe
:
Sofia
"
{
ec
{
"
Sofia
"
}
}
"
Europe
:
Stockholm
"
{
ec
{
"
tokholm
"
}
}
"
Europe
:
Tallinn
"
{
ec
{
"
Tallinn
"
}
}
"
Europe
:
Tirane
"
{
ec
{
"
Tirana
"
}
}
"
Europe
:
Ulyanovsk
"
{
ec
{
"
U
janovsk
"
}
}
"
Europe
:
Uzhgorod
"
{
ec
{
"
U
horod
"
}
}
"
Europe
:
Vaduz
"
{
ec
{
"
Vaduz
"
}
}
"
Europe
:
Vatican
"
{
ec
{
"
Vatik
n
"
}
}
"
Europe
:
Vienna
"
{
ec
{
"
Viede
"
}
}
"
Europe
:
Vilnius
"
{
ec
{
"
Vilnius
"
}
}
"
Europe
:
Volgograd
"
{
ec
{
"
Volgograd
"
}
}
"
Europe
:
Warsaw
"
{
ec
{
"
Var
ava
"
}
}
"
Europe
:
Zagreb
"
{
ec
{
"
Z
hreb
"
}
}
"
Europe
:
Zaporozhye
"
{
ec
{
"
Z
poro
ie
"
}
}
"
Europe
:
Zurich
"
{
ec
{
"
Z
rich
"
}
}
"
Indian
:
Antananarivo
"
{
ec
{
"
Antananarivo
"
}
}
"
Indian
:
Chagos
"
{
ec
{
"
Chagos
"
}
}
"
Indian
:
Christmas
"
{
ec
{
"
Viano
n
ostrov
"
}
}
"
Indian
:
Cocos
"
{
ec
{
"
Kokosov
ostrovy
"
}
}
"
Indian
:
Comoro
"
{
ec
{
"
Komory
"
}
}
"
Indian
:
Kerguelen
"
{
ec
{
"
Kergueleny
"
}
}
"
Indian
:
Mahe
"
{
ec
{
"
Mah
"
}
}
"
Indian
:
Maldives
"
{
ec
{
"
Maldivy
"
}
}
"
Indian
:
Mauritius
"
{
ec
{
"
Maur
cius
"
}
}
"
Indian
:
Mayotte
"
{
ec
{
"
Mayotte
"
}
}
"
Indian
:
Reunion
"
{
ec
{
"
R
union
"
}
}
"
Pacific
:
Apia
"
{
ec
{
"
Apia
"
}
}
"
Pacific
:
Auckland
"
{
ec
{
"
Auckland
"
}
}
"
Pacific
:
Bougainville
"
{
ec
{
"
Bougainville
"
}
}
"
Pacific
:
Chatham
"
{
ec
{
"
Chatham
"
}
}
"
Pacific
:
Easter
"
{
ec
{
"
Ve
kono
n
ostrov
"
}
}
"
Pacific
:
Efate
"
{
ec
{
"
Efate
"
}
}
"
Pacific
:
Enderbury
"
{
ec
{
"
Enderbury
"
}
}
"
Pacific
:
Fakaofo
"
{
ec
{
"
Fakaofo
"
}
}
"
Pacific
:
Fiji
"
{
ec
{
"
Fid
i
"
}
}
"
Pacific
:
Funafuti
"
{
ec
{
"
Funafuti
"
}
}
"
Pacific
:
Galapagos
"
{
ec
{
"
Galap
gy
"
}
}
"
Pacific
:
Gambier
"
{
ec
{
"
Gambier
"
}
}
"
Pacific
:
Guadalcanal
"
{
ec
{
"
Guadalcanal
"
}
}
"
Pacific
:
Guam
"
{
ec
{
"
Guam
"
}
}
"
Pacific
:
Honolulu
"
{
ec
{
"
Honolulu
"
}
sd
{
"
HDT
"
}
sg
{
"
HST
"
}
ss
{
"
HST
"
}
}
"
Pacific
:
Johnston
"
{
ec
{
"
Johnston
"
}
}
"
Pacific
:
Kiritimati
"
{
ec
{
"
Kiritimati
"
}
}
"
Pacific
:
Kosrae
"
{
ec
{
"
Kosrae
"
}
}
"
Pacific
:
Kwajalein
"
{
ec
{
"
Kwajalein
"
}
}
"
Pacific
:
Majuro
"
{
ec
{
"
Majuro
"
}
}
"
Pacific
:
Marquesas
"
{
ec
{
"
Mark
zy
"
}
}
"
Pacific
:
Midway
"
{
ec
{
"
Midway
"
}
}
"
Pacific
:
Nauru
"
{
ec
{
"
Nauru
"
}
}
"
Pacific
:
Niue
"
{
ec
{
"
Niue
"
}
}
"
Pacific
:
Norfolk
"
{
ec
{
"
Norfolk
"
}
}
"
Pacific
:
Noumea
"
{
ec
{
"
Noum
a
"
}
}
"
Pacific
:
Pago_Pago
"
{
ec
{
"
Pago
Pago
"
}
}
"
Pacific
:
Palau
"
{
ec
{
"
Palau
"
}
}
"
Pacific
:
Pitcairn
"
{
ec
{
"
Pitcairn
"
}
}
"
Pacific
:
Ponape
"
{
ec
{
"
Pohnpei
"
}
}
"
Pacific
:
Port_Moresby
"
{
ec
{
"
Port
Moresby
"
}
}
"
Pacific
:
Rarotonga
"
{
ec
{
"
Rarotonga
"
}
}
"
Pacific
:
Saipan
"
{
ec
{
"
Saipan
"
}
}
"
Pacific
:
Tahiti
"
{
ec
{
"
Tahiti
"
}
}
"
Pacific
:
Tarawa
"
{
ec
{
"
Tarawa
"
}
}
"
Pacific
:
Tongatapu
"
{
ec
{
"
Tongatapu
"
}
}
"
Pacific
:
Truk
"
{
ec
{
"
Chuuk
"
}
}
"
Pacific
:
Wake
"
{
ec
{
"
Wake
"
}
}
"
Pacific
:
Wallis
"
{
ec
{
"
Wallis
"
}
}
"
meta
:
Acre
"
{
ld
{
"
acrejsk
letn
as
"
}
lg
{
"
acrejsk
as
"
}
ls
{
"
acrejsk
tandardn
as
"
}
}
"
meta
:
Afghanistan
"
{
ls
{
"
afgansk
as
"
}
}
"
meta
:
Africa_Central
"
{
ls
{
"
stredoafrick
as
"
}
}
"
meta
:
Africa_Eastern
"
{
ls
{
"
v
chodoafrick
as
"
}
}
"
meta
:
Africa_Southern
"
{
ls
{
"
juhoafrick
as
"
}
}
"
meta
:
Africa_Western
"
{
ld
{
"
z
padoafrick
letn
as
"
}
lg
{
"
z
padoafrick
as
"
}
ls
{
"
z
padoafrick
tandardn
as
"
}
}
"
meta
:
Alaska
"
{
ld
{
"
alja
sk
letn
as
"
}
lg
{
"
alja
sk
as
"
}
ls
{
"
alja
sk
tandardn
as
"
}
}
"
meta
:
Almaty
"
{
ld
{
"
almaatsk
letn
as
"
}
lg
{
"
almaatsk
as
"
}
ls
{
"
almaatsk
tandardn
as
"
}
}
"
meta
:
Amazon
"
{
ld
{
"
amazonsk
letn
as
"
}
lg
{
"
amazonsk
as
"
}
ls
{
"
amazonsk
tandardn
as
"
}
}
"
meta
:
America_Central
"
{
ld
{
"
severoamerick
centr
lny
letn
as
"
}
lg
{
"
severoamerick
centr
lny
as
"
}
ls
{
"
severoamerick
centr
lny
tandardn
as
"
}
}
"
meta
:
America_Eastern
"
{
ld
{
"
severoamerick
v
chodn
letn
as
"
}
lg
{
"
severoamerick
v
chodn
as
"
}
ls
{
"
severoamerick
v
chodn
tandardn
as
"
}
}
"
meta
:
America_Mountain
"
{
ld
{
"
severoamerick
horsk
letn
as
"
}
lg
{
"
severoamerick
horsk
as
"
}
ls
{
"
severoamerick
horsk
tandardn
as
"
}
}
"
meta
:
America_Pacific
"
{
ld
{
"
severoamerick
tichomorsk
letn
as
"
}
lg
{
"
severoamerick
tichomorsk
as
"
}
ls
{
"
severoamerick
tichomorsk
tandardn
as
"
}
}
"
meta
:
Anadyr
"
{
ld
{
"
Anadyrsk
letn
as
"
}
lg
{
"
Anadyrsk
as
"
}
ls
{
"
Anadyrsk
tandardn
as
"
}
}
"
meta
:
Apia
"
{
ld
{
"
apijsk
letn
as
"
}
lg
{
"
apijsk
as
"
}
ls
{
"
apijsk
tandardn
as
"
}
}
"
meta
:
Aqtau
"
{
ld
{
"
aktausk
letn
as
"
}
lg
{
"
aktausk
as
"
}
ls
{
"
aktausk
tandardn
as
"
}
}
"
meta
:
Aqtobe
"
{
ld
{
"
aktobsk
letn
as
"
}
lg
{
"
aktobsk
as
"
}
ls
{
"
aktobsk
tandardn
as
"
}
}
"
meta
:
Arabian
"
{
ld
{
"
arabsk
letn
as
"
}
lg
{
"
arabsk
as
"
}
ls
{
"
arabsk
tandardn
as
"
}
}
"
meta
:
Argentina
"
{
ld
{
"
argent
nsky
letn
as
"
}
lg
{
"
argent
nsky
as
"
}
ls
{
"
argent
nsky
tandardn
as
"
}
}
"
meta
:
Argentina_Western
"
{
ld
{
"
z
padoargent
nsky
letn
as
"
}
lg
{
"
z
padoargent
nsky
as
"
}
ls
{
"
z
padoargent
nsky
tandardn
as
"
}
}
"
meta
:
Armenia
"
{
ld
{
"
arm
nsky
letn
as
"
}
lg
{
"
arm
nsky
as
"
}
ls
{
"
arm
nsky
tandardn
as
"
}
}
"
meta
:
Atlantic
"
{
ld
{
"
atlantick
letn
as
"
}
lg
{
"
atlantick
as
"
}
ls
{
"
atlantick
tandardn
as
"
}
}
"
meta
:
Australia_Central
"
{
ld
{
"
stredoaustr
lsky
letn
as
"
}
lg
{
"
stredoaustr
lsky
as
"
}
ls
{
"
stredoaustr
lsky
tandardn
as
"
}
}
"
meta
:
Australia_CentralWestern
"
{
ld
{
"
stredoz
padn
austr
lsky
letn
as
"
}
lg
{
"
stredoz
padn
austr
lsky
as
"
}
ls
{
"
stredoz
padn
austr
lsky
tandardn
as
"
}
}
"
meta
:
Australia_Eastern
"
{
ld
{
"
v
chodoaustr
lsky
letn
as
"
}
lg
{
"
v
chodoaustr
lsky
as
"
}
ls
{
"
v
chodoaustr
lsky
tandardn
as
"
}
}
"
meta
:
Australia_Western
"
{
ld
{
"
z
padoaustr
lsky
letn
as
"
}
lg
{
"
z
padoaustr
lsky
as
"
}
ls
{
"
z
padoaustr
lsky
tandardn
as
"
}
}
"
meta
:
Azerbaijan
"
{
ld
{
"
azerbajd
ansk
letn
as
"
}
lg
{
"
azerbajd
ansk
as
"
}
ls
{
"
azerbajd
ansk
tandardn
as
"
}
}
"
meta
:
Azores
"
{
ld
{
"
azorsk
letn
as
"
}
lg
{
"
azorsk
as
"
}
ls
{
"
azorsk
tandardn
as
"
}
}
"
meta
:
Bangladesh
"
{
ld
{
"
banglad
sky
letn
as
"
}
lg
{
"
banglad
sky
as
"
}
ls
{
"
banglad
sky
tandardn
as
"
}
}
"
meta
:
Bhutan
"
{
ls
{
"
bhut
nsky
as
"
}
}
"
meta
:
Bolivia
"
{
ls
{
"
bol
vijsk
as
"
}
}
"
meta
:
Brasilia
"
{
ld
{
"
braz
lsky
letn
as
"
}
lg
{
"
braz
lsky
as
"
}
ls
{
"
braz
lsky
tandardn
as
"
}
}
"
meta
:
Brunei
"
{
ls
{
"
brunejsk
as
"
}
}
"
meta
:
Cape_Verde
"
{
ld
{
"
kapverdsk
letn
as
"
}
lg
{
"
kapverdsk
as
"
}
ls
{
"
kapverdsk
tandardn
as
"
}
}
"
meta
:
Casey
"
{
ls
{
"
as
Caseyho
stanice
"
}
}
"
meta
:
Chamorro
"
{
ls
{
"
chamorrsk
as
"
}
}
"
meta
:
Chatham
"
{
ld
{
"
chathamsk
letn
as
"
}
lg
{
"
chathamsk
as
"
}
ls
{
"
chathamsk
tandardn
as
"
}
}
"
meta
:
Chile
"
{
ld
{
"
ilsk
letn
as
"
}
lg
{
"
ilsk
as
"
}
ls
{
"
ilsk
tandardn
as
"
}
}
"
meta
:
China
"
{
ld
{
"
nsky
letn
as
"
}
lg
{
"
nsky
as
"
}
ls
{
"
nsky
tandardn
as
"
}
}
"
meta
:
Choibalsan
"
{
ld
{
"
ojbalsansk
letn
as
"
}
lg
{
"
ojbalsansk
as
"
}
ls
{
"
ojbalsansk
tandardn
as
"
}
}
"
meta
:
Christmas
"
{
ls
{
"
as
Viano
n
ho
ostrova
"
}
}
"
meta
:
Cocos
"
{
ls
{
"
as
Kokosov
ch
ostrovov
"
}
}
"
meta
:
Colombia
"
{
ld
{
"
kolumbijsk
letn
as
"
}
lg
{
"
kolumbijsk
as
"
}
ls
{
"
kolumbijsk
tandardn
as
"
}
}
"
meta
:
Cook
"
{
ld
{
"
letn
as
Cookov
ch
ostrovov
"
}
lg
{
"
as
Cookov
ch
ostrovov
"
}
ls
{
"
tandardn
as
Cookov
ch
ostrovov
"
}
}
"
meta
:
Cuba
"
{
ld
{
"
kub
nsky
letn
as
"
}
lg
{
"
kub
nsky
as
"
}
ls
{
"
kub
nsky
tandardn
as
"
}
}
"
meta
:
Davis
"
{
ls
{
"
as
Davisovej
stanice
"
}
}
"
meta
:
DumontDUrville
"
{
ls
{
"
as
stanice
Dumonta
d
Urvillea
"
}
}
"
meta
:
East_Timor
"
{
ls
{
"
v
chodotimorsk
as
"
}
}
"
meta
:
Easter
"
{
ld
{
"
letn
as
Ve
kono
n
ho
ostrova
"
}
lg
{
"
as
Ve
kono
n
ho
ostrova
"
}
ls
{
"
tandardn
as
Ve
kono
n
ho
ostrova
"
}
}
"
meta
:
Ecuador
"
{
ls
{
"
ekv
dorsk
as
"
}
}
"
meta
:
Europe_Central
"
{
ld
{
"
stredoeur
psky
letn
as
"
}
lg
{
"
stredoeur
psky
as
"
}
ls
{
"
stredoeur
psky
tandardn
as
"
}
sd
{
"
SEL
"
}
sg
{
"
SE
"
}
ss
{
"
SE
"
}
}
"
meta
:
Europe_Eastern
"
{
ld
{
"
v
chodoeur
psky
letn
as
"
}
lg
{
"
v
chodoeur
psky
as
"
}
ls
{
"
v
chodoeur
psky
tandardn
as
"
}
}
"
meta
:
Europe_Further_Eastern
"
{
ls
{
"
minsk
as
"
}
}
"
meta
:
Europe_Western
"
{
ld
{
"
z
padoeur
psky
letn
as
"
}
lg
{
"
z
padoeur
psky
as
"
}
ls
{
"
z
padoeur
psky
tandardn
as
"
}
}
"
meta
:
Falkland
"
{
ld
{
"
falklandsk
letn
as
"
}
lg
{
"
falklandsk
as
"
}
ls
{
"
falklandsk
tandardn
as
"
}
}
"
meta
:
Fiji
"
{
ld
{
"
fid
ijsk
letn
as
"
}
lg
{
"
fid
ijsk
as
"
}
ls
{
"
fid
ijsk
tandardn
as
"
}
}
"
meta
:
French_Guiana
"
{
ls
{
"
franc
zskoguyansk
as
"
}
}
"
meta
:
French_Southern
"
{
ls
{
"
as
Franc
zskych
ju
n
ch
a
antarktick
ch
zem
"
}
}
"
meta
:
GMT
"
{
ls
{
"
greenwichsk
as
"
}
}
"
meta
:
Galapagos
"
{
ls
{
"
galap
gsky
as
"
}
}
"
meta
:
Gambier
"
{
ls
{
"
gambiersk
as
"
}
}
"
meta
:
Georgia
"
{
ld
{
"
gruz
nsky
letn
as
"
}
lg
{
"
gruz
nsky
as
"
}
ls
{
"
gruz
nsky
tandardn
as
"
}
}
"
meta
:
Gilbert_Islands
"
{
ls
{
"
as
Gilbertov
ch
ostrovov
"
}
}
"
meta
:
Greenland_Eastern
"
{
ld
{
"
v
chodogr
nsky
letn
as
"
}
lg
{
"
v
chodogr
nsky
as
"
}
ls
{
"
v
chodogr
nsky
tandardn
as
"
}
}
"
meta
:
Greenland_Western
"
{
ld
{
"
z
padogr
nsky
letn
as
"
}
lg
{
"
z
padogr
nsky
as
"
}
ls
{
"
z
padogr
nsky
tandardn
as
"
}
}
"
meta
:
Guam
"
{
ls
{
"
guamsk
as
"
}
}
"
meta
:
Gulf
"
{
ls
{
"
tandardn
as
Perzsk
ho
z
livu
"
}
}
"
meta
:
Guyana
"
{
ls
{
"
guyansk
as
"
}
}
"
meta
:
Hawaii_Aleutian
"
{
ld
{
"
havajsko
-
aleutsk
letn
as
"
}
lg
{
"
havajsko
-
aleutsk
as
"
}
ls
{
"
havajsko
-
aleutsk
tandardn
as
"
}
}
"
meta
:
Hong_Kong
"
{
ld
{
"
hongkonsk
letn
as
"
}
lg
{
"
hongkonsk
as
"
}
ls
{
"
hongkonsk
tandardn
as
"
}
}
"
meta
:
Hovd
"
{
ld
{
"
chovdsk
letn
as
"
}
lg
{
"
chovdsk
as
"
}
ls
{
"
chovdsk
tandardn
as
"
}
}
"
meta
:
India
"
{
ls
{
"
indick
as
"
}
}
"
meta
:
Indian_Ocean
"
{
ls
{
"
indickooce
nsky
as
"
}
}
"
meta
:
Indochina
"
{
ls
{
"
indo
nsky
as
"
}
}
"
meta
:
Indonesia_Central
"
{
ls
{
"
stredoindon
zsky
as
"
}
}
"
meta
:
Indonesia_Eastern
"
{
ls
{
"
v
chodoindon
zsky
as
"
}
}
"
meta
:
Indonesia_Western
"
{
ls
{
"
z
padoindon
zsky
as
"
}
}
"
meta
:
Iran
"
{
ld
{
"
ir
nsky
letn
as
"
}
lg
{
"
ir
nsky
as
"
}
ls
{
"
ir
nsky
tandardn
as
"
}
}
"
meta
:
Irkutsk
"
{
ld
{
"
irkutsk
letn
as
"
}
lg
{
"
irkutsk
as
"
}
ls
{
"
irkutsk
tandardn
as
"
}
}
"
meta
:
Israel
"
{
ld
{
"
izraelsk
letn
as
"
}
lg
{
"
izraelsk
as
"
}
ls
{
"
izraelsk
tandardn
as
"
}
}
"
meta
:
Japan
"
{
ld
{
"
japonsk
letn
as
"
}
lg
{
"
japonsk
as
"
}
ls
{
"
japonsk
tandardn
as
"
}
}
"
meta
:
Kamchatka
"
{
ld
{
"
Petropavlovsk
-
Kam
atskijsk
letn
as
"
}
lg
{
"
Petropavlovsk
-
Kam
atsk
as
"
}
ls
{
"
Petropavlovsk
-
Kam
atsk
tandardn
as
"
}
}
"
meta
:
Kazakhstan_Eastern
"
{
ls
{
"
v
chodokazachstansk
as
"
}
}
"
meta
:
Kazakhstan_Western
"
{
ls
{
"
z
padokazachstansk
as
"
}
}
"
meta
:
Korea
"
{
ld
{
"
k
rejsk
letn
as
"
}
lg
{
"
k
rejsk
as
"
}
ls
{
"
k
rejsk
tandardn
as
"
}
}
"
meta
:
Kosrae
"
{
ls
{
"
kosrajsk
as
"
}
}
"
meta
:
Krasnoyarsk
"
{
ld
{
"
krasnojarsk
letn
as
"
}
lg
{
"
krasnojarsk
as
"
}
ls
{
"
krasnojarsk
tandardn
as
"
}
}
"
meta
:
Kyrgystan
"
{
ls
{
"
kirgizsk
as
"
}
}
"
meta
:
Lanka
"
{
ls
{
"
sr
lansk
as
"
}
}
"
meta
:
Line_Islands
"
{
ls
{
"
as
Rovn
kov
ch
ostrovov
"
}
}
"
meta
:
Lord_Howe
"
{
ld
{
"
letn
as
ostrova
lorda
Howa
"
}
lg
{
"
as
ostrova
lorda
Howa
"
}
ls
{
"
tandardn
as
ostrova
lorda
Howa
"
}
}
"
meta
:
Macau
"
{
ld
{
"
macajsk
letn
as
"
}
lg
{
"
macajsk
as
"
}
ls
{
"
macajsk
tandardn
as
"
}
}
"
meta
:
Macquarie
"
{
ls
{
"
as
ostrova
Macquarie
"
}
}
"
meta
:
Magadan
"
{
ld
{
"
magadansk
letn
as
"
}
lg
{
"
magadansk
as
"
}
ls
{
"
magadansk
tandardn
as
"
}
}
"
meta
:
Malaysia
"
{
ls
{
"
malajzijsk
as
"
}
}
"
meta
:
Maldives
"
{
ls
{
"
maldivsk
as
"
}
}
"
meta
:
Marquesas
"
{
ls
{
"
mark
zsky
as
"
}
}
"
meta
:
Marshall_Islands
"
{
ls
{
"
as
Marshallov
ch
ostrovov
"
}
}
"
meta
:
Mauritius
"
{
ld
{
"
maur
cijsk
letn
as
"
}
lg
{
"
maur
cijsk
as
"
}
ls
{
"
maur
cijsk
tandardn
as
"
}
}
"
meta
:
Mawson
"
{
ls
{
"
as
Mawsonovej
stanice
"
}
}
"
meta
:
Mexico_Northwest
"
{
ld
{
"
severoz
padn
mexick
letn
as
"
}
lg
{
"
severoz
padn
mexick
as
"
}
ls
{
"
severoz
padn
mexick
tandardn
as
"
}
}
"
meta
:
Mexico_Pacific
"
{
ld
{
"
mexick
tichomorsk
letn
as
"
}
lg
{
"
mexick
tichomorsk
as
"
}
ls
{
"
mexick
tichomorsk
tandardn
as
"
}
}
"
meta
:
Mongolia
"
{
ld
{
"
ulanb
tarsk
letn
as
"
}
lg
{
"
ulanb
tarsk
as
"
}
ls
{
"
ulanb
tarsk
tandardn
as
"
}
}
"
meta
:
Moscow
"
{
ld
{
"
moskovsk
letn
as
"
}
lg
{
"
moskovsk
as
"
}
ls
{
"
moskovsk
tandardn
as
"
}
}
"
meta
:
Myanmar
"
{
ls
{
"
mjanmarsk
as
"
}
}
"
meta
:
Nauru
"
{
ls
{
"
naurusk
as
"
}
}
"
meta
:
Nepal
"
{
ls
{
"
nep
lsky
as
"
}
}
"
meta
:
New_Caledonia
"
{
ld
{
"
novokaled
nsky
letn
as
"
}
lg
{
"
novokaled
nsky
as
"
}
ls
{
"
novokaled
nsky
tandardn
as
"
}
}
"
meta
:
New_Zealand
"
{
ld
{
"
novoz
landsk
letn
as
"
}
lg
{
"
novoz
landsk
as
"
}
ls
{
"
novoz
landsk
tandardn
as
"
}
}
"
meta
:
Newfoundland
"
{
ld
{
"
newfoundlandsk
letn
as
"
}
lg
{
"
newfoundlandsk
as
"
}
ls
{
"
newfoundlandsk
tandardn
as
"
}
}
"
meta
:
Niue
"
{
ls
{
"
niuejsk
as
"
}
}
"
meta
:
Norfolk
"
{
ls
{
"
norfolsk
as
"
}
}
"
meta
:
Noronha
"
{
ld
{
"
letn
as
s
ostrovia
Fernando
de
Noronha
"
}
lg
{
"
as
s
ostrovia
Fernando
de
Noronha
"
}
ls
{
"
tandardn
as
s
ostrovia
Fernando
de
Noronha
"
}
}
"
meta
:
North_Mariana
"
{
ls
{
"
severomari
nsky
as
"
}
}
"
meta
:
Novosibirsk
"
{
ld
{
"
novosibirsk
letn
as
"
}
lg
{
"
novosibirsk
as
"
}
ls
{
"
novosibirsk
tandardn
as
"
}
}
"
meta
:
Omsk
"
{
ld
{
"
omsk
letn
as
"
}
lg
{
"
omsk
as
"
}
ls
{
"
omsk
tandardn
as
"
}
}
"
meta
:
Pakistan
"
{
ld
{
"
pakistansk
letn
as
"
}
lg
{
"
pakistansk
as
"
}
ls
{
"
pakistansk
tandardn
as
"
}
}
"
meta
:
Palau
"
{
ls
{
"
palausk
as
"
}
}
"
meta
:
Papua_New_Guinea
"
{
ls
{
"
as
Papuy
-
Novej
Guiney
"
}
}
"
meta
:
Paraguay
"
{
ld
{
"
paraguajsk
letn
as
"
}
lg
{
"
paraguajsk
as
"
}
ls
{
"
paraguajsk
tandardn
as
"
}
}
"
meta
:
Peru
"
{
ld
{
"
peru
nsky
letn
as
"
}
lg
{
"
peru
nsky
as
"
}
ls
{
"
peru
nsky
tandardn
as
"
}
}
"
meta
:
Philippines
"
{
ld
{
"
filip
nsky
letn
as
"
}
lg
{
"
filip
nsky
as
"
}
ls
{
"
filip
nsky
tandardn
as
"
}
}
"
meta
:
Phoenix_Islands
"
{
ls
{
"
as
F
nixov
ch
ostrovov
"
}
}
"
meta
:
Pierre_Miquelon
"
{
ld
{
"
pierre
-
miquelonsk
letn
as
"
}
lg
{
"
pierre
-
miquelonsk
as
"
}
ls
{
"
pierre
-
miquelonsk
tandardn
as
"
}
}
"
meta
:
Pitcairn
"
{
ls
{
"
as
Pitcairnov
ch
ostrovov
"
}
}
"
meta
:
Ponape
"
{
ls
{
"
ponapsk
as
"
}
}
"
meta
:
Pyongyang
"
{
ls
{
"
pchjongjansk
as
"
}
}
"
meta
:
Qyzylorda
"
{
ld
{
"
kyzylordsk
letn
as
"
}
lg
{
"
kyzylordsk
as
"
}
ls
{
"
kyzylordsk
tandardn
as
"
}
}
"
meta
:
Reunion
"
{
ls
{
"
r
unionsk
as
"
}
}
"
meta
:
Rothera
"
{
ls
{
"
as
Rotherovej
stanice
"
}
}
"
meta
:
Sakhalin
"
{
ld
{
"
sachalinsk
letn
as
"
}
lg
{
"
sachalinsk
as
"
}
ls
{
"
sachalinsk
tandardn
as
"
}
}
"
meta
:
Samara
"
{
ld
{
"
Samarsk
letn
as
"
}
lg
{
"
Samarsk
as
"
}
ls
{
"
Samarsk
tandardn
as
"
}
}
"
meta
:
Samoa
"
{
ld
{
"
samojsk
letn
as
"
}
lg
{
"
samojsk
as
"
}
ls
{
"
samojsk
tandardn
as
"
}
}
"
meta
:
Seychelles
"
{
ls
{
"
seychelsk
as
"
}
}
"
meta
:
Singapore
"
{
ls
{
"
singapursk
tandardn
as
"
}
}
"
meta
:
Solomon
"
{
ls
{
"
as
alam
nov
ch
ostrovov
"
}
}
"
meta
:
South_Georgia
"
{
ls
{
"
as
Ju
nej
Georgie
"
}
}
"
meta
:
Suriname
"
{
ls
{
"
surinamsk
as
"
}
}
"
meta
:
Syowa
"
{
ls
{
"
as
stanice
wa
"
}
}
"
meta
:
Tahiti
"
{
ls
{
"
tahitsk
as
"
}
}
"
meta
:
Taipei
"
{
ld
{
"
tchajpejsk
letn
as
"
}
lg
{
"
tchajpejsk
as
"
}
ls
{
"
tchajpejsk
tandardn
as
"
}
}
"
meta
:
Tajikistan
"
{
ls
{
"
tad
ick
as
"
}
}
"
meta
:
Tokelau
"
{
ls
{
"
tokelausk
as
"
}
}
"
meta
:
Tonga
"
{
ld
{
"
ton
sk
letn
as
"
}
lg
{
"
ton
sk
as
"
}
ls
{
"
ton
sk
tandardn
as
"
}
}
"
meta
:
Truk
"
{
ls
{
"
chuuksk
as
"
}
}
"
meta
:
Turkmenistan
"
{
ld
{
"
turkm
nsky
letn
as
"
}
lg
{
"
turkm
nsky
as
"
}
ls
{
"
turkm
nsky
tandardn
as
"
}
}
"
meta
:
Tuvalu
"
{
ls
{
"
tuvalsk
as
"
}
}
"
meta
:
Uruguay
"
{
ld
{
"
uruguajsk
letn
as
"
}
lg
{
"
uruguajsk
as
"
}
ls
{
"
uruguajsk
tandardn
as
"
}
}
"
meta
:
Uzbekistan
"
{
ld
{
"
uzbeck
letn
as
"
}
lg
{
"
uzbeck
as
"
}
ls
{
"
uzbeck
tandardn
as
"
}
}
"
meta
:
Vanuatu
"
{
ld
{
"
vanuatsk
letn
as
"
}
lg
{
"
vanuatsk
as
"
}
ls
{
"
vanuatsk
tandardn
as
"
}
}
"
meta
:
Venezuela
"
{
ls
{
"
venezuelsk
as
"
}
}
"
meta
:
Vladivostok
"
{
ld
{
"
vladivostock
letn
as
"
}
lg
{
"
vladivostock
as
"
}
ls
{
"
vladivostock
tandardn
as
"
}
}
"
meta
:
Volgograd
"
{
ld
{
"
volgogradsk
letn
as
"
}
lg
{
"
volgogradsk
as
"
}
ls
{
"
volgogradsk
tandardn
as
"
}
}
"
meta
:
Vostok
"
{
ls
{
"
as
stanice
Vostok
"
}
}
"
meta
:
Wake
"
{
ls
{
"
as
ostrova
Wake
"
}
}
"
meta
:
Wallis
"
{
ls
{
"
as
ostrovov
Wallis
a
Futuna
"
}
}
"
meta
:
Yakutsk
"
{
ld
{
"
jakutsk
letn
as
"
}
lg
{
"
jakutsk
as
"
}
ls
{
"
jakutsk
tandardn
as
"
}
}
"
meta
:
Yekaterinburg
"
{
ld
{
"
jekaterinbursk
letn
as
"
}
lg
{
"
jekaterinbursk
as
"
}
ls
{
"
jekaterinbursk
tandardn
as
"
}
}
fallbackFormat
{
"
{
1
}
(
{
0
}
)
"
}
gmtFormat
{
"
GMT
{
0
}
"
}
gmtZeroFormat
{
"
GMT
"
}
hourFormat
{
"
+
HH
:
mm
;
-
HH
:
mm
"
}
regionFormat
{
"
asov
p
smo
{
0
}
"
}
regionFormatDaylight
{
"
{
0
}
(
+
1
)
"
}
regionFormatStandard
{
"
{
0
}
(
+
0
)
"
}
}
}
