/
/
2016
and
later
:
Unicode
Inc
.
and
others
.
/
/
License
&
terms
of
use
:
http
:
/
/
www
.
unicode
.
org
/
copyright
.
html
#
License
sl
{
Version
{
"
36
.
1
"
}
zoneStrings
{
"
Africa
:
Abidjan
"
{
ec
{
"
Abid
an
"
}
}
"
Africa
:
Accra
"
{
ec
{
"
Akra
"
}
}
"
Africa
:
Addis_Ababa
"
{
ec
{
"
Adis
Abeba
"
}
}
"
Africa
:
Algiers
"
{
ec
{
"
Al
ir
"
}
}
"
Africa
:
Asmera
"
{
ec
{
"
Asmara
"
}
}
"
Africa
:
Bamako
"
{
ec
{
"
Bamako
"
}
}
"
Africa
:
Bangui
"
{
ec
{
"
Bangui
"
}
}
"
Africa
:
Banjul
"
{
ec
{
"
Banjul
"
}
}
"
Africa
:
Bissau
"
{
ec
{
"
Bissau
"
}
}
"
Africa
:
Blantyre
"
{
ec
{
"
Blantyre
"
}
}
"
Africa
:
Brazzaville
"
{
ec
{
"
Brazzaville
"
}
}
"
Africa
:
Bujumbura
"
{
ec
{
"
Bujumbura
"
}
}
"
Africa
:
Cairo
"
{
ec
{
"
Kairo
"
}
}
"
Africa
:
Casablanca
"
{
ec
{
"
Casablanca
"
}
}
"
Africa
:
Ceuta
"
{
ec
{
"
Ceuta
"
}
}
"
Africa
:
Conakry
"
{
ec
{
"
Conakry
"
}
}
"
Africa
:
Dakar
"
{
ec
{
"
Dakar
"
}
}
"
Africa
:
Dar_es_Salaam
"
{
ec
{
"
Dar
es
Salaam
"
}
}
"
Africa
:
Djibouti
"
{
ec
{
"
D
ibuti
"
}
}
"
Africa
:
Douala
"
{
ec
{
"
Douala
"
}
}
"
Africa
:
El_Aaiun
"
{
ec
{
"
El
Aaiun
"
}
}
"
Africa
:
Freetown
"
{
ec
{
"
Freetown
"
}
}
"
Africa
:
Gaborone
"
{
ec
{
"
Gaborone
"
}
}
"
Africa
:
Harare
"
{
ec
{
"
Harare
"
}
}
"
Africa
:
Johannesburg
"
{
ec
{
"
Johannesburg
"
}
}
"
Africa
:
Juba
"
{
ec
{
"
Juba
"
}
}
"
Africa
:
Kampala
"
{
ec
{
"
Kampala
"
}
}
"
Africa
:
Khartoum
"
{
ec
{
"
Kartum
"
}
}
"
Africa
:
Kigali
"
{
ec
{
"
Kigali
"
}
}
"
Africa
:
Kinshasa
"
{
ec
{
"
Kin
asa
"
}
}
"
Africa
:
Lagos
"
{
ec
{
"
Lagos
"
}
}
"
Africa
:
Libreville
"
{
ec
{
"
Libreville
"
}
}
"
Africa
:
Lome
"
{
ec
{
"
Lome
"
}
}
"
Africa
:
Luanda
"
{
ec
{
"
Luanda
"
}
}
"
Africa
:
Lubumbashi
"
{
ec
{
"
Lubumba
i
"
}
}
"
Africa
:
Lusaka
"
{
ec
{
"
Lusaka
"
}
}
"
Africa
:
Malabo
"
{
ec
{
"
Malabo
"
}
}
"
Africa
:
Maputo
"
{
ec
{
"
Maputo
"
}
}
"
Africa
:
Maseru
"
{
ec
{
"
Maseru
"
}
}
"
Africa
:
Mbabane
"
{
ec
{
"
Mbabane
"
}
}
"
Africa
:
Mogadishu
"
{
ec
{
"
Mogadi
u
"
}
}
"
Africa
:
Monrovia
"
{
ec
{
"
Monrovia
"
}
}
"
Africa
:
Nairobi
"
{
ec
{
"
Nairobi
"
}
}
"
Africa
:
Ndjamena
"
{
ec
{
"
Ndjamena
"
}
}
"
Africa
:
Niamey
"
{
ec
{
"
Niamey
"
}
}
"
Africa
:
Nouakchott
"
{
ec
{
"
Nouakchott
"
}
}
"
Africa
:
Ouagadougou
"
{
ec
{
"
Ouagadougou
"
}
}
"
Africa
:
Porto
-
Novo
"
{
ec
{
"
Porto
-
Novo
"
}
}
"
Africa
:
Sao_Tome
"
{
ec
{
"
S
o
Tom
"
}
}
"
Africa
:
Tripoli
"
{
ec
{
"
Tripoli
"
}
}
"
Africa
:
Tunis
"
{
ec
{
"
Tunis
"
}
}
"
Africa
:
Windhoek
"
{
ec
{
"
Windhoek
"
}
}
"
America
:
Adak
"
{
ec
{
"
Adak
"
}
}
"
America
:
Anchorage
"
{
ec
{
"
Anchorage
"
}
}
"
America
:
Anguilla
"
{
ec
{
"
Angvila
"
}
}
"
America
:
Antigua
"
{
ec
{
"
Antigua
"
}
}
"
America
:
Araguaina
"
{
ec
{
"
Araguaina
"
}
}
"
America
:
Argentina
:
La_Rioja
"
{
ec
{
"
La
Rioja
"
}
}
"
America
:
Argentina
:
Rio_Gallegos
"
{
ec
{
"
Rio
Gallegos
"
}
}
"
America
:
Argentina
:
Salta
"
{
ec
{
"
Salta
"
}
}
"
America
:
Argentina
:
San_Juan
"
{
ec
{
"
San
Juan
"
}
}
"
America
:
Argentina
:
San_Luis
"
{
ec
{
"
San
Luis
"
}
}
"
America
:
Argentina
:
Tucuman
"
{
ec
{
"
Tucuman
"
}
}
"
America
:
Argentina
:
Ushuaia
"
{
ec
{
"
Ushuaia
"
}
}
"
America
:
Aruba
"
{
ec
{
"
Aruba
"
}
}
"
America
:
Asuncion
"
{
ec
{
"
Asunci
n
"
}
}
"
America
:
Bahia
"
{
ec
{
"
Bahia
"
}
}
"
America
:
Bahia_Banderas
"
{
ec
{
"
Bahia
Banderas
"
}
}
"
America
:
Barbados
"
{
ec
{
"
Barbados
"
}
}
"
America
:
Belem
"
{
ec
{
"
Belem
"
}
}
"
America
:
Belize
"
{
ec
{
"
Belize
"
}
}
"
America
:
Blanc
-
Sablon
"
{
ec
{
"
Blanc
-
Sablon
"
}
}
"
America
:
Boa_Vista
"
{
ec
{
"
Boa
Vista
"
}
}
"
America
:
Bogota
"
{
ec
{
"
Bogota
"
}
}
"
America
:
Boise
"
{
ec
{
"
Boise
"
}
}
"
America
:
Buenos_Aires
"
{
ec
{
"
Buenos
Aires
"
}
}
"
America
:
Cambridge_Bay
"
{
ec
{
"
Cambridge
Bay
"
}
}
"
America
:
Campo_Grande
"
{
ec
{
"
Campo
Grande
"
}
}
"
America
:
Cancun
"
{
ec
{
"
Cancun
"
}
}
"
America
:
Caracas
"
{
ec
{
"
Caracas
"
}
}
"
America
:
Catamarca
"
{
ec
{
"
Catamarca
"
}
}
"
America
:
Cayenne
"
{
ec
{
"
Cayenne
"
}
}
"
America
:
Cayman
"
{
ec
{
"
Kajman
"
}
}
"
America
:
Chicago
"
{
ec
{
"
Chicago
"
}
}
"
America
:
Chihuahua
"
{
ec
{
"
Chihuahua
"
}
}
"
America
:
Coral_Harbour
"
{
ec
{
"
Atikokan
"
}
}
"
America
:
Cordoba
"
{
ec
{
"
Cordoba
"
}
}
"
America
:
Costa_Rica
"
{
ec
{
"
Kostarika
"
}
}
"
America
:
Creston
"
{
ec
{
"
Creston
"
}
}
"
America
:
Cuiaba
"
{
ec
{
"
Cuiaba
"
}
}
"
America
:
Curacao
"
{
ec
{
"
Cura
ao
"
}
}
"
America
:
Danmarkshavn
"
{
ec
{
"
Danmarkshavn
"
}
}
"
America
:
Dawson
"
{
ec
{
"
Dawson
"
}
}
"
America
:
Dawson_Creek
"
{
ec
{
"
Dawson
Creek
"
}
}
"
America
:
Denver
"
{
ec
{
"
Denver
"
}
}
"
America
:
Detroit
"
{
ec
{
"
Detroit
"
}
}
"
America
:
Dominica
"
{
ec
{
"
Dominika
"
}
}
"
America
:
Edmonton
"
{
ec
{
"
Edmonton
"
}
}
"
America
:
Eirunepe
"
{
ec
{
"
Eirunepe
"
}
}
"
America
:
El_Salvador
"
{
ec
{
"
Salvador
"
}
}
"
America
:
Fort_Nelson
"
{
ec
{
"
Fort
Nelson
"
}
}
"
America
:
Fortaleza
"
{
ec
{
"
Fortaleza
"
}
}
"
America
:
Glace_Bay
"
{
ec
{
"
Glace
Bay
"
}
}
"
America
:
Godthab
"
{
ec
{
"
Nuuk
"
}
}
"
America
:
Goose_Bay
"
{
ec
{
"
Goose
Bay
"
}
}
"
America
:
Grand_Turk
"
{
ec
{
"
Grand
Turk
"
}
}
"
America
:
Grenada
"
{
ec
{
"
Grenada
"
}
}
"
America
:
Guadeloupe
"
{
ec
{
"
Guadeloupe
"
}
}
"
America
:
Guatemala
"
{
ec
{
"
Gvatemala
"
}
}
"
America
:
Guayaquil
"
{
ec
{
"
Guayaquil
"
}
}
"
America
:
Guyana
"
{
ec
{
"
Gvajana
"
}
}
"
America
:
Halifax
"
{
ec
{
"
Halifax
"
}
}
"
America
:
Havana
"
{
ec
{
"
Havana
"
}
}
"
America
:
Hermosillo
"
{
ec
{
"
Hermosillo
"
}
}
"
America
:
Indiana
:
Knox
"
{
ec
{
"
Knox
Indiana
"
}
}
"
America
:
Indiana
:
Marengo
"
{
ec
{
"
Marengo
Indiana
"
}
}
"
America
:
Indiana
:
Petersburg
"
{
ec
{
"
Petersburg
Indiana
"
}
}
"
America
:
Indiana
:
Tell_City
"
{
ec
{
"
Tell
City
Indiana
"
}
}
"
America
:
Indiana
:
Vevay
"
{
ec
{
"
Vevay
Indiana
"
}
}
"
America
:
Indiana
:
Vincennes
"
{
ec
{
"
Vincennes
Indiana
"
}
}
"
America
:
Indiana
:
Winamac
"
{
ec
{
"
Winamac
Indiana
"
}
}
"
America
:
Indianapolis
"
{
ec
{
"
Indianapolis
"
}
}
"
America
:
Inuvik
"
{
ec
{
"
Inuvik
"
}
}
"
America
:
Iqaluit
"
{
ec
{
"
Iqaluit
"
}
}
"
America
:
Jamaica
"
{
ec
{
"
Jamajka
"
}
}
"
America
:
Jujuy
"
{
ec
{
"
Jujuy
"
}
}
"
America
:
Juneau
"
{
ec
{
"
Juneau
"
}
}
"
America
:
Kentucky
:
Monticello
"
{
ec
{
"
Monticello
Kentucky
"
}
}
"
America
:
Kralendijk
"
{
ec
{
"
Kralendijk
"
}
}
"
America
:
La_Paz
"
{
ec
{
"
La
Paz
"
}
}
"
America
:
Lima
"
{
ec
{
"
Lima
"
}
}
"
America
:
Los_Angeles
"
{
ec
{
"
Los
Angeles
"
}
}
"
America
:
Louisville
"
{
ec
{
"
Louisville
"
}
}
"
America
:
Lower_Princes
"
{
ec
{
"
Lower
Prince
s
Quarter
"
}
}
"
America
:
Maceio
"
{
ec
{
"
Maceio
"
}
}
"
America
:
Managua
"
{
ec
{
"
Managua
"
}
}
"
America
:
Manaus
"
{
ec
{
"
Manaus
"
}
}
"
America
:
Marigot
"
{
ec
{
"
Marigot
"
}
}
"
America
:
Martinique
"
{
ec
{
"
Martinik
"
}
}
"
America
:
Matamoros
"
{
ec
{
"
Matamoros
"
}
}
"
America
:
Mazatlan
"
{
ec
{
"
Mazatlan
"
}
}
"
America
:
Mendoza
"
{
ec
{
"
Mendoza
"
}
}
"
America
:
Menominee
"
{
ec
{
"
Menominee
"
}
}
"
America
:
Merida
"
{
ec
{
"
Merida
"
}
}
"
America
:
Metlakatla
"
{
ec
{
"
Metlakatla
"
}
}
"
America
:
Mexico_City
"
{
ec
{
"
Ciudad
de
Mexico
"
}
}
"
America
:
Miquelon
"
{
ec
{
"
Miquelon
"
}
}
"
America
:
Moncton
"
{
ec
{
"
Moncton
"
}
}
"
America
:
Monterrey
"
{
ec
{
"
Monterrey
"
}
}
"
America
:
Montevideo
"
{
ec
{
"
Montevideo
"
}
}
"
America
:
Montserrat
"
{
ec
{
"
Montserrat
"
}
}
"
America
:
Nassau
"
{
ec
{
"
Nassau
"
}
}
"
America
:
New_York
"
{
ec
{
"
New
York
"
}
}
"
America
:
Nipigon
"
{
ec
{
"
Nipigon
"
}
}
"
America
:
Nome
"
{
ec
{
"
Nome
"
}
}
"
America
:
Noronha
"
{
ec
{
"
Noronha
"
}
}
"
America
:
North_Dakota
:
Beulah
"
{
ec
{
"
Beulah
North
Dakota
"
}
}
"
America
:
North_Dakota
:
Center
"
{
ec
{
"
Center
Severna
Dakota
"
}
}
"
America
:
North_Dakota
:
New_Salem
"
{
ec
{
"
New
Salem
Severna
Dakota
"
}
}
"
America
:
Ojinaga
"
{
ec
{
"
Ojinaga
"
}
}
"
America
:
Panama
"
{
ec
{
"
Panama
"
}
}
"
America
:
Pangnirtung
"
{
ec
{
"
Pangnirtung
"
}
}
"
America
:
Paramaribo
"
{
ec
{
"
Paramaribo
"
}
}
"
America
:
Phoenix
"
{
ec
{
"
Phoenix
"
}
}
"
America
:
Port
-
au
-
Prince
"
{
ec
{
"
Port
-
au
-
Prince
"
}
}
"
America
:
Port_of_Spain
"
{
ec
{
"
Port
of
Spain
"
}
}
"
America
:
Porto_Velho
"
{
ec
{
"
Porto
Velho
"
}
}
"
America
:
Puerto_Rico
"
{
ec
{
"
Portoriko
"
}
}
"
America
:
Punta_Arenas
"
{
ec
{
"
Punta
Arenas
"
}
}
"
America
:
Rainy_River
"
{
ec
{
"
Rainy
River
"
}
}
"
America
:
Rankin_Inlet
"
{
ec
{
"
Rankin
Inlet
"
}
}
"
America
:
Recife
"
{
ec
{
"
Recife
"
}
}
"
America
:
Regina
"
{
ec
{
"
Regina
"
}
}
"
America
:
Resolute
"
{
ec
{
"
Resolute
"
}
}
"
America
:
Rio_Branco
"
{
ec
{
"
Rio
Branco
"
}
}
"
America
:
Santa_Isabel
"
{
ec
{
"
Santa
Isabel
"
}
}
"
America
:
Santarem
"
{
ec
{
"
Santarem
"
}
}
"
America
:
Santiago
"
{
ec
{
"
Santiago
"
}
}
"
America
:
Santo_Domingo
"
{
ec
{
"
Santo
Domingo
"
}
}
"
America
:
Sao_Paulo
"
{
ec
{
"
Sao
Paulo
"
}
}
"
America
:
Scoresbysund
"
{
ec
{
"
Ittoqqortoormiit
"
}
}
"
America
:
Sitka
"
{
ec
{
"
Sitka
"
}
}
"
America
:
St_Barthelemy
"
{
ec
{
"
Saint
Barth
lemy
"
}
}
"
America
:
St_Johns
"
{
ec
{
"
St
.
John
s
"
}
}
"
America
:
St_Kitts
"
{
ec
{
"
St
.
Kitts
"
}
}
"
America
:
St_Lucia
"
{
ec
{
"
St
.
Lucia
"
}
}
"
America
:
St_Thomas
"
{
ec
{
"
St
.
Thomas
"
}
}
"
America
:
St_Vincent
"
{
ec
{
"
St
.
Vincent
"
}
}
"
America
:
Swift_Current
"
{
ec
{
"
Swift
Current
"
}
}
"
America
:
Tegucigalpa
"
{
ec
{
"
Tegucigalpa
"
}
}
"
America
:
Thule
"
{
ec
{
"
Thule
"
}
}
"
America
:
Thunder_Bay
"
{
ec
{
"
Thunder
Bay
"
}
}
"
America
:
Tijuana
"
{
ec
{
"
Tijuana
"
}
}
"
America
:
Toronto
"
{
ec
{
"
Toronto
"
}
}
"
America
:
Tortola
"
{
ec
{
"
Tortola
"
}
}
"
America
:
Vancouver
"
{
ec
{
"
Vancouver
"
}
}
"
America
:
Whitehorse
"
{
ec
{
"
Whitehorse
"
}
}
"
America
:
Winnipeg
"
{
ec
{
"
Winnipeg
"
}
}
"
America
:
Yakutat
"
{
ec
{
"
Yakutat
"
}
}
"
America
:
Yellowknife
"
{
ec
{
"
Yellowknife
"
}
}
"
Antarctica
:
Casey
"
{
ec
{
"
Casey
"
}
}
"
Antarctica
:
Davis
"
{
ec
{
"
Davis
"
}
}
"
Antarctica
:
DumontDUrville
"
{
ec
{
"
Dumont
d
Urville
"
}
}
"
Antarctica
:
Macquarie
"
{
ec
{
"
Macquarie
"
}
}
"
Antarctica
:
Mawson
"
{
ec
{
"
Mawson
"
}
}
"
Antarctica
:
McMurdo
"
{
ec
{
"
McMurdo
"
}
}
"
Antarctica
:
Palmer
"
{
ec
{
"
Palmer
"
}
}
"
Antarctica
:
Rothera
"
{
ec
{
"
Rothera
"
}
}
"
Antarctica
:
Syowa
"
{
ec
{
"
Syowa
"
}
}
"
Antarctica
:
Troll
"
{
ec
{
"
Troll
"
}
}
"
Antarctica
:
Vostok
"
{
ec
{
"
Vostok
"
}
}
"
Arctic
:
Longyearbyen
"
{
ec
{
"
Longyearbyen
"
}
}
"
Asia
:
Aden
"
{
ec
{
"
Aden
"
}
}
"
Asia
:
Almaty
"
{
ec
{
"
Almati
"
}
}
"
Asia
:
Amman
"
{
ec
{
"
Aman
"
}
}
"
Asia
:
Anadyr
"
{
ec
{
"
Anadir
"
}
}
"
Asia
:
Aqtau
"
{
ec
{
"
Aktau
"
}
}
"
Asia
:
Aqtobe
"
{
ec
{
"
Aktobe
"
}
}
"
Asia
:
Ashgabat
"
{
ec
{
"
A
habad
"
}
}
"
Asia
:
Atyrau
"
{
ec
{
"
Atyrau
"
}
}
"
Asia
:
Baghdad
"
{
ec
{
"
Bagdad
"
}
}
"
Asia
:
Bahrain
"
{
ec
{
"
Bahrajn
"
}
}
"
Asia
:
Baku
"
{
ec
{
"
Baku
"
}
}
"
Asia
:
Bangkok
"
{
ec
{
"
Bangkok
"
}
}
"
Asia
:
Barnaul
"
{
ec
{
"
Barnaul
"
}
}
"
Asia
:
Beirut
"
{
ec
{
"
Bejrut
"
}
}
"
Asia
:
Bishkek
"
{
ec
{
"
Bi
kek
"
}
}
"
Asia
:
Brunei
"
{
ec
{
"
Brunej
"
}
}
"
Asia
:
Calcutta
"
{
ec
{
"
Kalkuta
"
}
}
"
Asia
:
Chita
"
{
ec
{
"
ita
"
}
}
"
Asia
:
Choibalsan
"
{
ec
{
"
ojbalsan
"
}
}
"
Asia
:
Colombo
"
{
ec
{
"
Kolombo
"
}
}
"
Asia
:
Damascus
"
{
ec
{
"
Damask
"
}
}
"
Asia
:
Dhaka
"
{
ec
{
"
Daka
"
}
}
"
Asia
:
Dili
"
{
ec
{
"
Dili
"
}
}
"
Asia
:
Dubai
"
{
ec
{
"
Dubaj
"
}
}
"
Asia
:
Dushanbe
"
{
ec
{
"
Du
anbe
"
}
}
"
Asia
:
Famagusta
"
{
ec
{
"
Famagusta
"
}
}
"
Asia
:
Gaza
"
{
ec
{
"
Gaza
"
}
}
"
Asia
:
Hebron
"
{
ec
{
"
Hebron
"
}
}
"
Asia
:
Hong_Kong
"
{
ec
{
"
Hongkong
"
}
}
"
Asia
:
Hovd
"
{
ec
{
"
Hovd
"
}
}
"
Asia
:
Irkutsk
"
{
ec
{
"
Irkutsk
"
}
}
"
Asia
:
Jakarta
"
{
ec
{
"
D
akarta
"
}
}
"
Asia
:
Jayapura
"
{
ec
{
"
Jayapura
"
}
}
"
Asia
:
Jerusalem
"
{
ec
{
"
Jeruzalem
"
}
}
"
Asia
:
Kabul
"
{
ec
{
"
Kabul
"
}
}
"
Asia
:
Kamchatka
"
{
ec
{
"
Kam
atka
"
}
}
"
Asia
:
Karachi
"
{
ec
{
"
Kara
i
"
}
}
"
Asia
:
Katmandu
"
{
ec
{
"
Katmandu
"
}
}
"
Asia
:
Khandyga
"
{
ec
{
"
Handiga
"
}
}
"
Asia
:
Krasnoyarsk
"
{
ec
{
"
Krasnojarsk
"
}
}
"
Asia
:
Kuala_Lumpur
"
{
ec
{
"
Kuala
Lumpur
"
}
}
"
Asia
:
Kuching
"
{
ec
{
"
Kuching
"
}
}
"
Asia
:
Kuwait
"
{
ec
{
"
Kuvajt
"
}
}
"
Asia
:
Macau
"
{
ec
{
"
Macao
"
}
}
"
Asia
:
Magadan
"
{
ec
{
"
Magadan
"
}
}
"
Asia
:
Makassar
"
{
ec
{
"
Makasar
"
}
}
"
Asia
:
Manila
"
{
ec
{
"
Manila
"
}
}
"
Asia
:
Muscat
"
{
ec
{
"
Mu
kat
"
}
}
"
Asia
:
Nicosia
"
{
ec
{
"
Nikozija
"
}
}
"
Asia
:
Novokuznetsk
"
{
ec
{
"
Novokuznetsk
"
}
}
"
Asia
:
Novosibirsk
"
{
ec
{
"
Novosibirsk
"
}
}
"
Asia
:
Omsk
"
{
ec
{
"
Omsk
"
}
}
"
Asia
:
Oral
"
{
ec
{
"
Uralsk
"
}
}
"
Asia
:
Phnom_Penh
"
{
ec
{
"
Phnom
Penh
"
}
}
"
Asia
:
Pontianak
"
{
ec
{
"
Pontianak
"
}
}
"
Asia
:
Pyongyang
"
{
ec
{
"
Pjongjang
"
}
}
"
Asia
:
Qatar
"
{
ec
{
"
Katar
"
}
}
"
Asia
:
Qostanay
"
{
ec
{
"
Kostanaj
"
}
}
"
Asia
:
Qyzylorda
"
{
ec
{
"
Kizlorda
"
}
}
"
Asia
:
Rangoon
"
{
ec
{
"
Rangun
"
}
}
"
Asia
:
Riyadh
"
{
ec
{
"
Rijad
"
}
}
"
Asia
:
Saigon
"
{
ec
{
"
Ho
iminh
"
}
}
"
Asia
:
Sakhalin
"
{
ec
{
"
Sahalin
"
}
}
"
Asia
:
Samarkand
"
{
ec
{
"
Samarkand
"
}
}
"
Asia
:
Seoul
"
{
ec
{
"
Seul
"
}
}
"
Asia
:
Shanghai
"
{
ec
{
"
anghaj
"
}
}
"
Asia
:
Singapore
"
{
ec
{
"
Singapur
"
}
}
"
Asia
:
Srednekolymsk
"
{
ec
{
"
Srednekolimsk
"
}
}
"
Asia
:
Taipei
"
{
ec
{
"
Tajpej
"
}
}
"
Asia
:
Tashkent
"
{
ec
{
"
Ta
kent
"
}
}
"
Asia
:
Tbilisi
"
{
ec
{
"
Tbilisi
"
}
}
"
Asia
:
Tehran
"
{
ec
{
"
Teheran
"
}
}
"
Asia
:
Thimphu
"
{
ec
{
"
Timpu
"
}
}
"
Asia
:
Tokyo
"
{
ec
{
"
Tokio
"
}
}
"
Asia
:
Tomsk
"
{
ec
{
"
Tomsk
"
}
}
"
Asia
:
Ulaanbaatar
"
{
ec
{
"
Ulan
Bator
"
}
}
"
Asia
:
Urumqi
"
{
ec
{
"
Urum
i
"
}
}
"
Asia
:
Ust
-
Nera
"
{
ec
{
"
Ust
-
Nera
"
}
}
"
Asia
:
Vientiane
"
{
ec
{
"
Vientiane
"
}
}
"
Asia
:
Vladivostok
"
{
ec
{
"
Vladivostok
"
}
}
"
Asia
:
Yakutsk
"
{
ec
{
"
Jakutsk
"
}
}
"
Asia
:
Yekaterinburg
"
{
ec
{
"
Jekaterinburg
"
}
}
"
Asia
:
Yerevan
"
{
ec
{
"
Erevan
"
}
}
"
Atlantic
:
Azores
"
{
ec
{
"
Azori
"
}
}
"
Atlantic
:
Bermuda
"
{
ec
{
"
Bermudi
"
}
}
"
Atlantic
:
Canary
"
{
ec
{
"
Kanarski
otoki
"
}
}
"
Atlantic
:
Cape_Verde
"
{
ec
{
"
Zelenortski
otoki
"
}
}
"
Atlantic
:
Faeroe
"
{
ec
{
"
Faroe
"
}
}
"
Atlantic
:
Madeira
"
{
ec
{
"
Madeira
"
}
}
"
Atlantic
:
Reykjavik
"
{
ec
{
"
Reykjavik
"
}
}
"
Atlantic
:
South_Georgia
"
{
ec
{
"
Ju
na
Georgia
"
}
}
"
Atlantic
:
St_Helena
"
{
ec
{
"
St
.
Helena
"
}
}
"
Atlantic
:
Stanley
"
{
ec
{
"
Stanley
"
}
}
"
Australia
:
Adelaide
"
{
ec
{
"
Adelaide
"
}
}
"
Australia
:
Brisbane
"
{
ec
{
"
Brisbane
"
}
}
"
Australia
:
Broken_Hill
"
{
ec
{
"
Broken
Hill
"
}
}
"
Australia
:
Currie
"
{
ec
{
"
Currie
"
}
}
"
Australia
:
Darwin
"
{
ec
{
"
Darwin
"
}
}
"
Australia
:
Eucla
"
{
ec
{
"
Eucla
"
}
}
"
Australia
:
Hobart
"
{
ec
{
"
Hobart
"
}
}
"
Australia
:
Lindeman
"
{
ec
{
"
Lindeman
"
}
}
"
Australia
:
Lord_Howe
"
{
ec
{
"
Lord
Howe
"
}
}
"
Australia
:
Melbourne
"
{
ec
{
"
Melbourne
"
}
}
"
Australia
:
Perth
"
{
ec
{
"
Perth
"
}
}
"
Australia
:
Sydney
"
{
ec
{
"
Sydney
"
}
}
"
Etc
:
UTC
"
{
ls
{
"
univerzalni
koordinirani
as
"
}
}
"
Etc
:
Unknown
"
{
ec
{
"
neznano
mesto
"
}
}
"
Europe
:
Amsterdam
"
{
ec
{
"
Amsterdam
"
}
}
"
Europe
:
Andorra
"
{
ec
{
"
Andora
"
}
}
"
Europe
:
Astrakhan
"
{
ec
{
"
Astrahan
"
}
}
"
Europe
:
Athens
"
{
ec
{
"
Atene
"
}
}
"
Europe
:
Belgrade
"
{
ec
{
"
Beograd
"
}
}
"
Europe
:
Berlin
"
{
ec
{
"
Berlin
"
}
}
"
Europe
:
Bratislava
"
{
ec
{
"
Bratislava
"
}
}
"
Europe
:
Brussels
"
{
ec
{
"
Bruselj
"
}
}
"
Europe
:
Bucharest
"
{
ec
{
"
Bukare
ta
"
}
}
"
Europe
:
Budapest
"
{
ec
{
"
Budimpe
ta
"
}
}
"
Europe
:
Busingen
"
{
ec
{
"
Busingen
"
}
}
"
Europe
:
Chisinau
"
{
ec
{
"
Ki
injev
"
}
}
"
Europe
:
Copenhagen
"
{
ec
{
"
K
benhavn
"
}
}
"
Europe
:
Dublin
"
{
ec
{
"
Dublin
"
}
ld
{
"
irski
standardni
as
"
}
}
"
Europe
:
Gibraltar
"
{
ec
{
"
Gibraltar
"
}
}
"
Europe
:
Guernsey
"
{
ec
{
"
Guernsey
"
}
}
"
Europe
:
Helsinki
"
{
ec
{
"
Helsinki
"
}
}
"
Europe
:
Isle_of_Man
"
{
ec
{
"
Otok
Man
"
}
}
"
Europe
:
Istanbul
"
{
ec
{
"
Istanbul
"
}
}
"
Europe
:
Jersey
"
{
ec
{
"
Jersey
"
}
}
"
Europe
:
Kaliningrad
"
{
ec
{
"
Kaliningrad
"
}
}
"
Europe
:
Kiev
"
{
ec
{
"
Kijev
"
}
}
"
Europe
:
Kirov
"
{
ec
{
"
Kirov
"
}
}
"
Europe
:
Lisbon
"
{
ec
{
"
Lizbona
"
}
}
"
Europe
:
Ljubljana
"
{
ec
{
"
Ljubljana
"
}
}
"
Europe
:
London
"
{
ec
{
"
London
"
}
ld
{
"
britanski
poletni
as
"
}
}
"
Europe
:
Luxembourg
"
{
ec
{
"
Luksemburg
"
}
}
"
Europe
:
Madrid
"
{
ec
{
"
Madrid
"
}
}
"
Europe
:
Malta
"
{
ec
{
"
Malta
"
}
}
"
Europe
:
Mariehamn
"
{
ec
{
"
Mariehamn
"
}
}
"
Europe
:
Minsk
"
{
ec
{
"
Minsk
"
}
}
"
Europe
:
Monaco
"
{
ec
{
"
Monako
"
}
}
"
Europe
:
Moscow
"
{
ec
{
"
Moskva
"
}
}
"
Europe
:
Oslo
"
{
ec
{
"
Oslo
"
}
}
"
Europe
:
Paris
"
{
ec
{
"
Pariz
"
}
}
"
Europe
:
Podgorica
"
{
ec
{
"
Podgorica
"
}
}
"
Europe
:
Prague
"
{
ec
{
"
Praga
"
}
}
"
Europe
:
Riga
"
{
ec
{
"
Riga
"
}
}
"
Europe
:
Rome
"
{
ec
{
"
Rim
"
}
}
"
Europe
:
Samara
"
{
ec
{
"
Samara
"
}
}
"
Europe
:
San_Marino
"
{
ec
{
"
San
Marino
"
}
}
"
Europe
:
Sarajevo
"
{
ec
{
"
Sarajevo
"
}
}
"
Europe
:
Saratov
"
{
ec
{
"
Saratov
"
}
}
"
Europe
:
Simferopol
"
{
ec
{
"
Simferopol
"
}
}
"
Europe
:
Skopje
"
{
ec
{
"
Skopje
"
}
}
"
Europe
:
Sofia
"
{
ec
{
"
Sofija
"
}
}
"
Europe
:
Stockholm
"
{
ec
{
"
Stockholm
"
}
}
"
Europe
:
Tallinn
"
{
ec
{
"
Talin
"
}
}
"
Europe
:
Tirane
"
{
ec
{
"
Tirana
"
}
}
"
Europe
:
Ulyanovsk
"
{
ec
{
"
Uljanovsk
"
}
}
"
Europe
:
Uzhgorod
"
{
ec
{
"
U
gorod
"
}
}
"
Europe
:
Vaduz
"
{
ec
{
"
Vaduz
"
}
}
"
Europe
:
Vatican
"
{
ec
{
"
Vatikan
"
}
}
"
Europe
:
Vienna
"
{
ec
{
"
Dunaj
"
}
}
"
Europe
:
Vilnius
"
{
ec
{
"
Vilna
"
}
}
"
Europe
:
Volgograd
"
{
ec
{
"
Volgograd
"
}
}
"
Europe
:
Warsaw
"
{
ec
{
"
Var
ava
"
}
}
"
Europe
:
Zagreb
"
{
ec
{
"
Zagreb
"
}
}
"
Europe
:
Zaporozhye
"
{
ec
{
"
Zaporo
je
"
}
}
"
Europe
:
Zurich
"
{
ec
{
"
Z
rich
"
}
}
"
Indian
:
Antananarivo
"
{
ec
{
"
Antananarivo
"
}
}
"
Indian
:
Chagos
"
{
ec
{
"
Chagos
"
}
}
"
Indian
:
Christmas
"
{
ec
{
"
Bo
i
ni
otok
"
}
}
"
Indian
:
Cocos
"
{
ec
{
"
Kokosovi
otoki
"
}
}
"
Indian
:
Comoro
"
{
ec
{
"
Komori
"
}
}
"
Indian
:
Kerguelen
"
{
ec
{
"
Kerguelen
"
}
}
"
Indian
:
Mahe
"
{
ec
{
"
Mahe
"
}
}
"
Indian
:
Maldives
"
{
ec
{
"
Maldivi
"
}
}
"
Indian
:
Mauritius
"
{
ec
{
"
Mauritius
"
}
}
"
Indian
:
Mayotte
"
{
ec
{
"
Mayotte
"
}
}
"
Indian
:
Reunion
"
{
ec
{
"
Reunion
"
}
}
"
Pacific
:
Apia
"
{
ec
{
"
Apia
"
}
}
"
Pacific
:
Auckland
"
{
ec
{
"
Auckland
"
}
}
"
Pacific
:
Bougainville
"
{
ec
{
"
Bougainville
"
}
}
"
Pacific
:
Chatham
"
{
ec
{
"
Chatham
"
}
}
"
Pacific
:
Easter
"
{
ec
{
"
Velikono
ni
otok
"
}
}
"
Pacific
:
Efate
"
{
ec
{
"
Efate
"
}
}
"
Pacific
:
Enderbury
"
{
ec
{
"
Enderbury
"
}
}
"
Pacific
:
Fakaofo
"
{
ec
{
"
Fakaofo
"
}
}
"
Pacific
:
Fiji
"
{
ec
{
"
Fid
i
"
}
}
"
Pacific
:
Funafuti
"
{
ec
{
"
Funafuti
"
}
}
"
Pacific
:
Galapagos
"
{
ec
{
"
Galapagos
"
}
}
"
Pacific
:
Gambier
"
{
ec
{
"
Gambier
"
}
}
"
Pacific
:
Guadalcanal
"
{
ec
{
"
Guadalcanal
"
}
}
"
Pacific
:
Guam
"
{
ec
{
"
Guam
"
}
}
"
Pacific
:
Honolulu
"
{
ec
{
"
Honolulu
"
}
}
"
Pacific
:
Johnston
"
{
ec
{
"
Johnston
"
}
}
"
Pacific
:
Kiritimati
"
{
ec
{
"
Kiritimati
"
}
}
"
Pacific
:
Kosrae
"
{
ec
{
"
Kosrae
"
}
}
"
Pacific
:
Kwajalein
"
{
ec
{
"
Kwajalein
"
}
}
"
Pacific
:
Majuro
"
{
ec
{
"
Majuro
"
}
}
"
Pacific
:
Marquesas
"
{
ec
{
"
Marquesas
"
}
}
"
Pacific
:
Midway
"
{
ec
{
"
Midway
"
}
}
"
Pacific
:
Nauru
"
{
ec
{
"
Nauru
"
}
}
"
Pacific
:
Niue
"
{
ec
{
"
Niue
"
}
}
"
Pacific
:
Norfolk
"
{
ec
{
"
Norfolk
"
}
}
"
Pacific
:
Noumea
"
{
ec
{
"
Noumea
"
}
}
"
Pacific
:
Pago_Pago
"
{
ec
{
"
Pago
Pago
"
}
}
"
Pacific
:
Palau
"
{
ec
{
"
Palau
"
}
}
"
Pacific
:
Pitcairn
"
{
ec
{
"
Pitcairn
"
}
}
"
Pacific
:
Ponape
"
{
ec
{
"
Pohnpei
"
}
}
"
Pacific
:
Port_Moresby
"
{
ec
{
"
Port
Moresby
"
}
}
"
Pacific
:
Rarotonga
"
{
ec
{
"
Rarotonga
"
}
}
"
Pacific
:
Saipan
"
{
ec
{
"
Saipan
"
}
}
"
Pacific
:
Tahiti
"
{
ec
{
"
Tahiti
"
}
}
"
Pacific
:
Tarawa
"
{
ec
{
"
Tarawa
"
}
}
"
Pacific
:
Tongatapu
"
{
ec
{
"
Tongatapu
"
}
}
"
Pacific
:
Truk
"
{
ec
{
"
Chuuk
"
}
}
"
Pacific
:
Wake
"
{
ec
{
"
Wake
"
}
}
"
Pacific
:
Wallis
"
{
ec
{
"
Wallis
"
}
}
"
meta
:
Afghanistan
"
{
ls
{
"
Afganistanski
as
"
}
}
"
meta
:
Africa_Central
"
{
ls
{
"
Centralnoafri
ki
as
"
}
}
"
meta
:
Africa_Eastern
"
{
ls
{
"
Vzhodnoafri
ki
as
"
}
}
"
meta
:
Africa_Southern
"
{
ls
{
"
Ju
noafri
ki
as
"
}
}
"
meta
:
Africa_Western
"
{
ld
{
"
Zahodnoafri
ki
poletni
as
"
}
lg
{
"
Zahodnoafri
ki
as
"
}
ls
{
"
Zahodnoafri
ki
standardni
as
"
}
}
"
meta
:
Alaska
"
{
ld
{
"
Alja
ki
poletni
as
"
}
lg
{
"
Alja
ki
as
"
}
ls
{
"
Alja
ki
standardni
as
"
}
}
"
meta
:
Amazon
"
{
ld
{
"
Amazonski
poletni
as
"
}
lg
{
"
Amazonski
as
"
}
ls
{
"
Amazonski
standardni
as
"
}
}
"
meta
:
America_Central
"
{
ld
{
"
Centralni
poletni
as
"
}
lg
{
"
Centralni
as
"
}
ls
{
"
Centralni
standardni
as
"
}
}
"
meta
:
America_Eastern
"
{
ld
{
"
Vzhodni
poletni
as
"
}
lg
{
"
Vzhodni
as
"
}
ls
{
"
Vzhodni
standardni
as
"
}
}
"
meta
:
America_Mountain
"
{
ld
{
"
Gorski
poletni
as
"
}
lg
{
"
Gorski
as
"
}
ls
{
"
Gorski
standardni
as
"
}
}
"
meta
:
America_Pacific
"
{
ld
{
"
Pacifi
ki
poletni
as
"
}
lg
{
"
Pacifi
ki
as
"
}
ls
{
"
Pacifi
ki
standardni
as
"
}
}
"
meta
:
Anadyr
"
{
ld
{
"
Anadirski
poletni
as
"
}
lg
{
"
Anadirski
as
"
}
ls
{
"
Anadirski
standardni
as
"
}
}
"
meta
:
Apia
"
{
ld
{
"
Poletni
as
:
Apia
"
}
lg
{
"
as
:
Apia
"
}
ls
{
"
Standardni
as
:
Apia
"
}
}
"
meta
:
Arabian
"
{
ld
{
"
Arabski
poletni
as
"
}
lg
{
"
Arabski
as
"
}
ls
{
"
Arabski
standardni
as
"
}
}
"
meta
:
Argentina
"
{
ld
{
"
Argentinski
poletni
as
"
}
lg
{
"
Argentinski
as
"
}
ls
{
"
Argentinski
standardni
as
"
}
}
"
meta
:
Argentina_Western
"
{
ld
{
"
Argentinski
zahodni
poletni
as
"
}
lg
{
"
Argentinski
zahodni
as
"
}
ls
{
"
Argentinski
zahodni
standardni
as
"
}
}
"
meta
:
Armenia
"
{
ld
{
"
Armenski
poletni
as
"
}
lg
{
"
Armenski
as
"
}
ls
{
"
Armenski
standardni
as
"
}
}
"
meta
:
Atlantic
"
{
ld
{
"
Atlantski
poletni
as
"
}
lg
{
"
Atlantski
as
"
}
ls
{
"
Atlantski
standardni
as
"
}
}
"
meta
:
Australia_Central
"
{
ld
{
"
Avstralski
centralni
poletni
as
"
}
lg
{
"
Avstralski
centralni
as
"
}
ls
{
"
Avstralski
centralni
standardni
as
"
}
}
"
meta
:
Australia_CentralWestern
"
{
ld
{
"
Avstralski
centralni
zahodni
poletni
as
"
}
lg
{
"
Avstralski
centralni
zahodni
as
"
}
ls
{
"
Avstralski
centralni
zahodni
standardni
as
"
}
}
"
meta
:
Australia_Eastern
"
{
ld
{
"
Avstralski
vzhodni
poletni
as
"
}
lg
{
"
Avstralski
vzhodni
as
"
}
ls
{
"
Avstralski
vzhodni
standardni
as
"
}
}
"
meta
:
Australia_Western
"
{
ld
{
"
Avstralski
zahodni
poletni
as
"
}
lg
{
"
Avstralski
zahodni
as
"
}
ls
{
"
Avstralski
zahodni
standardni
as
"
}
}
"
meta
:
Azerbaijan
"
{
ld
{
"
Azerbajd
anski
poletni
as
"
}
lg
{
"
Azerbajd
anski
as
"
}
ls
{
"
Azerbajd
anski
standardni
as
"
}
}
"
meta
:
Azores
"
{
ld
{
"
Azorski
poletni
as
"
}
lg
{
"
Azorski
as
"
}
ls
{
"
Azorski
standardni
as
"
}
}
"
meta
:
Bangladesh
"
{
ld
{
"
Banglade
ki
poletni
as
"
}
lg
{
"
Banglade
ki
as
"
}
ls
{
"
Banglade
ki
standardni
as
"
}
}
"
meta
:
Bhutan
"
{
ls
{
"
Butanski
as
"
}
}
"
meta
:
Bolivia
"
{
ls
{
"
Bolivijski
as
"
}
}
"
meta
:
Brasilia
"
{
ld
{
"
Brasilski
poletni
as
"
}
lg
{
"
Brasilski
as
"
}
ls
{
"
Brasilski
standardni
as
"
}
}
"
meta
:
Brunei
"
{
ls
{
"
Brunejski
as
"
}
}
"
meta
:
Cape_Verde
"
{
ld
{
"
Kapverdski
poletni
as
"
}
lg
{
"
Kapverdski
as
"
}
ls
{
"
Kapverdski
standardni
as
"
}
}
"
meta
:
Chamorro
"
{
ls
{
"
amorski
standardni
as
"
}
}
"
meta
:
Chatham
"
{
ld
{
"
atamski
poletni
as
"
}
lg
{
"
atamski
as
"
}
ls
{
"
atamski
standardni
as
"
}
}
"
meta
:
Chile
"
{
ld
{
"
ilski
poletni
as
"
}
lg
{
"
ilski
as
"
}
ls
{
"
ilski
standardni
as
"
}
}
"
meta
:
China
"
{
ld
{
"
Kitajski
poletni
as
"
}
lg
{
"
Kitajski
as
"
}
ls
{
"
Kitajski
standardni
as
"
}
}
"
meta
:
Choibalsan
"
{
ld
{
"
ojbalsanski
poletni
as
"
}
lg
{
"
ojbalsanski
as
"
}
ls
{
"
ojbalsanski
standardni
as
"
}
}
"
meta
:
Christmas
"
{
ls
{
"
Bo
i
nooto
ki
as
"
}
}
"
meta
:
Cocos
"
{
ls
{
"
as
:
Kokosovi
otoki
"
}
}
"
meta
:
Colombia
"
{
ld
{
"
Kolumbijski
poletni
as
"
}
lg
{
"
Kolumbijski
as
"
}
ls
{
"
Kolumbijski
standardni
as
"
}
}
"
meta
:
Cook
"
{
ld
{
"
Cookovooto
ki
srednjepoletni
as
"
}
lg
{
"
Cookovooto
ki
as
"
}
ls
{
"
Cookovooto
ki
standardni
as
"
}
}
"
meta
:
Cuba
"
{
ld
{
"
Kubanski
poletni
as
"
}
lg
{
"
Kubanski
as
"
}
ls
{
"
Kubanski
standardni
as
"
}
}
"
meta
:
Davis
"
{
ls
{
"
as
:
Davis
"
}
}
"
meta
:
DumontDUrville
"
{
ls
{
"
as
:
Dumont
-
d
Urville
"
}
}
"
meta
:
East_Timor
"
{
ls
{
"
Vzhodnotimorski
as
"
}
}
"
meta
:
Easter
"
{
ld
{
"
Poletni
as
:
Velikono
ni
otok
"
}
lg
{
"
as
:
Velikono
ni
otok
"
}
ls
{
"
Standardni
as
:
Velikono
ni
otok
"
}
}
"
meta
:
Ecuador
"
{
ls
{
"
Ekvadorski
as
"
}
}
"
meta
:
Europe_Central
"
{
ld
{
"
Srednjeevropski
poletni
as
"
}
lg
{
"
Srednjeevropski
as
"
}
ls
{
"
Srednjeevropski
standardni
as
"
}
}
"
meta
:
Europe_Eastern
"
{
ld
{
"
Vzhodnoevropski
poletni
as
"
}
lg
{
"
Vzhodnoevropski
as
"
}
ls
{
"
Vzhodnoevropski
standardni
as
"
}
}
"
meta
:
Europe_Further_Eastern
"
{
ls
{
"
Dodatni
vzhodnoevropski
as
"
}
}
"
meta
:
Europe_Western
"
{
ld
{
"
Zahodnoevropski
poletni
as
"
}
lg
{
"
Zahodnoevropski
as
"
}
ls
{
"
Zahodnoevropski
standardni
as
"
}
}
"
meta
:
Falkland
"
{
ld
{
"
Poletni
as
:
Falklandsko
oto
je
"
}
lg
{
"
as
:
Falklandsko
oto
je
"
}
ls
{
"
Standardni
as
:
Falklandsko
oto
je
"
}
}
"
meta
:
Fiji
"
{
ld
{
"
Fid
ijski
poletni
as
"
}
lg
{
"
Fid
ijski
as
"
}
ls
{
"
Fid
ijski
standardni
as
"
}
}
"
meta
:
French_Guiana
"
{
ls
{
"
as
:
Francoska
Gvajana
"
}
}
"
meta
:
French_Southern
"
{
ls
{
"
Francoski
ju
ni
in
antarkti
ni
as
"
}
}
"
meta
:
GMT
"
{
ls
{
"
Greenwi
ki
srednji
as
"
}
}
"
meta
:
Galapagos
"
{
ls
{
"
Galapa
ki
as
"
}
}
"
meta
:
Gambier
"
{
ls
{
"
Gambierski
as
"
}
}
"
meta
:
Georgia
"
{
ld
{
"
Gruzijski
poletni
as
"
}
lg
{
"
Gruzijski
as
"
}
ls
{
"
Gruzijski
standardni
as
"
}
}
"
meta
:
Gilbert_Islands
"
{
ls
{
"
as
:
Gilbertovi
otoki
"
}
}
"
meta
:
Greenland_Eastern
"
{
ld
{
"
Vzhodnogrenlandski
poletni
as
"
}
lg
{
"
Vzhodnogrenlandski
as
"
}
ls
{
"
Vzhodnogrenlandski
standardni
as
"
}
}
"
meta
:
Greenland_Western
"
{
ld
{
"
Zahodnogrenlandski
poletni
as
"
}
lg
{
"
Zahodnogrenlandski
as
"
}
ls
{
"
Zahodnogrenlandski
standardni
as
"
}
}
"
meta
:
Gulf
"
{
ls
{
"
Zalivski
standardni
as
"
}
}
"
meta
:
Guyana
"
{
ls
{
"
Gvajanski
as
"
}
}
"
meta
:
Hawaii_Aleutian
"
{
ld
{
"
Havajski
aleutski
poletni
as
"
}
lg
{
"
Havajski
aleutski
as
"
}
ls
{
"
Havajski
aleutski
standardni
as
"
}
}
"
meta
:
Hong_Kong
"
{
ld
{
"
Hongkon
ki
poletni
as
"
}
lg
{
"
Hongkon
ki
as
"
}
ls
{
"
Hongkon
ki
standardni
as
"
}
}
"
meta
:
Hovd
"
{
ld
{
"
Hovdski
poletni
as
"
}
lg
{
"
Hovdski
as
"
}
ls
{
"
Hovdski
standardni
as
"
}
}
"
meta
:
India
"
{
ls
{
"
Indijski
standardni
as
"
}
}
"
meta
:
Indian_Ocean
"
{
ls
{
"
Indijskooceanski
as
"
}
}
"
meta
:
Indochina
"
{
ls
{
"
Indokitajski
as
"
}
}
"
meta
:
Indonesia_Central
"
{
ls
{
"
Indonezijski
osrednji
as
"
}
}
"
meta
:
Indonesia_Eastern
"
{
ls
{
"
Indonezijski
vzhodni
as
"
}
}
"
meta
:
Indonesia_Western
"
{
ls
{
"
Indonezijski
zahodni
as
"
}
}
"
meta
:
Iran
"
{
ld
{
"
Iranski
poletni
as
"
}
lg
{
"
Iranski
as
"
}
ls
{
"
Iranski
standardni
as
"
}
}
"
meta
:
Irkutsk
"
{
ld
{
"
Irkutski
poletni
as
"
}
lg
{
"
Irkutski
as
"
}
ls
{
"
Irkutski
standardni
as
"
}
}
"
meta
:
Israel
"
{
ld
{
"
Izraelski
poletni
as
"
}
lg
{
"
Izraelski
as
"
}
ls
{
"
Izraelski
standardni
as
"
}
}
"
meta
:
Japan
"
{
ld
{
"
Japonski
poletni
as
"
}
lg
{
"
Japonski
as
"
}
ls
{
"
Japonski
standardni
as
"
}
}
"
meta
:
Kamchatka
"
{
ld
{
"
Petropavlovsk
-
Kam
atski
poletni
as
"
}
lg
{
"
Petropavlovsk
-
Kam
atski
as
"
}
ls
{
"
Petropavlovsk
-
Kam
atski
standardni
as
"
}
}
"
meta
:
Kazakhstan_Eastern
"
{
ls
{
"
Vzhodni
kazahstanski
as
"
}
}
"
meta
:
Kazakhstan_Western
"
{
ls
{
"
Zahodni
kazahstanski
as
"
}
}
"
meta
:
Korea
"
{
ld
{
"
Korejski
poletni
as
"
}
lg
{
"
Korejski
as
"
}
ls
{
"
Korejski
standardni
as
"
}
}
"
meta
:
Kosrae
"
{
ls
{
"
Kosraj
ki
as
"
}
}
"
meta
:
Krasnoyarsk
"
{
ld
{
"
Krasnojarski
poletni
as
"
}
lg
{
"
Krasnojarski
as
"
}
ls
{
"
Krasnojarski
standardni
as
"
}
}
"
meta
:
Kyrgystan
"
{
ls
{
"
Kirgizistanski
as
"
}
}
"
meta
:
Line_Islands
"
{
ls
{
"
Ekvatorski
otoki
:
as
"
}
}
"
meta
:
Lord_Howe
"
{
ld
{
"
Poletni
as
otoka
Lord
Howe
"
}
lg
{
"
as
otoka
Lord
Howe
"
}
ls
{
"
Standardni
as
otoka
Lord
Howe
"
}
}
"
meta
:
Macquarie
"
{
ls
{
"
Macquarieski
as
"
}
}
"
meta
:
Magadan
"
{
ld
{
"
Magadanski
poletni
as
"
}
lg
{
"
Magadanski
as
"
}
ls
{
"
Magadanski
standardni
as
"
}
}
"
meta
:
Malaysia
"
{
ls
{
"
Malezijski
as
"
}
}
"
meta
:
Maldives
"
{
ls
{
"
Maldivski
as
"
}
}
"
meta
:
Marquesas
"
{
ls
{
"
as
:
Markizni
otoki
"
}
}
"
meta
:
Marshall_Islands
"
{
ls
{
"
as
:
Marshallovi
otoki
"
}
}
"
meta
:
Mauritius
"
{
ld
{
"
Mauricijski
poletni
as
"
}
lg
{
"
Mauricijski
as
"
}
ls
{
"
Mauricijski
standardni
as
"
}
}
"
meta
:
Mawson
"
{
ls
{
"
Mawsonski
as
"
}
}
"
meta
:
Mexico_Northwest
"
{
ld
{
"
Mehi
ki
severozahodni
poletni
as
"
}
lg
{
"
Mehi
ki
severozahodni
as
"
}
ls
{
"
Mehi
ki
severozahodni
standardni
as
"
}
}
"
meta
:
Mexico_Pacific
"
{
ld
{
"
Mehi
ki
pacifi
ki
poletni
as
"
}
lg
{
"
Mehi
ki
pacifi
ki
as
"
}
ls
{
"
Mehi
ki
pacifi
ki
standardni
as
"
}
}
"
meta
:
Mongolia
"
{
ld
{
"
Ulanbatorski
poletni
as
"
}
lg
{
"
Ulanbatorski
as
"
}
ls
{
"
Ulanbatorski
standardni
as
"
}
}
"
meta
:
Moscow
"
{
ld
{
"
Moskovski
poletni
as
"
}
lg
{
"
Moskovski
as
"
}
ls
{
"
Moskovski
standardni
as
"
}
}
"
meta
:
Myanmar
"
{
ls
{
"
Mjanmarski
as
"
}
}
"
meta
:
Nauru
"
{
ls
{
"
Naurujski
as
"
}
}
"
meta
:
Nepal
"
{
ls
{
"
Nepalski
as
"
}
}
"
meta
:
New_Caledonia
"
{
ld
{
"
Novokaledonijski
poletni
as
"
}
lg
{
"
Novokaledonijski
as
"
}
ls
{
"
Novokaledonijski
standardni
as
"
}
}
"
meta
:
New_Zealand
"
{
ld
{
"
Novozelandski
poletni
as
"
}
lg
{
"
Novozelandski
as
"
}
ls
{
"
Novozelandski
standardni
as
"
}
}
"
meta
:
Newfoundland
"
{
ld
{
"
Novofundlandski
poletni
as
"
}
lg
{
"
Novofundlandski
as
"
}
ls
{
"
Novofundlandski
standardni
as
"
}
}
"
meta
:
Niue
"
{
ls
{
"
Niuejski
as
"
}
}
"
meta
:
Norfolk
"
{
ls
{
"
as
:
Norfol
ki
otoki
"
}
}
"
meta
:
Noronha
"
{
ld
{
"
Fernando
de
Noron
ki
poletni
as
"
}
lg
{
"
Fernando
de
Noron
ki
as
"
}
ls
{
"
Fernando
de
Noron
ki
standardni
as
"
}
}
"
meta
:
Novosibirsk
"
{
ld
{
"
Novosibirski
poletni
as
"
}
lg
{
"
Novosibirski
as
"
}
ls
{
"
Novosibirski
standardni
as
"
}
}
"
meta
:
Omsk
"
{
ld
{
"
Omski
poletni
as
"
}
lg
{
"
Omski
as
"
}
ls
{
"
Omski
standardni
as
"
}
}
"
meta
:
Pakistan
"
{
ld
{
"
Pakistanski
poletni
as
"
}
lg
{
"
Pakistanski
as
"
}
ls
{
"
Pakistanski
standardni
as
"
}
}
"
meta
:
Palau
"
{
ls
{
"
Palavski
as
"
}
}
"
meta
:
Papua_New_Guinea
"
{
ls
{
"
Papuanski
as
"
}
}
"
meta
:
Paraguay
"
{
ld
{
"
Paragvajski
poletni
as
"
}
lg
{
"
Paragvajski
as
"
}
ls
{
"
Paragvajski
standardni
as
"
}
}
"
meta
:
Peru
"
{
ld
{
"
Perujski
poletni
as
"
}
lg
{
"
Perujski
as
"
}
ls
{
"
Perujski
standardni
as
"
}
}
"
meta
:
Philippines
"
{
ld
{
"
Filipinski
poletni
as
"
}
lg
{
"
Filipinski
as
"
}
ls
{
"
Filipinski
standardni
as
"
}
}
"
meta
:
Phoenix_Islands
"
{
ls
{
"
as
:
Oto
je
Feniks
"
}
}
"
meta
:
Pierre_Miquelon
"
{
ld
{
"
Poletni
as
:
Saint
Pierre
in
Miquelon
"
}
lg
{
"
as
:
Saint
Pierre
in
Miquelon
"
}
ls
{
"
Standardni
as
:
Saint
Pierre
in
Miquelon
"
}
}
"
meta
:
Pitcairn
"
{
ls
{
"
Pitcairnski
as
"
}
}
"
meta
:
Ponape
"
{
ls
{
"
Ponapski
as
"
}
}
"
meta
:
Pyongyang
"
{
ls
{
"
Pjongjan
ki
as
"
}
}
"
meta
:
Reunion
"
{
ls
{
"
Reunionski
as
"
}
}
"
meta
:
Rothera
"
{
ls
{
"
Rotherski
as
"
}
}
"
meta
:
Sakhalin
"
{
ld
{
"
Sahalinski
poletni
as
"
}
lg
{
"
Sahalinski
as
"
}
ls
{
"
Sahalinski
standardni
as
"
}
}
"
meta
:
Samara
"
{
ld
{
"
Samarski
poletni
as
"
}
lg
{
"
Samarski
as
"
}
ls
{
"
Samarski
standardni
as
"
}
}
"
meta
:
Samoa
"
{
ld
{
"
Samoanski
poletni
as
"
}
lg
{
"
Samoanski
as
"
}
ls
{
"
Samoanski
standardni
as
"
}
}
"
meta
:
Seychelles
"
{
ls
{
"
Sej
elski
as
"
}
}
"
meta
:
Singapore
"
{
ls
{
"
Singapurski
standardni
as
"
}
}
"
meta
:
Solomon
"
{
ls
{
"
Salomonovooto
ki
as
"
}
}
"
meta
:
South_Georgia
"
{
ls
{
"
Ju
nogeorgijski
as
"
}
}
"
meta
:
Suriname
"
{
ls
{
"
Surinamski
as
"
}
}
"
meta
:
Syowa
"
{
ls
{
"
as
:
Syowa
"
}
}
"
meta
:
Tahiti
"
{
ls
{
"
Tahitijski
as
"
}
}
"
meta
:
Taipei
"
{
ld
{
"
Tajpejski
poletni
as
"
}
lg
{
"
Tajpejski
as
"
}
ls
{
"
Tajpejski
standardni
as
"
}
}
"
meta
:
Tajikistan
"
{
ls
{
"
Tad
ikistanski
as
"
}
}
"
meta
:
Tokelau
"
{
ls
{
"
Tokelavski
as
"
}
}
"
meta
:
Tonga
"
{
ld
{
"
Tongovski
poletni
as
"
}
lg
{
"
Tongovski
as
"
}
ls
{
"
Tongovski
standardni
as
"
}
}
"
meta
:
Truk
"
{
ls
{
"
as
:
Otok
Chuuk
"
}
}
"
meta
:
Turkmenistan
"
{
ld
{
"
Turkmenistanski
poletni
as
"
}
lg
{
"
Turkmenistanski
as
"
}
ls
{
"
Turkmenistanski
standardni
as
"
}
}
"
meta
:
Tuvalu
"
{
ls
{
"
Tuvalujski
as
"
}
}
"
meta
:
Uruguay
"
{
ld
{
"
Urugvajski
poletni
as
"
}
lg
{
"
Urugvajski
as
"
}
ls
{
"
Urugvajski
standardni
as
"
}
}
"
meta
:
Uzbekistan
"
{
ld
{
"
Uzbekistanski
poletni
as
"
}
lg
{
"
Uzbekistanski
as
"
}
ls
{
"
Uzbekistanski
standardni
as
"
}
}
"
meta
:
Vanuatu
"
{
ld
{
"
Vanuatujski
poletni
as
"
}
lg
{
"
Vanuatujski
as
"
}
ls
{
"
Vanuatujski
standardni
as
"
}
}
"
meta
:
Venezuela
"
{
ls
{
"
Venezuelski
as
"
}
}
"
meta
:
Vladivostok
"
{
ld
{
"
Vladivosto
ki
poletni
as
"
}
lg
{
"
Vladivosto
ki
as
"
}
ls
{
"
Vladivosto
ki
standardni
as
"
}
}
"
meta
:
Volgograd
"
{
ld
{
"
Volgograjski
poletni
as
"
}
lg
{
"
Volgograjski
as
"
}
ls
{
"
Volgograjski
standardni
as
"
}
}
"
meta
:
Vostok
"
{
ls
{
"
Vosto
ki
as
"
}
}
"
meta
:
Wake
"
{
ls
{
"
as
:
Otok
Wake
"
}
}
"
meta
:
Wallis
"
{
ls
{
"
as
:
Wallis
in
Futuna
"
}
}
"
meta
:
Yakutsk
"
{
ld
{
"
Jakutski
poletni
as
"
}
lg
{
"
Jakutski
as
"
}
ls
{
"
Jakutski
standardni
as
"
}
}
"
meta
:
Yekaterinburg
"
{
ld
{
"
Jekaterinbur
ki
poletni
as
"
}
lg
{
"
Jekaterinbur
ki
as
"
}
ls
{
"
Jekaterinbur
ki
standardni
as
"
}
}
fallbackFormat
{
"
{
1
}
(
{
0
}
)
"
}
gmtFormat
{
"
GMT
{
0
}
"
}
gmtZeroFormat
{
"
GMT
"
}
hourFormat
{
"
+
HH
.
mm
;
-
HH
.
mm
"
}
regionFormat
{
"
{
0
}
as
"
}
regionFormatDaylight
{
"
{
0
}
poletni
as
"
}
regionFormatStandard
{
"
{
0
}
standardni
as
"
}
}
}
