/
/
2016
and
later
:
Unicode
Inc
.
and
others
.
/
/
License
&
terms
of
use
:
http
:
/
/
www
.
unicode
.
org
/
copyright
.
html
/
/
Generated
using
tools
/
cldr
/
cldr
-
to
-
icu
/
sq
{
zoneStrings
{
"
Africa
:
Abidjan
"
{
ec
{
"
Abixhan
"
}
}
"
Africa
:
Accra
"
{
ec
{
"
Akra
"
}
}
"
Africa
:
Addis_Ababa
"
{
ec
{
"
Adis
-
Abab
"
}
}
"
Africa
:
Algiers
"
{
ec
{
"
Algjer
"
}
}
"
Africa
:
Asmera
"
{
ec
{
"
Asmar
"
}
}
"
Africa
:
Banjul
"
{
ec
{
"
Banxhul
"
}
}
"
Africa
:
Bissau
"
{
ec
{
"
Bisau
"
}
}
"
Africa
:
Blantyre
"
{
ec
{
"
Blantir
"
}
}
"
Africa
:
Brazzaville
"
{
ec
{
"
Brazavill
"
}
}
"
Africa
:
Bujumbura
"
{
ec
{
"
Buxhumbur
"
}
}
"
Africa
:
Cairo
"
{
ec
{
"
Kajro
"
}
}
"
Africa
:
Casablanca
"
{
ec
{
"
Kazablank
"
}
}
"
Africa
:
Ceuta
"
{
ec
{
"
Theuta
"
}
}
"
Africa
:
Conakry
"
{
ec
{
"
Konakri
"
}
}
"
Africa
:
Dar_es_Salaam
"
{
ec
{
"
Dar
-
es
-
Salam
"
}
}
"
Africa
:
Djibouti
"
{
ec
{
"
Xhibuti
"
}
}
"
Africa
:
El_Aaiun
"
{
ec
{
"
El
Ajun
"
}
}
"
Africa
:
Freetown
"
{
ec
{
"
Fritaun
"
}
}
"
Africa
:
Johannesburg
"
{
ec
{
"
Johanesburg
"
}
}
"
Africa
:
Juba
"
{
ec
{
"
Xhuba
"
}
}
"
Africa
:
Khartoum
"
{
ec
{
"
Kartum
"
}
}
"
Africa
:
Libreville
"
{
ec
{
"
Librevil
"
}
}
"
Africa
:
Niamey
"
{
ec
{
"
Niamej
"
}
}
"
Africa
:
Nouakchott
"
{
ec
{
"
Nouakot
"
}
}
"
Africa
:
Ouagadougou
"
{
ec
{
"
Uag
dugu
"
}
}
"
Africa
:
Sao_Tome
"
{
ec
{
"
Sao
-
Tome
"
}
}
"
Africa
:
Tunis
"
{
ec
{
"
Tuniz
"
}
}
"
Africa
:
Windhoek
"
{
ec
{
"
Vint
huk
"
}
}
"
America
:
Anchorage
"
{
ec
{
"
Ankorejxh
"
}
}
"
America
:
Anguilla
"
{
ec
{
"
Anguil
"
}
}
"
America
:
Araguaina
"
{
ec
{
"
Araguajana
"
}
}
"
America
:
Argentina
:
La_Rioja
"
{
ec
{
"
La
Rioha
"
}
}
"
America
:
Argentina
:
Rio_Gallegos
"
{
ec
{
"
Rio
-
Galegos
"
}
}
"
America
:
Argentina
:
Salta
"
{
ec
{
"
Salt
"
}
}
"
America
:
Argentina
:
San_Juan
"
{
ec
{
"
San
-
Huan
"
}
}
"
America
:
Argentina
:
San_Luis
"
{
ec
{
"
Sh
n
-
Luis
"
}
}
"
America
:
Argentina
:
Tucuman
"
{
ec
{
"
Tukuman
"
}
}
"
America
:
Argentina
:
Ushuaia
"
{
ec
{
"
Ushuaja
"
}
}
"
America
:
Aruba
"
{
ec
{
"
Arub
"
}
}
"
America
:
Asuncion
"
{
ec
{
"
Asunsion
"
}
}
"
America
:
Bahia_Banderas
"
{
ec
{
"
Bahia
-
Banderas
"
}
}
"
America
:
Belize
"
{
ec
{
"
Beliz
"
}
}
"
America
:
Blanc
-
Sablon
"
{
ec
{
"
Blank
-
Sablon
"
}
}
"
America
:
Boa_Vista
"
{
ec
{
"
Boa
-
Vista
"
}
}
"
America
:
Bogota
"
{
ec
{
"
Bogot
"
}
}
"
America
:
Boise
"
{
ec
{
"
Boiz
"
}
}
"
America
:
Buenos_Aires
"
{
ec
{
"
Buenos
-
Ajres
"
}
}
"
America
:
Cambridge_Bay
"
{
ec
{
"
Gjiri
i
Kembrixhit
"
}
}
"
America
:
Campo_Grande
"
{
ec
{
"
Kampo
-
Grande
"
}
}
"
America
:
Cancun
"
{
ec
{
"
Kankun
"
}
}
"
America
:
Caracas
"
{
ec
{
"
Karakas
"
}
}
"
America
:
Catamarca
"
{
ec
{
"
Katamarka
"
}
}
"
America
:
Cayenne
"
{
ec
{
"
Kajen
"
}
}
"
America
:
Cayman
"
{
ec
{
"
Kajman
"
}
}
"
America
:
Chicago
"
{
ec
{
"
ikago
"
}
}
"
America
:
Chihuahua
"
{
ec
{
"
ihahua
"
}
}
"
America
:
Ciudad_Juarez
"
{
ec
{
"
Siudad
-
Huarez
"
}
}
"
America
:
Cordoba
"
{
ec
{
"
Kordoba
"
}
}
"
America
:
Costa_Rica
"
{
ec
{
"
Kosta
-
Rik
"
}
}
"
America
:
Creston
"
{
ec
{
"
Kreston
"
}
}
"
America
:
Cuiaba
"
{
ec
{
"
Kujaba
"
}
}
"
America
:
Curacao
"
{
ec
{
"
Kurasao
"
}
}
"
America
:
Danmarkshavn
"
{
ec
{
"
Denmarkshav
n
"
}
}
"
America
:
Dawson
"
{
ec
{
"
Douson
"
}
}
"
America
:
Dawson_Creek
"
{
ec
{
"
Gjiri
i
Dousonit
"
}
}
"
America
:
Dominica
"
{
ec
{
"
Dominik
"
}
}
"
America
:
Eirunepe
"
{
ec
{
"
Ejrunep
"
}
}
"
America
:
El_Salvador
"
{
ec
{
"
Salvador
"
}
}
"
America
:
Fort_Nelson
"
{
ec
{
"
Fort
-
Nelson
"
}
}
"
America
:
Glace_Bay
"
{
ec
{
"
Gjiri
i
Ngrir
"
}
}
"
America
:
Godthab
"
{
ec
{
"
Njuk
"
}
}
"
America
:
Goose_Bay
"
{
ec
{
"
Gjiri
i
Pat
s
"
}
}
"
America
:
Grand_Turk
"
{
ec
{
"
Turku
i
Madh
"
}
}
"
America
:
Grenada
"
{
ec
{
"
Granad
"
}
}
"
America
:
Guadeloupe
"
{
ec
{
"
Guadelup
"
}
}
"
America
:
Guatemala
"
{
ec
{
"
Guatemal
"
}
}
"
America
:
Guayaquil
"
{
ec
{
"
Guajakuil
"
}
}
"
America
:
Guyana
"
{
ec
{
"
Guajan
"
}
}
"
America
:
Halifax
"
{
ec
{
"
Halifaks
"
}
}
"
America
:
Havana
"
{
ec
{
"
Havan
"
}
}
"
America
:
Hermosillo
"
{
ec
{
"
Hermosijo
"
}
}
"
America
:
Indiana
:
Knox
"
{
ec
{
"
Knoks
Indiana
"
}
}
"
America
:
Indiana
:
Petersburg
"
{
ec
{
"
Pet
rsburg
Indiana
"
}
}
"
America
:
Indiana
:
Tell_City
"
{
ec
{
"
Tell
-
Siti
Indiana
"
}
}
"
America
:
Indiana
:
Vevay
"
{
ec
{
"
Vev
j
Indiana
"
}
}
"
America
:
Indiana
:
Vincennes
"
{
ec
{
"
Vincenes
Indiana
"
}
}
"
America
:
Indiana
:
Winamac
"
{
ec
{
"
Uinamak
Indiana
"
}
}
"
America
:
Iqaluit
"
{
ec
{
"
Ikaluit
"
}
}
"
America
:
Jamaica
"
{
ec
{
"
Xhamajk
"
}
}
"
America
:
Jujuy
"
{
ec
{
"
Huhui
"
}
}
"
America
:
Juneau
"
{
ec
{
"
Xhunou
"
}
}
"
America
:
Kentucky
:
Monticello
"
{
ec
{
"
Monti
elo
Kentaki
"
}
}
"
America
:
Lima
"
{
ec
{
"
Lim
"
}
}
"
America
:
Los_Angeles
"
{
ec
{
"
Los
Anxhelos
"
}
}
"
America
:
Louisville
"
{
ec
{
"
Luizvil
"
}
}
"
America
:
Lower_Princes
"
{
ec
{
"
Louer
-
Prinsis
-
Kuort
r
"
}
}
"
America
:
Maceio
"
{
ec
{
"
Makejo
"
}
}
"
America
:
Martinique
"
{
ec
{
"
Martinik
"
}
}
"
America
:
Menominee
"
{
ec
{
"
Menomini
"
}
}
"
America
:
Merida
"
{
ec
{
"
Merida
"
}
}
"
America
:
Mexico_City
"
{
ec
{
"
Qyteti
i
Meksik
s
"
}
}
"
America
:
Miquelon
"
{
ec
{
"
Mikelon
"
}
}
"
America
:
Moncton
"
{
ec
{
"
Monkton
"
}
}
"
America
:
Monterrey
"
{
ec
{
"
Monterrej
"
}
}
"
America
:
Montserrat
"
{
ec
{
"
Montserat
"
}
}
"
America
:
Nassau
"
{
ec
{
"
Nasao
"
}
}
"
America
:
New_York
"
{
ec
{
"
Nju
-
Jork
"
}
}
"
America
:
Noronha
"
{
ec
{
"
Noronja
"
}
}
"
America
:
North_Dakota
:
Beulah
"
{
ec
{
"
Beula
Dakota
e
Veriut
"
}
}
"
America
:
North_Dakota
:
Center
"
{
ec
{
"
Qend
r
Dakota
e
Veriut
"
}
}
"
America
:
North_Dakota
:
New_Salem
"
{
ec
{
"
Nju
-
Salem
Dakota
e
Veriut
"
}
}
"
America
:
Ojinaga
"
{
ec
{
"
Ohinaga
"
}
}
"
America
:
Phoenix
"
{
ec
{
"
Feniks
"
}
}
"
America
:
Port
-
au
-
Prince
"
{
ec
{
"
Port
-
o
-
Prins
"
}
}
"
America
:
Porto_Velho
"
{
ec
{
"
Porto
-
Velho
"
}
}
"
America
:
Puerto_Rico
"
{
ec
{
"
Porto
-
Riko
"
}
}
"
America
:
Punta_Arenas
"
{
ec
{
"
Punta
-
Arenas
"
}
}
"
America
:
Rankin_Inlet
"
{
ec
{
"
Gryka
Inlet
"
}
}
"
America
:
Regina
"
{
ec
{
"
Rexhina
"
}
}
"
America
:
Rio_Branco
"
{
ec
{
"
Rio
-
Branko
"
}
}
"
America
:
Santo_Domingo
"
{
ec
{
"
Santo
-
Domingo
"
}
}
"
America
:
Sao_Paulo
"
{
ec
{
"
Sao
-
Paulo
"
}
}
"
America
:
Scoresbysund
"
{
ec
{
"
Itokorturmit
"
}
}
"
America
:
St_Barthelemy
"
{
ec
{
"
Sen
-
Bartelemi
"
}
}
"
America
:
St_Johns
"
{
ec
{
"
Sh
n
-
Gjon
"
}
}
"
America
:
St_Kitts
"
{
ec
{
"
Sh
n
-
Kits
"
}
}
"
America
:
St_Lucia
"
{
ec
{
"
Sh
n
-
Lu
ia
"
}
}
"
America
:
St_Thomas
"
{
ec
{
"
Sh
n
-
Tomas
"
}
}
"
America
:
St_Vincent
"
{
ec
{
"
Sh
n
-
Vincent
"
}
}
"
America
:
Swift_Current
"
{
ec
{
"
Rryma
e
Shpejt
"
}
}
"
America
:
Tegucigalpa
"
{
ec
{
"
Tegusigalpa
"
}
}
"
America
:
Thule
"
{
ec
{
"
Dhule
"
}
}
"
America
:
Tijuana
"
{
ec
{
"
Tihuana
"
}
}
"
America
:
Tortola
"
{
ec
{
"
Tortol
"
}
}
"
America
:
Vancouver
"
{
ec
{
"
Vankuver
"
}
}
"
America
:
Whitehorse
"
{
ec
{
"
Uajt
hors
"
}
}
"
America
:
Winnipeg
"
{
ec
{
"
Uinipeg
"
}
}
"
America
:
Yakutat
"
{
ec
{
"
Jakutat
"
}
}
"
Antarctica
:
Casey
"
{
ec
{
"
Kejsi
"
}
}
"
Antarctica
:
Davis
"
{
ec
{
"
Dejvis
"
}
}
"
Antarctica
:
DumontDUrville
"
{
ec
{
"
Dumont
-
d
Urvil
"
}
}
"
Antarctica
:
Macquarie
"
{
ec
{
"
Mekuari
"
}
}
"
Antarctica
:
Mawson
"
{
ec
{
"
Mauson
"
}
}
"
Antarctica
:
McMurdo
"
{
ec
{
"
Mekmurdo
"
}
}
"
Antarctica
:
Rothera
"
{
ec
{
"
Rodher
"
}
}
"
Antarctica
:
Syowa
"
{
ec
{
"
Sjoua
"
}
}
"
Arctic
:
Longyearbyen
"
{
ec
{
"
Long
j
bjen
"
}
}
"
Asia
:
Almaty
"
{
ec
{
"
Almati
"
}
}
"
Asia
:
Amman
"
{
ec
{
"
Aman
"
}
}
"
Asia
:
Anadyr
"
{
ec
{
"
Anadir
"
}
}
"
Asia
:
Aqtau
"
{
ec
{
"
Aktau
"
}
}
"
Asia
:
Aqtobe
"
{
ec
{
"
Aktobe
"
}
}
"
Asia
:
Atyrau
"
{
ec
{
"
Atirau
"
}
}
"
Asia
:
Baghdad
"
{
ec
{
"
Bagdad
"
}
}
"
Asia
:
Bahrain
"
{
ec
{
"
Bahrejn
"
}
}
"
Asia
:
Beirut
"
{
ec
{
"
Bejrut
"
}
}
"
Asia
:
Calcutta
"
{
ec
{
"
Kalkut
"
}
}
"
Asia
:
Chita
"
{
ec
{
"
ita
"
}
}
"
Asia
:
Colombo
"
{
ec
{
"
Kolombo
"
}
}
"
Asia
:
Damascus
"
{
ec
{
"
Damask
"
}
}
"
Asia
:
Dhaka
"
{
ec
{
"
Daka
"
}
}
"
Asia
:
Famagusta
"
{
ec
{
"
Famagust
"
}
}
"
Asia
:
Hong_Kong
"
{
ec
{
"
Hong
-
Kong
"
}
}
"
Asia
:
Jakarta
"
{
ec
{
"
Xhakart
"
}
}
"
Asia
:
Jayapura
"
{
ec
{
"
Xhajapur
"
}
}
"
Asia
:
Kamchatka
"
{
ec
{
"
Kam
atk
"
}
}
"
Asia
:
Karachi
"
{
ec
{
"
Kara
i
"
}
}
"
Asia
:
Katmandu
"
{
ec
{
"
Katmandu
"
}
}
"
Asia
:
Khandyga
"
{
ec
{
"
Kandig
"
}
}
"
Asia
:
Krasnoyarsk
"
{
ec
{
"
Krasnojarsk
"
}
}
"
Asia
:
Kuala_Lumpur
"
{
ec
{
"
Kuala
-
Lumpur
"
}
}
"
Asia
:
Kuching
"
{
ec
{
"
Ku
ing
"
}
}
"
Asia
:
Kuwait
"
{
ec
{
"
Kuvajt
"
}
}
"
Asia
:
Macau
"
{
ec
{
"
Makao
"
}
}
"
Asia
:
Makassar
"
{
ec
{
"
Makasar
"
}
}
"
Asia
:
Manila
"
{
ec
{
"
Manil
"
}
}
"
Asia
:
Muscat
"
{
ec
{
"
Muskat
"
}
}
"
Asia
:
Nicosia
"
{
ec
{
"
Nikozia
"
}
}
"
Asia
:
Phnom_Penh
"
{
ec
{
"
Pnom
-
Pen
"
}
}
"
Asia
:
Pyongyang
"
{
ec
{
"
Penian
"
}
}
"
Asia
:
Qatar
"
{
ec
{
"
Katar
"
}
}
"
Asia
:
Qostanay
"
{
ec
{
"
Kostanaj
"
}
}
"
Asia
:
Qyzylorda
"
{
ec
{
"
Kizilorda
"
}
}
"
Asia
:
Rangoon
"
{
ec
{
"
Rangun
"
}
}
"
Asia
:
Riyadh
"
{
ec
{
"
Riad
"
}
}
"
Asia
:
Saigon
"
{
ec
{
"
Ho
-
i
-
Min
"
}
}
"
Asia
:
Sakhalin
"
{
ec
{
"
Sakalin
"
}
}
"
Asia
:
Seoul
"
{
ec
{
"
Seul
"
}
}
"
Asia
:
Shanghai
"
{
ec
{
"
Shangai
"
}
}
"
Asia
:
Singapore
"
{
ec
{
"
Singapor
"
}
}
"
Asia
:
Srednekolymsk
"
{
ec
{
"
Srednekolimsk
"
}
}
"
Asia
:
Taipei
"
{
ec
{
"
Tajpej
"
}
}
"
Asia
:
Tbilisi
"
{
ec
{
"
Tbilis
"
}
}
"
Asia
:
Tehran
"
{
ec
{
"
Teheran
"
}
}
"
Asia
:
Thimphu
"
{
ec
{
"
Thimpu
"
}
}
"
Asia
:
Tokyo
"
{
ec
{
"
Tokio
"
}
}
"
Asia
:
Ulaanbaatar
"
{
ec
{
"
Ulanbatar
"
}
}
"
Asia
:
Vientiane
"
{
ec
{
"
Vjentian
"
}
}
"
Asia
:
Yakutsk
"
{
ec
{
"
Jakutsk
"
}
}
"
Asia
:
Yekaterinburg
"
{
ec
{
"
Ekaterinburg
"
}
}
"
Asia
:
Yerevan
"
{
ec
{
"
Jerevan
"
}
}
"
Atlantic
:
Azores
"
{
ec
{
"
Azore
"
}
}
"
Atlantic
:
Bermuda
"
{
ec
{
"
Bermude
"
}
}
"
Atlantic
:
Canary
"
{
ec
{
"
Kanari
"
}
}
"
Atlantic
:
Cape_Verde
"
{
ec
{
"
Kepi
i
Gjelb
r
"
}
}
"
Atlantic
:
Reykjavik
"
{
ec
{
"
Reikjavik
"
}
}
"
Atlantic
:
South_Georgia
"
{
ec
{
"
Xhorxha
e
Jugut
"
}
}
"
Atlantic
:
St_Helena
"
{
ec
{
"
Sh
n
-
Elen
"
}
}
"
Atlantic
:
Stanley
"
{
ec
{
"
Stenli
"
}
}
"
Australia
:
Adelaide
"
{
ec
{
"
Adelajde
"
}
}
"
Australia
:
Brisbane
"
{
ec
{
"
Brisbejn
"
}
}
"
Australia
:
Broken_Hill
"
{
ec
{
"
Brok
n
-
Hill
"
}
}
"
Australia
:
Darwin
"
{
ec
{
"
Darvin
"
}
}
"
Australia
:
Eucla
"
{
ec
{
"
Eukla
"
}
}
"
Australia
:
Lindeman
"
{
ec
{
"
Lind
men
"
}
}
"
Australia
:
Lord_Howe
"
{
ec
{
"
Lord
-
Houi
"
}
}
"
Australia
:
Melbourne
"
{
ec
{
"
Melburn
"
}
}
"
Australia
:
Perth
"
{
ec
{
"
P
rth
"
}
}
"
Australia
:
Sydney
"
{
ec
{
"
Sidnej
"
}
}
"
Etc
:
UTC
"
{
ls
{
"
Ora
universale
e
koordinuar
"
}
}
"
Etc
:
Unknown
"
{
ec
{
"
Qytet
i
panjohur
"
}
}
"
Europe
:
Andorra
"
{
ec
{
"
Andorr
"
}
}
"
Europe
:
Astrakhan
"
{
ec
{
"
Astrakan
"
}
}
"
Europe
:
Athens
"
{
ec
{
"
Athin
"
}
}
"
Europe
:
Belgrade
"
{
ec
{
"
Beograd
"
}
}
"
Europe
:
Bratislava
"
{
ec
{
"
Bratislav
"
}
}
"
Europe
:
Brussels
"
{
ec
{
"
Bruksel
"
}
}
"
Europe
:
Bucharest
"
{
ec
{
"
Bukuresht
"
}
}
"
Europe
:
Chisinau
"
{
ec
{
"
Kishineu
"
}
}
"
Europe
:
Copenhagen
"
{
ec
{
"
Kopenhagen
"
}
}
"
Europe
:
Dublin
"
{
ld
{
"
Ora
strandarde
e
Irland
s
"
}
}
"
Europe
:
Gibraltar
"
{
ec
{
"
Gjibraltar
"
}
}
"
Europe
:
Guernsey
"
{
ec
{
"
Gernsej
"
}
}
"
Europe
:
Isle_of_Man
"
{
ec
{
"
Ishulli
i
Manit
"
}
}
"
Europe
:
Istanbul
"
{
ec
{
"
Stamboll
"
}
}
"
Europe
:
Jersey
"
{
ec
{
"
Xhersej
"
}
}
"
Europe
:
Kiev
"
{
ec
{
"
Kiev
"
}
}
"
Europe
:
Lisbon
"
{
ec
{
"
Lisbon
"
}
}
"
Europe
:
Ljubljana
"
{
ec
{
"
Lubjan
"
}
}
"
Europe
:
London
"
{
ec
{
"
Lond
r
"
}
ld
{
"
Ora
verore
britanike
"
}
}
"
Europe
:
Luxembourg
"
{
ec
{
"
Luksemburg
"
}
}
"
Europe
:
Malta
"
{
ec
{
"
Malt
"
}
}
"
Europe
:
Monaco
"
{
ec
{
"
Monako
"
}
}
"
Europe
:
Moscow
"
{
ec
{
"
Mosk
"
}
}
"
Europe
:
Podgorica
"
{
ec
{
"
Podgoric
"
}
}
"
Europe
:
Prague
"
{
ec
{
"
Prag
"
}
}
"
Europe
:
Riga
"
{
ec
{
"
Rig
"
}
}
"
Europe
:
Rome
"
{
ec
{
"
Rom
"
}
}
"
Europe
:
San_Marino
"
{
ec
{
"
San
-
Marino
"
}
}
"
Europe
:
Sarajevo
"
{
ec
{
"
Sarajev
"
}
}
"
Europe
:
Skopje
"
{
ec
{
"
Shkup
"
}
}
"
Europe
:
Sofia
"
{
ec
{
"
Sofje
"
}
}
"
Europe
:
Stockholm
"
{
ec
{
"
Stokholm
"
}
}
"
Europe
:
Tallinn
"
{
ec
{
"
Talin
"
}
}
"
Europe
:
Tirane
"
{
ec
{
"
Tiran
"
}
}
"
Europe
:
Ulyanovsk
"
{
ec
{
"
Uljanovsk
"
}
}
"
Europe
:
Vatican
"
{
ec
{
"
Vatikan
"
}
}
"
Europe
:
Vienna
"
{
ec
{
"
Vjen
"
}
}
"
Europe
:
Warsaw
"
{
ec
{
"
Varshav
"
}
}
"
Europe
:
Zurich
"
{
ec
{
"
Zyrih
"
}
}
"
Indian
:
Chagos
"
{
ec
{
"
agos
"
}
}
"
Indian
:
Christmas
"
{
ec
{
"
Krishtlindje
"
}
}
"
Indian
:
Cocos
"
{
ec
{
"
Kokos
"
}
}
"
Indian
:
Comoro
"
{
ec
{
"
Komore
"
}
}
"
Indian
:
Maldives
"
{
ec
{
"
Maldive
"
}
}
"
Indian
:
Mayotte
"
{
ec
{
"
Majot
"
}
}
"
Pacific
:
Auckland
"
{
ec
{
"
Okland
"
}
}
"
Pacific
:
Bougainville
"
{
ec
{
"
Bunganvil
"
}
}
"
Pacific
:
Chatham
"
{
ec
{
"
atman
"
}
}
"
Pacific
:
Easter
"
{
ec
{
"
Pashk
"
}
}
"
Pacific
:
Enderbury
"
{
ec
{
"
Enderbur
"
}
}
"
Pacific
:
Fiji
"
{
ec
{
"
Fixhi
"
}
}
"
Pacific
:
Guadalcanal
"
{
ec
{
"
Guadalkanal
"
}
}
"
Pacific
:
Honolulu
"
{
ec
{
"
Honolulu
"
}
}
"
Pacific
:
Kiritimati
"
{
ec
{
"
Kiritimat
"
}
}
"
Pacific
:
Kosrae
"
{
ec
{
"
Kosre
"
}
}
"
Pacific
:
Kwajalein
"
{
ec
{
"
Kuaxhalein
"
}
}
"
Pacific
:
Majuro
"
{
ec
{
"
Mahuro
"
}
}
"
Pacific
:
Marquesas
"
{
ec
{
"
Markez
"
}
}
"
Pacific
:
Midway
"
{
ec
{
"
Miduej
"
}
}
"
Pacific
:
Pago_Pago
"
{
ec
{
"
Pago
-
Pago
"
}
}
"
Pacific
:
Pitcairn
"
{
ec
{
"
Pitkern
"
}
}
"
Pacific
:
Ponape
"
{
ec
{
"
Ponapei
"
}
}
"
Pacific
:
Port_Moresby
"
{
ec
{
"
Port
-
Moresbi
"
}
}
"
Pacific
:
Rarotonga
"
{
ec
{
"
Rarotong
"
}
}
"
Pacific
:
Tarawa
"
{
ec
{
"
Tarav
"
}
}
"
Pacific
:
Truk
"
{
ec
{
"
uk
"
}
}
"
Pacific
:
Wake
"
{
ec
{
"
Uejk
"
}
}
"
Pacific
:
Wallis
"
{
ec
{
"
Uollis
"
}
}
"
meta
:
Acre
"
{
ld
{
"
Ora
verore
e
Ejkrit
[
Ako
]
"
}
lg
{
"
Ora
e
Ejkrit
[
Ako
]
"
}
ls
{
"
Ora
standarde
e
Ejkrit
[
Ako
]
"
}
}
"
meta
:
Afghanistan
"
{
ls
{
"
Ora
e
Afganistanit
"
}
}
"
meta
:
Africa_Central
"
{
ls
{
"
Ora
e
Afrik
s
Qendrore
"
}
}
"
meta
:
Africa_Eastern
"
{
ls
{
"
Ora
e
Afrik
s
Lindore
"
}
}
"
meta
:
Africa_Southern
"
{
ls
{
"
Ora
standarde
e
Afrik
s
Jugore
"
}
}
"
meta
:
Africa_Western
"
{
ld
{
"
Ora
verore
e
Afrik
s
Per
ndimore
"
}
lg
{
"
Ora
e
Afrik
s
Per
ndimore
"
}
ls
{
"
Ora
standarde
e
Afrik
s
Per
ndimore
"
}
}
"
meta
:
Alaska
"
{
ld
{
"
Ora
verore
e
Alask
s
"
}
lg
{
"
Ora
e
Alask
s
"
}
ls
{
"
Ora
standarde
e
Alask
s
"
}
}
"
meta
:
Almaty
"
{
ld
{
"
Ora
verore
e
Almatit
"
}
lg
{
"
Ora
e
Almatit
"
}
ls
{
"
Ora
standarde
e
Almatit
"
}
}
"
meta
:
Amazon
"
{
ld
{
"
Ora
verore
e
Amazon
s
"
}
lg
{
"
Ora
e
Amazon
s
"
}
ls
{
"
Ora
standarde
e
Amazon
s
"
}
}
"
meta
:
America_Central
"
{
ld
{
"
Ora
verore
e
SHBA
-
s
Qendrore
"
}
lg
{
"
Ora
e
SHBA
-
s
Qendrore
"
}
ls
{
"
Ora
standarde
e
SHBA
-
s
Qendrore
"
}
}
"
meta
:
America_Eastern
"
{
ld
{
"
Ora
verore
e
SHBA
-
s
Lindore
"
}
lg
{
"
Ora
e
SHBA
-
s
Lindore
"
}
ls
{
"
Ora
standarde
e
SHBA
-
s
Lindore
"
}
}
"
meta
:
America_Mountain
"
{
ld
{
"
Ora
verore
e
Territoreve
Amerikane
t
Brezit
Malor
"
}
lg
{
"
Ora
e
Territoreve
Amerikane
t
Brezit
Malor
"
}
ls
{
"
Ora
standarde
e
Territoreve
Amerikane
t
Brezit
Malor
"
}
}
"
meta
:
America_Pacific
"
{
ld
{
"
Ora
verore
e
Territoreve
Amerikane
t
Bregut
t
Paq
sorit
"
}
lg
{
"
Ora
e
Territoreve
Amerikane
t
Bregut
t
Paq
sorit
"
}
ls
{
"
Ora
standarde
e
Territoreve
Amerikane
t
Bregut
t
Paq
sorit
"
}
}
"
meta
:
Anadyr
"
{
ld
{
"
Ora
verore
e
Anadirit
"
}
lg
{
"
Ora
e
Anadirit
"
}
ls
{
"
Ora
standarde
e
Anadirit
"
}
}
"
meta
:
Apia
"
{
ld
{
"
Ora
verore
e
Apias
"
}
lg
{
"
Ora
e
Apias
"
}
ls
{
"
Ora
standarde
e
Apias
"
}
}
"
meta
:
Aqtau
"
{
ld
{
"
Ora
verore
e
Aktaut
"
}
lg
{
"
Ora
e
Aktaut
"
}
ls
{
"
Ora
standarde
e
Aktaut
"
}
}
"
meta
:
Aqtobe
"
{
ld
{
"
Ora
verore
e
Aktobit
"
}
lg
{
"
Ora
e
Aktobit
"
}
ls
{
"
Ora
standarde
e
Aktobit
"
}
}
"
meta
:
Arabian
"
{
ld
{
"
Ora
verore
arabe
"
}
lg
{
"
Ora
arabe
"
}
ls
{
"
Ora
standarde
arabe
"
}
}
"
meta
:
Argentina
"
{
ld
{
"
Ora
verore
e
Argjentin
s
"
}
lg
{
"
Ora
e
Argjentin
s
"
}
ls
{
"
Ora
standarde
e
Argjentin
s
"
}
}
"
meta
:
Argentina_Western
"
{
ld
{
"
Ora
verore
e
Argjentin
s
Per
ndimore
"
}
lg
{
"
Ora
e
Argjentin
s
Per
ndimore
"
}
ls
{
"
Ora
standarde
e
Argjentin
s
Per
ndimore
"
}
}
"
meta
:
Armenia
"
{
ld
{
"
Ora
verore
e
Armenis
"
}
lg
{
"
Ora
e
Armenis
"
}
ls
{
"
Ora
standarde
e
Armenis
"
}
}
"
meta
:
Atlantic
"
{
ld
{
"
Ora
verore
e
Atlantikut
"
}
lg
{
"
Ora
e
Atlantikut
"
}
ls
{
"
Ora
standarde
e
Atlantikut
"
}
}
"
meta
:
Australia_Central
"
{
ld
{
"
Ora
verore
e
Australis
Qendrore
"
}
lg
{
"
Ora
e
Australis
Qendrore
"
}
ls
{
"
Ora
standarde
e
Australis
Qendrore
"
}
}
"
meta
:
Australia_CentralWestern
"
{
ld
{
"
Ora
verore
e
Australis
Qendroro
-
Per
ndimore
"
}
lg
{
"
Ora
e
Australis
Qendroro
-
Per
ndimore
"
}
ls
{
"
Ora
standarde
e
Australis
Qendroro
-
Per
ndimore
"
}
}
"
meta
:
Australia_Eastern
"
{
ld
{
"
Ora
verore
e
Australis
Lindore
"
}
lg
{
"
Ora
e
Australis
Lindore
"
}
ls
{
"
Ora
standarde
e
Australis
Lindore
"
}
}
"
meta
:
Australia_Western
"
{
ld
{
"
Ora
verore
e
Australis
Per
ndimore
"
}
lg
{
"
Ora
e
Australis
Per
ndimore
"
}
ls
{
"
Ora
standarde
e
Australis
Per
ndimore
"
}
}
"
meta
:
Azerbaijan
"
{
ld
{
"
Ora
verore
e
Azerbajxhanit
"
}
lg
{
"
Ora
e
Azerbajxhanit
"
}
ls
{
"
Ora
standarde
e
Azerbajxhanit
"
}
}
"
meta
:
Azores
"
{
ld
{
"
Ora
verore
e
Azoreve
"
}
lg
{
"
Ora
e
Azoreve
"
}
ls
{
"
Ora
standarde
e
Azoreve
"
}
}
"
meta
:
Bangladesh
"
{
ld
{
"
Ora
verore
e
Bangladeshit
"
}
lg
{
"
Ora
e
Bangladeshit
"
}
ls
{
"
Ora
standarde
e
Bangladeshit
"
}
}
"
meta
:
Bhutan
"
{
ls
{
"
Ora
e
Butanit
"
}
}
"
meta
:
Bolivia
"
{
ls
{
"
Ora
e
Bolivis
"
}
}
"
meta
:
Brasilia
"
{
ld
{
"
Ora
verore
e
Brazilis
"
}
lg
{
"
Ora
e
Brazilis
"
}
ls
{
"
Ora
standarde
e
Brazilis
"
}
}
"
meta
:
Brunei
"
{
ls
{
"
Ora
e
Brunei
-
Durasalamit
"
}
}
"
meta
:
Cape_Verde
"
{
ld
{
"
Ora
verore
e
Kepit
t
Gjelb
r
"
}
lg
{
"
Ora
e
Kepit
t
Gjelb
r
"
}
ls
{
"
Ora
standarde
e
Kepit
t
Gjelb
r
"
}
}
"
meta
:
Casey
"
{
ls
{
"
Ora
e
Kejsit
"
}
}
"
meta
:
Chamorro
"
{
ls
{
"
Ora
e
Kamorros
"
}
}
"
meta
:
Chatham
"
{
ld
{
"
Ora
verore
e
Katamit
"
}
lg
{
"
Ora
e
Katamit
"
}
ls
{
"
Ora
standarde
e
Katamit
"
}
}
"
meta
:
Chile
"
{
ld
{
"
Ora
verore
e
Kilit
"
}
lg
{
"
Ora
e
Kilit
"
}
ls
{
"
Ora
standarde
e
Kilit
"
}
}
"
meta
:
China
"
{
ld
{
"
Ora
verore
e
Kin
s
"
}
lg
{
"
Ora
e
Kin
s
"
}
ls
{
"
Ora
standarde
e
Kin
s
"
}
}
"
meta
:
Christmas
"
{
ls
{
"
Ora
e
Ishullit
t
Krishtlindjeve
"
}
}
"
meta
:
Cocos
"
{
ls
{
"
Ora
e
Ishujve
Kokos
"
}
}
"
meta
:
Colombia
"
{
ld
{
"
Ora
verore
e
Kolumbis
"
}
lg
{
"
Ora
e
Kolumbis
"
}
ls
{
"
Ora
standarde
e
Kolumbis
"
}
}
"
meta
:
Cook
"
{
ld
{
"
Ora
verore
e
Ishujve
Kuk
"
}
lg
{
"
Ora
e
Ishujve
Kuk
"
}
ls
{
"
Ora
standarde
e
Ishujve
Kuk
"
}
}
"
meta
:
Cuba
"
{
ld
{
"
Ora
verore
e
Kub
s
"
}
lg
{
"
Ora
e
Kub
s
"
}
ls
{
"
Ora
standarde
e
Kub
s
"
}
}
"
meta
:
Davis
"
{
ls
{
"
Ora
e
Dejvisit
"
}
}
"
meta
:
DumontDUrville
"
{
ls
{
"
Ora
e
Dumont
-
d
Urvil
s
"
}
}
"
meta
:
East_Timor
"
{
ls
{
"
Ora
e
Timorit
Lindor
"
}
}
"
meta
:
Easter
"
{
ld
{
"
Ora
verore
e
Ishullit
t
Pashk
s
"
}
lg
{
"
Ora
e
Ishullit
t
Pashk
s
"
}
ls
{
"
Ora
standarde
e
Ishullit
t
Pashk
s
"
}
}
"
meta
:
Ecuador
"
{
ls
{
"
Ora
e
Ekuadorit
"
}
}
"
meta
:
Europe_Central
"
{
ld
{
"
Ora
verore
e
Evrop
s
Qendrore
"
}
lg
{
"
Ora
e
Evrop
s
Qendrore
"
}
ls
{
"
Ora
standarde
e
Evrop
s
Qendrore
"
}
}
"
meta
:
Europe_Eastern
"
{
ld
{
"
Ora
verore
e
Evrop
s
Lindore
"
}
lg
{
"
Ora
e
Evrop
s
Lindore
"
}
ls
{
"
Ora
standarde
e
Evrop
s
Lindore
"
}
}
"
meta
:
Europe_Further_Eastern
"
{
ls
{
"
Ora
e
Evrop
s
s
Larg
t
Lindore
"
}
}
"
meta
:
Europe_Western
"
{
ld
{
"
Ora
verore
e
Evrop
s
Per
ndimore
"
}
lg
{
"
Ora
e
Evrop
s
Per
ndimore
"
}
ls
{
"
Ora
standarde
e
Evrop
s
Per
ndimore
"
}
}
"
meta
:
Falkland
"
{
ld
{
"
Ora
verore
e
Ishujve
Falkland
"
}
lg
{
"
Ora
e
Ishujve
Falkland
"
}
ls
{
"
Ora
standarde
e
Ishujve
Falkland
"
}
}
"
meta
:
Fiji
"
{
ld
{
"
Ora
verore
e
Fixhit
"
}
lg
{
"
Ora
e
Fixhit
"
}
ls
{
"
Ora
standarde
e
Fixhit
"
}
}
"
meta
:
French_Guiana
"
{
ls
{
"
Ora
e
Guajan
s
Franceze
"
}
}
"
meta
:
French_Southern
"
{
ls
{
"
Ora
e
Territoreve
Jugore
dhe
Antarktike
Franceze
"
}
}
"
meta
:
GMT
"
{
ls
{
"
Ora
e
Grinui
it
"
}
}
"
meta
:
Galapagos
"
{
ls
{
"
Ora
e
Galapagosit
"
}
}
"
meta
:
Gambier
"
{
ls
{
"
Ora
e
Gambierit
"
}
}
"
meta
:
Georgia
"
{
ld
{
"
Ora
verore
e
Gjeorgjis
"
}
lg
{
"
Ora
e
Gjeorgjis
"
}
ls
{
"
Ora
standarde
e
Gjeorgjis
"
}
}
"
meta
:
Gilbert_Islands
"
{
ls
{
"
Ora
e
Ishujve
Gilbert
"
}
}
"
meta
:
Greenland_Eastern
"
{
ld
{
"
Ora
verore
e
Grenland
s
Lindore
"
}
lg
{
"
Ora
e
Grenland
s
Lindore
"
}
ls
{
"
Ora
standarde
e
Grenland
s
Lindore
"
}
}
"
meta
:
Greenland_Western
"
{
ld
{
"
Ora
verore
e
Gr
nland
s
Per
ndimore
"
}
lg
{
"
Ora
e
Gr
nland
s
Per
ndimore
"
}
ls
{
"
Ora
standarde
e
Gr
nland
s
Per
ndimore
"
}
}
"
meta
:
Guam
"
{
ls
{
"
Ora
e
Guamit
"
}
}
"
meta
:
Gulf
"
{
ls
{
"
Ora
e
Gjirit
"
}
}
"
meta
:
Guyana
"
{
ls
{
"
Ora
e
Guajan
s
"
}
}
"
meta
:
Hawaii_Aleutian
"
{
ld
{
"
Ora
verore
e
Ishujve
Hauai
-
Aleutian
"
}
lg
{
"
Ora
e
Ishujve
Hauai
-
Aleutian
"
}
ls
{
"
Ora
standarde
e
Ishujve
Hauai
-
Aleutian
"
}
}
"
meta
:
Hong_Kong
"
{
ld
{
"
Ora
verore
e
Hong
-
Kongut
"
}
lg
{
"
Ora
e
Hong
-
Kongut
"
}
ls
{
"
Ora
standarde
e
Hong
-
Kongut
"
}
}
"
meta
:
Hovd
"
{
ld
{
"
Ora
verore
e
Hovdit
"
}
lg
{
"
Ora
e
Hovdit
"
}
ls
{
"
Ora
standarde
e
Hovdit
"
}
}
"
meta
:
India
"
{
ls
{
"
Ora
standarde
e
Indis
"
}
}
"
meta
:
Indian_Ocean
"
{
ls
{
"
Ora
e
Oqeanit
Indian
"
}
}
"
meta
:
Indochina
"
{
ls
{
"
Ora
e
Indokin
s
"
}
}
"
meta
:
Indonesia_Central
"
{
ls
{
"
Ora
e
Indonezis
Qendrore
"
}
}
"
meta
:
Indonesia_Eastern
"
{
ls
{
"
Ora
e
Indonezis
Lindore
"
}
}
"
meta
:
Indonesia_Western
"
{
ls
{
"
Ora
e
Indonezis
Per
ndimore
"
}
}
"
meta
:
Iran
"
{
ld
{
"
Ora
verore
e
Iranit
"
}
lg
{
"
Ora
e
Iranit
"
}
ls
{
"
Ora
standarde
e
Iranit
"
}
}
"
meta
:
Irkutsk
"
{
ld
{
"
Ora
verore
e
Irkutskut
"
}
lg
{
"
Ora
e
Irkutskut
"
}
ls
{
"
Ora
standarde
e
Irkutskut
"
}
}
"
meta
:
Israel
"
{
ld
{
"
Ora
verore
e
Izraelit
"
}
lg
{
"
Ora
e
Izraelit
"
}
ls
{
"
Ora
standarde
e
Izraelit
"
}
}
"
meta
:
Japan
"
{
ld
{
"
Ora
verore
e
Japonis
"
}
lg
{
"
Ora
e
Japonis
"
}
ls
{
"
Ora
standarde
e
Japonis
"
}
}
"
meta
:
Kamchatka
"
{
ld
{
"
Ora
verore
e
Petropavllovsk
-
Kam
atk
s
"
}
lg
{
"
Ora
e
Petropavllovsk
-
Kam
atk
s
"
}
ls
{
"
Ora
standarde
e
Petropavllovsk
-
Kam
atk
s
"
}
}
"
meta
:
Kazakhstan
"
{
ls
{
"
Ora
e
Kazakistanit
"
}
}
"
meta
:
Kazakhstan_Eastern
"
{
ls
{
"
Ora
e
Kazakistanit
Lindor
"
}
}
"
meta
:
Kazakhstan_Western
"
{
ls
{
"
Ora
e
Kazakistanit
Per
ndimor
"
}
}
"
meta
:
Korea
"
{
ld
{
"
Ora
verore
koreane
"
}
lg
{
"
Ora
koreane
"
}
ls
{
"
Ora
standarde
koreane
"
}
}
"
meta
:
Kosrae
"
{
ls
{
"
Ora
e
Kosr
s
"
}
}
"
meta
:
Krasnoyarsk
"
{
ld
{
"
Ora
verore
e
Krasnojarskut
"
}
lg
{
"
Ora
e
Krasnojarskut
"
}
ls
{
"
Ora
standarde
e
Krasnojarskut
"
}
}
"
meta
:
Kyrgystan
"
{
ls
{
"
Ora
e
Kirgizis
"
}
}
"
meta
:
Lanka
"
{
ls
{
"
Ora
e
Lankas
"
}
}
"
meta
:
Line_Islands
"
{
ls
{
"
Ora
e
Ishujve
Sporadik
Ekuatorial
"
}
}
"
meta
:
Lord_Howe
"
{
ld
{
"
Ora
verore
e
Lord
-
Houit
"
}
lg
{
"
Ora
e
Lord
-
Houit
"
}
ls
{
"
Ora
standarde
e
Lord
-
Houit
"
}
}
"
meta
:
Macau
"
{
ld
{
"
Ora
verore
e
Makaos
"
}
lg
{
"
Ora
e
Makaos
"
}
ls
{
"
Ora
standarde
e
Makaos
"
}
}
"
meta
:
Magadan
"
{
ld
{
"
Ora
verore
e
Magadanit
"
}
lg
{
"
Ora
e
Magadanit
"
}
ls
{
"
Ora
standarde
e
Magadanit
"
}
}
"
meta
:
Malaysia
"
{
ls
{
"
Ora
e
Malajzis
"
}
}
"
meta
:
Maldives
"
{
ls
{
"
Ora
e
Maldiveve
"
}
}
"
meta
:
Marquesas
"
{
ls
{
"
Ora
e
Ishujve
Markez
"
}
}
"
meta
:
Marshall_Islands
"
{
ls
{
"
Ora
e
Ishujve
Marshall
"
}
}
"
meta
:
Mauritius
"
{
ld
{
"
Ora
verore
e
Mauritiusit
"
}
lg
{
"
Ora
e
Mauritiusit
"
}
ls
{
"
Ora
standarde
e
Mauritiusit
"
}
}
"
meta
:
Mawson
"
{
ls
{
"
Ora
e
Mausonit
"
}
}
"
meta
:
Mexico_Pacific
"
{
ld
{
"
Ora
verore
e
Territoreve
Meksikane
t
Bregut
t
Paq
sorit
"
}
lg
{
"
Ora
e
Territoreve
Meksikane
t
Bregut
t
Paq
sorit
"
}
ls
{
"
Ora
standarde
e
Territoreve
Meksikane
t
Bregut
t
Paq
sorit
"
}
}
"
meta
:
Mongolia
"
{
ld
{
"
Ora
verore
e
Ulan
-
Batorit
"
}
lg
{
"
Ora
e
Ulan
-
Batorit
"
}
ls
{
"
Ora
standarde
e
Ulan
-
Batorit
"
}
}
"
meta
:
Moscow
"
{
ld
{
"
Ora
verore
e
Mosk
s
"
}
lg
{
"
Ora
e
Mosk
s
"
}
ls
{
"
Ora
standarde
e
Mosk
s
"
}
}
"
meta
:
Myanmar
"
{
ls
{
"
Ora
e
Mianmarit
"
}
}
"
meta
:
Nauru
"
{
ls
{
"
Ora
e
Naurus
"
}
}
"
meta
:
Nepal
"
{
ls
{
"
Ora
e
Nepalit
"
}
}
"
meta
:
New_Caledonia
"
{
ld
{
"
Ora
verore
e
Kaledonis
s
Re
"
}
lg
{
"
Ora
e
Kaledonis
s
Re
"
}
ls
{
"
Ora
standarde
e
Kaledonis
s
Re
"
}
}
"
meta
:
New_Zealand
"
{
ld
{
"
Ora
verore
e
Zeland
s
s
Re
"
}
lg
{
"
Ora
e
Zeland
s
s
Re
"
}
ls
{
"
Ora
standarde
e
Zeland
s
s
Re
"
}
}
"
meta
:
Newfoundland
"
{
ld
{
"
Ora
verore
e
Njufaundlendit
[
Tok
s
s
Re
]
"
}
lg
{
"
Ora
e
Njufaundlendit
[
Tok
s
s
Re
]
"
}
ls
{
"
Ora
standarde
e
Njufaundlendit
[
Tok
s
s
Re
]
"
}
}
"
meta
:
Niue
"
{
ls
{
"
Ora
e
Niues
"
}
}
"
meta
:
Norfolk
"
{
ld
{
"
Ora
verore
e
Ishullit
Norfolk
"
}
lg
{
"
Ora
e
Ishullit
Norfolk
"
}
ls
{
"
Ora
standarde
e
Ishullit
Norfolk
"
}
}
"
meta
:
Noronha
"
{
ld
{
"
Ora
verore
e
Fernando
-
de
-
Noronj
s
"
}
lg
{
"
Ora
e
Fernando
-
de
-
Noronj
s
"
}
ls
{
"
Ora
standarde
e
Fernando
-
de
-
Noronj
s
"
}
}
"
meta
:
North_Mariana
"
{
ls
{
"
Ora
e
Ishujve
t
Marian
s
s
Veriut
"
}
}
"
meta
:
Novosibirsk
"
{
ld
{
"
Ora
verore
e
Novosibirskut
"
}
lg
{
"
Ora
e
Novosibirskut
"
}
ls
{
"
Ora
standarde
e
Novosibirskut
"
}
}
"
meta
:
Omsk
"
{
ld
{
"
Ora
verore
e
Omskut
"
}
lg
{
"
Ora
e
Omskut
"
}
ls
{
"
Ora
standarde
e
Omskut
"
}
}
"
meta
:
Pakistan
"
{
ld
{
"
Ora
verore
e
Pakistanit
"
}
lg
{
"
Ora
e
Pakistanit
"
}
ls
{
"
Ora
standarde
e
Pakistanit
"
}
}
"
meta
:
Palau
"
{
ls
{
"
Ora
e
Palaut
"
}
}
"
meta
:
Papua_New_Guinea
"
{
ls
{
"
Ora
e
Guines
s
Re
-
Papua
"
}
}
"
meta
:
Paraguay
"
{
ld
{
"
Ora
Verore
e
Paraguait
"
}
lg
{
"
Ora
e
Paraguait
"
}
ls
{
"
Ora
standarde
e
Paraguait
"
}
}
"
meta
:
Peru
"
{
ld
{
"
Ora
verore
e
Perus
"
}
lg
{
"
Ora
e
Perus
"
}
ls
{
"
Ora
standarde
e
Perus
"
}
}
"
meta
:
Philippines
"
{
ld
{
"
Ora
verore
e
Filipineve
"
}
lg
{
"
Ora
e
Filipineve
"
}
ls
{
"
Ora
standarde
e
Filipineve
"
}
}
"
meta
:
Phoenix_Islands
"
{
ls
{
"
Ora
e
Ishujve
Feniks
"
}
}
"
meta
:
Pierre_Miquelon
"
{
ld
{
"
Ora
verore
e
Sh
n
-
Pier
dhe
Mikelon
"
}
lg
{
"
Ora
e
Sh
n
-
Pier
dhe
Mikelon
"
}
ls
{
"
Ora
standarde
e
Sh
n
-
Pier
dhe
Mikelon
"
}
}
"
meta
:
Pitcairn
"
{
ls
{
"
Ora
e
Pitkernit
"
}
}
"
meta
:
Ponape
"
{
ls
{
"
Ora
e
Ponapeit
"
}
}
"
meta
:
Pyongyang
"
{
ls
{
"
Ora
e
Penianit
"
}
}
"
meta
:
Qyzylorda
"
{
ld
{
"
Ora
verore
e
Kizilordit
"
}
lg
{
"
Ora
e
Kizilordit
"
}
ls
{
"
Ora
standarde
e
Kizilordit
"
}
}
"
meta
:
Reunion
"
{
ls
{
"
Ora
e
Reunionit
"
}
}
"
meta
:
Rothera
"
{
ls
{
"
Ora
e
Rodher
s
"
}
}
"
meta
:
Sakhalin
"
{
ld
{
"
Ora
verore
e
Sakalinit
"
}
lg
{
"
Ora
e
Sakalinit
"
}
ls
{
"
Ora
standarde
e
Sakalinit
"
}
}
"
meta
:
Samara
"
{
ld
{
"
Ora
verore
e
Samar
s
"
}
lg
{
"
Ora
e
Samar
s
"
}
ls
{
"
Ora
standarde
e
Samar
s
"
}
}
"
meta
:
Samoa
"
{
ld
{
"
Ora
verore
e
Samoas
"
}
lg
{
"
Ora
e
Samoas
"
}
ls
{
"
Ora
standarde
e
Samoas
"
}
}
"
meta
:
Seychelles
"
{
ls
{
"
Ora
e
Sejshelleve
"
}
}
"
meta
:
Singapore
"
{
ls
{
"
Ora
e
Singaporit
"
}
}
"
meta
:
Solomon
"
{
ls
{
"
Ora
e
Ishujve
Solomon
"
}
}
"
meta
:
South_Georgia
"
{
ls
{
"
Ora
e
Xhorxhas
t
Jugut
"
}
}
"
meta
:
Suriname
"
{
ls
{
"
Ora
e
Surinamit
"
}
}
"
meta
:
Syowa
"
{
ls
{
"
Ora
e
Sjouit
"
}
}
"
meta
:
Tahiti
"
{
ls
{
"
Ora
e
Tahitit
"
}
}
"
meta
:
Taipei
"
{
ld
{
"
Ora
verore
e
Tajpeit
"
}
lg
{
"
Ora
e
Tajpeit
"
}
ls
{
"
Ora
standarde
e
Tajpeit
"
}
}
"
meta
:
Tajikistan
"
{
ls
{
"
Ora
e
Taxhikistanit
"
}
}
"
meta
:
Tokelau
"
{
ls
{
"
Ora
e
Tokelaut
"
}
}
"
meta
:
Tonga
"
{
ld
{
"
Ora
verore
e
Tong
s
"
}
lg
{
"
Ora
e
Tong
s
"
}
ls
{
"
Ora
standarde
e
Tong
s
"
}
}
"
meta
:
Truk
"
{
ls
{
"
Ora
e
ukut
"
}
}
"
meta
:
Turkmenistan
"
{
ld
{
"
Ora
verore
e
Turkmenistanit
"
}
lg
{
"
Ora
e
Turkmenistanit
"
}
ls
{
"
Ora
standarde
e
Turkmenistanit
"
}
}
"
meta
:
Tuvalu
"
{
ls
{
"
Ora
e
Tuvalus
"
}
}
"
meta
:
Uruguay
"
{
ld
{
"
Ora
verore
e
Uruguait
"
}
lg
{
"
Ora
e
Uruguait
"
}
ls
{
"
Ora
standarde
e
Uruguait
"
}
}
"
meta
:
Uzbekistan
"
{
ld
{
"
Ora
verore
e
Uzbekistanit
"
}
lg
{
"
Ora
e
Uzbekistanit
"
}
ls
{
"
Ora
standarde
e
Uzbekistanit
"
}
}
"
meta
:
Vanuatu
"
{
ld
{
"
Ora
verore
e
Vanuatus
"
}
lg
{
"
Ora
e
Vanuatus
"
}
ls
{
"
Ora
standarde
e
Vanuatus
"
}
}
"
meta
:
Venezuela
"
{
ls
{
"
Ora
e
Venezuel
s
"
}
}
"
meta
:
Vladivostok
"
{
ld
{
"
Ora
verore
e
Vladivostokut
"
}
lg
{
"
Ora
e
Vladivostokut
"
}
ls
{
"
Ora
standarde
e
Vladivostokut
"
}
}
"
meta
:
Volgograd
"
{
ld
{
"
Ora
verore
e
Volgogradit
"
}
lg
{
"
Ora
e
Volgogradit
"
}
ls
{
"
Ora
standarde
e
Volgogradit
"
}
}
"
meta
:
Vostok
"
{
ls
{
"
Ora
e
Vostokut
"
}
}
"
meta
:
Wake
"
{
ls
{
"
Ora
e
Ishullit
Uejk
"
}
}
"
meta
:
Wallis
"
{
ls
{
"
Ora
e
Uollisit
dhe
Futun
s
"
}
}
"
meta
:
Yakutsk
"
{
ld
{
"
Ora
verore
e
Jakutskut
"
}
lg
{
"
Ora
e
Jakutskut
"
}
ls
{
"
Ora
standarde
e
Jakutskut
"
}
}
"
meta
:
Yekaterinburg
"
{
ld
{
"
Ora
verore
e
Ekaterinburgut
"
}
lg
{
"
Ora
e
Ekaterinburgut
"
}
ls
{
"
Ora
standarde
e
Ekaterinburgut
"
}
}
"
meta
:
Yukon
"
{
ls
{
"
Ora
e
Jukonit
"
}
}
regionFormat
{
"
Ora
:
{
0
}
"
}
regionFormatDaylight
{
"
Ora
verore
:
{
0
}
"
}
regionFormatStandard
{
"
Ora
standarde
:
{
0
}
"
}
}
}
