/
/
*
*
*
*
*
*
*
*
*
*
*
*
*
*
*
*
*
*
*
*
*
*
*
*
*
*
*
*
*
*
*
*
*
*
*
*
*
*
*
*
*
*
*
*
*
*
*
*
*
*
*
*
*
*
*
*
*
*
*
*
*
*
*
*
*
*
*
*
*
*
*
*
*
*
*
/
/
*
/
/
*
Copyright
(
C
)
2013
International
Business
Machines
/
/
*
Corporation
and
others
.
All
Rights
Reserved
.
/
/
*
Tool
:
org
.
unicode
.
cldr
.
icu
.
NewLdml2IcuConverter
/
/
*
Source
File
:
<
path
>
/
common
/
main
/
sr_Latn
.
xml
/
/
*
/
/
*
*
*
*
*
*
*
*
*
*
*
*
*
*
*
*
*
*
*
*
*
*
*
*
*
*
*
*
*
*
*
*
*
*
*
*
*
*
*
*
*
*
*
*
*
*
*
*
*
*
*
*
*
*
*
*
*
*
*
*
*
*
*
*
*
*
*
*
*
*
*
*
*
*
*
/
*
*
*
ICU
<
specials
>
source
:
<
path
>
/
common
/
main
/
sr_Latn
.
xml
*
/
sr_Latn
{
%
%
Parent
{
"
root
"
}
Version
{
"
2
.
0
.
92
.
87
"
}
zoneStrings
{
"
Africa
:
Abidjan
"
{
ec
{
"
Abid
an
"
}
}
"
Africa
:
Accra
"
{
ec
{
"
Akra
"
}
}
"
Africa
:
Addis_Ababa
"
{
ec
{
"
Adis
Abeba
"
}
}
"
Africa
:
Algiers
"
{
ec
{
"
al
irsko
"
}
}
"
Africa
:
Asmera
"
{
ec
{
"
Asmera
"
}
}
"
Africa
:
Banjul
"
{
ec
{
"
Ban
ul
"
}
}
"
Africa
:
Bissau
"
{
ec
{
"
Bisao
"
}
}
"
Africa
:
Blantyre
"
{
ec
{
"
Blantir
"
}
}
"
Africa
:
Brazzaville
"
{
ec
{
"
Brazavil
"
}
}
"
Africa
:
Bujumbura
"
{
ec
{
"
Bud
umbura
"
}
}
"
Africa
:
Cairo
"
{
ec
{
"
Kairo
"
}
}
"
Africa
:
Casablanca
"
{
ec
{
"
Kazablanka
"
}
}
"
Africa
:
Ceuta
"
{
ec
{
"
Seuta
"
}
}
"
Africa
:
Conakry
"
{
ec
{
"
Konakri
"
}
}
"
Africa
:
Dar_es_Salaam
"
{
ec
{
"
Dar
-
es
-
Salam
"
}
}
"
Africa
:
Djibouti
"
{
ec
{
"
D
ibuti
"
}
}
"
Africa
:
Douala
"
{
ec
{
"
Duala
"
}
}
"
Africa
:
El_Aaiun
"
{
ec
{
"
El
Ajun
"
}
}
"
Africa
:
Freetown
"
{
ec
{
"
Fritaun
"
}
}
"
Africa
:
Gaborone
"
{
ec
{
"
Gaboron
"
}
}
"
Africa
:
Johannesburg
"
{
ec
{
"
Johanesburg
"
}
}
"
Africa
:
Juba
"
{
ec
{
"
D
uba
"
}
}
"
Africa
:
Khartoum
"
{
ec
{
"
Kartum
"
}
}
"
Africa
:
Kinshasa
"
{
ec
{
"
Kin
asa
"
}
}
"
Africa
:
Libreville
"
{
ec
{
"
Librevil
"
}
}
"
Africa
:
Lubumbashi
"
{
ec
{
"
Lumumba
i
"
}
}
"
Africa
:
Mogadishu
"
{
ec
{
"
Mogadi
"
}
}
"
Africa
:
Monrovia
"
{
ec
{
"
Monrovija
"
}
}
"
Africa
:
Nairobi
"
{
ec
{
"
Najrobi
"
}
}
"
Africa
:
Ndjamena
"
{
ec
{
"
Nd
amena
"
}
}
"
Africa
:
Niamey
"
{
ec
{
"
Nijamej
"
}
}
"
Africa
:
Nouakchott
"
{
ec
{
"
Navak
ut
"
}
}
"
Africa
:
Ouagadougou
"
{
ec
{
"
Uagadugu
"
}
}
"
Africa
:
Porto
-
Novo
"
{
ec
{
"
Porto
Novo
"
}
}
"
Africa
:
Tunis
"
{
ec
{
"
tuni
ansko
"
}
}
"
Africa
:
Windhoek
"
{
ec
{
"
Vindhuk
"
}
}
"
America
:
Anchorage
"
{
ec
{
"
Enkorid
"
}
}
"
America
:
Anguilla
"
{
ec
{
"
Angvila
"
}
}
"
America
:
Antigua
"
{
ec
{
"
Antigva
"
}
}
"
America
:
Araguaina
"
{
ec
{
"
Aragvajana
"
}
}
"
America
:
Argentina
:
Rio_Gallegos
"
{
ec
{
"
Rio
Gelegos
"
}
}
"
America
:
Argentina
:
San_Juan
"
{
ec
{
"
San
Huan
"
}
}
"
America
:
Argentina
:
San_Luis
"
{
ec
{
"
San
Lui
"
}
}
"
America
:
Argentina
:
Tucuman
"
{
ec
{
"
Tukuman
"
}
}
"
America
:
Argentina
:
Ushuaia
"
{
ec
{
"
U
uaija
"
}
}
"
America
:
Asuncion
"
{
ec
{
"
Asunsion
"
}
}
"
America
:
Bahia_Banderas
"
{
ec
{
"
Baija
Banderas
"
}
}
"
America
:
Blanc
-
Sablon
"
{
ec
{
"
Blank
-
Sejblon
"
}
}
"
America
:
Boise
"
{
ec
{
"
Bojzi
"
}
}
"
America
:
Cambridge_Bay
"
{
ec
{
"
Kembrid
Bej
"
}
}
"
America
:
Campo_Grande
"
{
ec
{
"
Kampo
Grande
"
}
}
"
America
:
Cancun
"
{
ec
{
"
Kankun
"
}
}
"
America
:
Caracas
"
{
ec
{
"
Karakas
"
}
}
"
America
:
Catamarca
"
{
ec
{
"
Katamarka
"
}
}
"
America
:
Cayenne
"
{
ec
{
"
Kajen
"
}
}
"
America
:
Cayman
"
{
ec
{
"
Kajmanska
ostrva
"
}
}
"
America
:
Chicago
"
{
ec
{
"
ikago
"
}
}
"
America
:
Chihuahua
"
{
ec
{
"
ihuahua
"
}
}
"
America
:
Coral_Harbour
"
{
ec
{
"
Koral
Harbur
"
}
}
"
America
:
Cordoba
"
{
ec
{
"
Kordoba
"
}
}
"
America
:
Costa_Rica
"
{
ec
{
"
Kostarika
"
}
}
"
America
:
Creston
"
{
ec
{
"
Kreston
"
}
}
"
America
:
Cuiaba
"
{
ec
{
"
Kuiaba
"
}
}
"
America
:
Curacao
"
{
ec
{
"
Kiraso
"
}
}
"
America
:
Danmarkshavn
"
{
ec
{
"
Danmarkshagen
"
}
}
"
America
:
Dawson
"
{
ec
{
"
Doson
"
}
}
"
America
:
Dawson_Creek
"
{
ec
{
"
Doson
Krik
"
}
}
"
America
:
Dominica
"
{
ec
{
"
Dominika
"
}
}
"
America
:
El_Salvador
"
{
ec
{
"
Salvador
"
}
}
"
America
:
Glace_Bay
"
{
ec
{
"
Glejs
Bej
"
}
}
"
America
:
Godthab
"
{
ec
{
"
Gothab
"
}
}
"
America
:
Goose_Bay
"
{
ec
{
"
Gus
Bej
"
}
}
"
America
:
Guadeloupe
"
{
ec
{
"
Gvadalupe
"
}
}
"
America
:
Guatemala
"
{
ec
{
"
Gvatemala
"
}
}
"
America
:
Guayaquil
"
{
ec
{
"
Gvajakil
"
}
}
"
America
:
Guyana
"
{
ec
{
"
Guana
"
}
}
"
America
:
Halifax
"
{
ec
{
"
Halifaks
"
}
}
"
America
:
Hermosillo
"
{
ec
{
"
Hermosiljo
"
}
}
"
America
:
Indiana
:
Knox
"
{
ec
{
"
Knoks
Indijana
"
}
}
"
America
:
Indiana
:
Marengo
"
{
ec
{
"
Marengo
Indijana
"
}
}
"
America
:
Indiana
:
Petersburg
"
{
ec
{
"
Petersburg
Indijana
"
}
}
"
America
:
Indiana
:
Tell_City
"
{
ec
{
"
Tel
Siti
"
}
}
"
America
:
Indiana
:
Vevay
"
{
ec
{
"
Vevaj
Indijana
"
}
}
"
America
:
Indiana
:
Vincennes
"
{
ec
{
"
Vincenes
Indijana
"
}
}
"
America
:
Indiana
:
Winamac
"
{
ec
{
"
Vinamak
Indijana
"
}
}
"
America
:
Iqaluit
"
{
ec
{
"
Ikvaluit
"
}
}
"
America
:
Jamaica
"
{
ec
{
"
Jamajka
"
}
}
"
America
:
Jujuy
"
{
ec
{
"
u
ui
"
}
}
"
America
:
Juneau
"
{
ec
{
"
uno
"
}
}
"
America
:
Kentucky
:
Monticello
"
{
ec
{
"
Monti
elo
Kentaki
"
}
}
"
America
:
Kralendijk
"
{
ec
{
"
Kralendajk
"
}
}
"
America
:
Los_Angeles
"
{
ec
{
"
Los
An
eles
"
}
}
"
America
:
Louisville
"
{
ec
{
"
Luivile
"
}
}
"
America
:
Lower_Princes
"
{
ec
{
"
Louer
Prinsiz
Kvorter
"
}
}
"
America
:
Maceio
"
{
ec
{
"
Masejo
"
}
}
"
America
:
Managua
"
{
ec
{
"
Managva
"
}
}
"
America
:
Marigot
"
{
ec
{
"
Marigo
"
}
}
"
America
:
Martinique
"
{
ec
{
"
Martinik
"
}
}
"
America
:
Menominee
"
{
ec
{
"
Menomini
"
}
}
"
America
:
Mexico_City
"
{
ec
{
"
Meksiko
Siti
"
}
}
"
America
:
Miquelon
"
{
ec
{
"
Mikelon
"
}
}
"
America
:
Moncton
"
{
ec
{
"
Monkton
"
}
}
"
America
:
Monterrey
"
{
ec
{
"
Monterej
"
}
}
"
America
:
Montserrat
"
{
ec
{
"
Montserat
"
}
}
"
America
:
Nassau
"
{
ec
{
"
Nasau
"
}
}
"
America
:
New_York
"
{
ec
{
"
Njujork
"
}
}
"
America
:
Nome
"
{
ec
{
"
Nom
"
}
}
"
America
:
Noronha
"
{
ec
{
"
Noronja
"
}
}
"
America
:
North_Dakota
:
Beulah
"
{
ec
{
"
Bijula
Severna
Dakota
"
}
}
"
America
:
North_Dakota
:
Center
"
{
ec
{
"
Centar
Severna
Dakota
"
}
}
"
America
:
North_Dakota
:
New_Salem
"
{
ec
{
"
Novi
Salem
Severna
Datkoa
"
}
}
"
America
:
Ojinaga
"
{
ec
{
"
Ohinaga
"
}
}
"
America
:
Paramaribo
"
{
ec
{
"
Paramirbo
"
}
}
"
America
:
Phoenix
"
{
ec
{
"
Feniks
"
}
}
"
America
:
Port
-
au
-
Prince
"
{
ec
{
"
Port
-
o
-
Prens
"
}
}
"
America
:
Port_of_Spain
"
{
ec
{
"
Port
of
Spejn
"
}
}
"
America
:
Porto_Velho
"
{
ec
{
"
Porto
Veljo
"
}
}
"
America
:
Puerto_Rico
"
{
ec
{
"
Porto
Riko
"
}
}
"
America
:
Rainy_River
"
{
ec
{
"
Rejni
River
"
}
}
"
America
:
Recife
"
{
ec
{
"
Resife
"
}
}
"
America
:
Resolute
"
{
ec
{
"
Resolut
"
}
}
"
America
:
Rio_Branco
"
{
ec
{
"
Rio
Branko
"
}
}
"
America
:
Santa_Isabel
"
{
ec
{
"
Santa
Izabel
"
}
}
"
America
:
Santiago
"
{
ec
{
"
Santijago
"
}
}
"
America
:
Sao_Paulo
"
{
ec
{
"
Sao
Paolo
"
}
}
"
America
:
Scoresbysund
"
{
ec
{
"
Skorezbisund
"
}
}
"
America
:
Shiprock
"
{
ec
{
"
iprok
"
}
}
"
America
:
St_Barthelemy
"
{
ec
{
"
Sv
.
Bartolomej
"
}
}
"
America
:
St_Johns
"
{
ec
{
"
Sv
.
D
on
"
}
}
"
America
:
St_Kitts
"
{
ec
{
"
Sent
Kits
"
}
}
"
America
:
St_Lucia
"
{
ec
{
"
Sv
.
Lucija
"
}
}
"
America
:
St_Thomas
"
{
ec
{
"
Sv
.
Toma
"
}
}
"
America
:
St_Vincent
"
{
ec
{
"
Sent
Vinsent
"
}
}
"
America
:
Swift_Current
"
{
ec
{
"
Svift
Kurent
"
}
}
"
America
:
Tegucigalpa
"
{
ec
{
"
Tegusigalpa
"
}
}
"
America
:
Thule
"
{
ec
{
"
Tule
"
}
}
"
America
:
Thunder_Bay
"
{
ec
{
"
Tander
Bej
"
}
}
"
America
:
Tijuana
"
{
ec
{
"
Tihuana
"
}
}
"
America
:
Vancouver
"
{
ec
{
"
Vankuver
"
}
}
"
America
:
Whitehorse
"
{
ec
{
"
Vajthors
"
}
}
"
America
:
Winnipeg
"
{
ec
{
"
Vinipeg
"
}
}
"
America
:
Yakutat
"
{
ec
{
"
Jakutat
"
}
}
"
America
:
Yellowknife
"
{
ec
{
"
Jelounajf
"
}
}
"
Antarctica
:
Casey
"
{
ec
{
"
Kasej
"
}
}
"
Antarctica
:
Davis
"
{
ec
{
"
Dejvis
"
}
}
"
Antarctica
:
DumontDUrville
"
{
ec
{
"
Dimon
d
Urvil
"
}
}
"
Antarctica
:
Macquarie
"
{
ec
{
"
Mekvori
"
}
}
"
Antarctica
:
Mawson
"
{
ec
{
"
Moson
"
}
}
"
Antarctica
:
McMurdo
"
{
ec
{
"
Makmurdo
"
}
}
"
Antarctica
:
Rothera
"
{
ec
{
"
Rotera
"
}
}
"
Antarctica
:
South_Pole
"
{
ec
{
"
Ju
ni
pol
"
}
}
"
Antarctica
:
Syowa
"
{
ec
{
"
ova
"
}
}
"
Arctic
:
Longyearbyen
"
{
ec
{
"
Longjerbjen
"
}
}
"
Asia
:
Almaty
"
{
ec
{
"
Almati
"
}
}
"
Asia
:
Amman
"
{
ec
{
"
Aman
"
}
}
"
Asia
:
Anadyr
"
{
ec
{
"
Anadir
"
}
}
"
Asia
:
Aqtau
"
{
ec
{
"
Aktau
"
}
}
"
Asia
:
Aqtobe
"
{
ec
{
"
Akutobe
"
}
}
"
Asia
:
Ashgabat
"
{
ec
{
"
A
habad
"
}
}
"
Asia
:
Baghdad
"
{
ec
{
"
Bagdad
"
}
}
"
Asia
:
Bahrain
"
{
ec
{
"
Bahrein
"
}
}
"
Asia
:
Bangkok
"
{
ec
{
"
Bankok
"
}
}
"
Asia
:
Beirut
"
{
ec
{
"
Bejrut
"
}
}
"
Asia
:
Bishkek
"
{
ec
{
"
Bi
kek
"
}
}
"
Asia
:
Brunei
"
{
ec
{
"
Bruneji
"
}
}
"
Asia
:
Calcutta
"
{
ec
{
"
Kalkuta
"
}
}
"
Asia
:
Choibalsan
"
{
ec
{
"
ojbalsan
"
}
}
"
Asia
:
Chongqing
"
{
ec
{
"
ongking
"
}
}
"
Asia
:
Colombo
"
{
ec
{
"
Kolombo
"
}
}
"
Asia
:
Damascus
"
{
ec
{
"
Damask
"
}
}
"
Asia
:
Dhaka
"
{
ec
{
"
Daka
"
}
}
"
Asia
:
Dushanbe
"
{
ec
{
"
Du
anbe
"
}
}
"
Asia
:
Irkutsk
"
{
ec
{
"
Irkuck
"
}
}
"
Asia
:
Jakarta
"
{
ec
{
"
D
akarta
"
}
}
"
Asia
:
Jayapura
"
{
ec
{
"
D
ajapura
"
}
}
"
Asia
:
Jerusalem
"
{
ec
{
"
Jerusalim
"
}
}
"
Asia
:
Kamchatka
"
{
ec
{
"
Kam
atka
"
}
}
"
Asia
:
Karachi
"
{
ec
{
"
Kara
i
"
}
}
"
Asia
:
Kashgar
"
{
ec
{
"
Ka
gar
"
}
}
"
Asia
:
Katmandu
"
{
ec
{
"
Katmandu
"
}
}
"
Asia
:
Khandyga
"
{
ec
{
"
Handiga
"
}
}
"
Asia
:
Krasnoyarsk
"
{
ec
{
"
Krasnojarsk
"
}
}
"
Asia
:
Kuching
"
{
ec
{
"
Ku
ing
"
}
}
"
Asia
:
Kuwait
"
{
ec
{
"
Kuvajt
"
}
}
"
Asia
:
Macau
"
{
ec
{
"
Makau
"
}
}
"
Asia
:
Makassar
"
{
ec
{
"
Makasar
"
}
}
"
Asia
:
Muscat
"
{
ec
{
"
Muskat
"
}
}
"
Asia
:
Nicosia
"
{
ec
{
"
Nikozija
"
}
}
"
Asia
:
Novokuznetsk
"
{
ec
{
"
Novokuznjeck
"
}
}
"
Asia
:
Phnom_Penh
"
{
ec
{
"
Pnom
Pen
"
}
}
"
Asia
:
Pyongyang
"
{
ec
{
"
Pjongjang
"
}
}
"
Asia
:
Qatar
"
{
ec
{
"
Katar
"
}
}
"
Asia
:
Qyzylorda
"
{
ec
{
"
Kizilorda
"
}
}
"
Asia
:
Rangoon
"
{
ec
{
"
Rangun
"
}
}
"
Asia
:
Riyadh
"
{
ec
{
"
Rijad
"
}
}
"
Asia
:
Saigon
"
{
ec
{
"
Ho
i
Min
"
}
}
"
Asia
:
Sakhalin
"
{
ec
{
"
Sahalin
"
}
}
"
Asia
:
Seoul
"
{
ec
{
"
Seul
"
}
}
"
Asia
:
Shanghai
"
{
ec
{
"
angaj
"
}
}
"
Asia
:
Singapore
"
{
ec
{
"
Singapur
"
}
}
"
Asia
:
Taipei
"
{
ec
{
"
Tajpej
"
}
}
"
Asia
:
Tashkent
"
{
ec
{
"
Ta
kent
"
}
}
"
Asia
:
Tehran
"
{
ec
{
"
Teheran
"
}
}
"
Asia
:
Thimphu
"
{
ec
{
"
Timpu
"
}
}
"
Asia
:
Tokyo
"
{
ec
{
"
Tokio
"
}
}
"
Asia
:
Ulaanbaatar
"
{
ec
{
"
Ulan
Bator
"
}
}
"
Asia
:
Urumqi
"
{
ec
{
"
Urumkvi
"
}
}
"
Asia
:
Vientiane
"
{
ec
{
"
Vijentijan
"
}
}
"
Asia
:
Yakutsk
"
{
ec
{
"
Jakutsk
"
}
}
"
Asia
:
Yekaterinburg
"
{
ec
{
"
Jekaterinburg
"
}
}
"
Asia
:
Yerevan
"
{
ec
{
"
Jerevan
"
}
}
"
Atlantic
:
Azores
"
{
ec
{
"
Azori
"
}
}
"
Atlantic
:
Canary
"
{
ec
{
"
Kanarska
ostrva
"
}
}
"
Atlantic
:
Cape_Verde
"
{
ec
{
"
Zelenortska
Ostrva
"
}
}
"
Atlantic
:
Faeroe
"
{
ec
{
"
Farska
ostrva
"
}
}
"
Atlantic
:
Madeira
"
{
ec
{
"
Madera
"
}
}
"
Atlantic
:
Reykjavik
"
{
ec
{
"
Rejkjavik
"
}
}
"
Atlantic
:
South_Georgia
"
{
ec
{
"
Ju
na
D
ord
ija
"
}
}
"
Atlantic
:
St_Helena
"
{
ec
{
"
Sv
.
Jelena
"
}
}
"
Atlantic
:
Stanley
"
{
ec
{
"
Stenli
"
}
}
"
Australia
:
Adelaide
"
{
ec
{
"
Adelaida
"
}
}
"
Australia
:
Brisbane
"
{
ec
{
"
Brizbejn
"
}
}
"
Australia
:
Broken_Hill
"
{
ec
{
"
Broken
Hil
"
}
}
"
Australia
:
Currie
"
{
ec
{
"
Kurie
"
}
}
"
Australia
:
Darwin
"
{
ec
{
"
Darvin
"
}
}
"
Australia
:
Eucla
"
{
ec
{
"
Iukla
"
}
}
"
Australia
:
Lord_Howe
"
{
ec
{
"
Lord
Hov
"
}
}
"
Australia
:
Melbourne
"
{
ec
{
"
Melburn
"
}
}
"
Australia
:
Perth
"
{
ec
{
"
Pert
"
}
}
"
Australia
:
Sydney
"
{
ec
{
"
Sidnej
"
}
}
"
Etc
:
Unknown
"
{
ec
{
"
Nepoznat
ili
neva
e
i
grad
"
}
}
"
Europe
:
Andorra
"
{
ec
{
"
Andora
"
}
}
"
Europe
:
Athens
"
{
ec
{
"
Atina
"
}
}
"
Europe
:
Belgrade
"
{
ec
{
"
Beograd
"
}
}
"
Europe
:
Brussels
"
{
ec
{
"
Brisel
"
}
}
"
Europe
:
Bucharest
"
{
ec
{
"
Bukure
t
"
}
}
"
Europe
:
Budapest
"
{
ec
{
"
Budimpe
ta
"
}
}
"
Europe
:
Busingen
"
{
ec
{
"
Bisingen
"
}
}
"
Europe
:
Chisinau
"
{
ec
{
"
Ki
injev
"
}
}
"
Europe
:
Copenhagen
"
{
ec
{
"
Kopenhagen
"
}
}
"
Europe
:
Dublin
"
{
ec
{
"
Dablin
"
}
ld
{
"
irsko
letnje
vreme
"
}
}
"
Europe
:
Guernsey
"
{
ec
{
"
Gernzi
"
}
}
"
Europe
:
Isle_of_Man
"
{
ec
{
"
Ostrvo
Man
"
}
}
"
Europe
:
Jersey
"
{
ec
{
"
D
ersi
"
}
}
"
Europe
:
Kiev
"
{
ec
{
"
Kijev
"
}
}
"
Europe
:
Lisbon
"
{
ec
{
"
Lisabon
"
}
}
"
Europe
:
London
"
{
ld
{
"
britansko
letnje
vreme
"
}
}
"
Europe
:
Luxembourg
"
{
ec
{
"
Luksemburg
"
}
}
"
Europe
:
Mariehamn
"
{
ec
{
"
Marihamn
"
}
}
"
Europe
:
Monaco
"
{
ec
{
"
Monako
"
}
}
"
Europe
:
Moscow
"
{
ec
{
"
Moskva
"
}
}
"
Europe
:
Paris
"
{
ec
{
"
Pariz
"
}
}
"
Europe
:
Prague
"
{
ec
{
"
Prag
"
}
}
"
Europe
:
Rome
"
{
ec
{
"
Rim
"
}
}
"
Europe
:
Skopje
"
{
ec
{
"
Skoplje
"
}
}
"
Europe
:
Sofia
"
{
ec
{
"
Sofija
"
}
}
"
Europe
:
Stockholm
"
{
ec
{
"
Stokholm
"
}
}
"
Europe
:
Tallinn
"
{
ec
{
"
Talin
"
}
}
"
Europe
:
Tirane
"
{
ec
{
"
Tirana
"
}
}
"
Europe
:
Uzhgorod
"
{
ec
{
"
U
gorod
"
}
}
"
Europe
:
Vatican
"
{
ec
{
"
Vatikan
"
}
}
"
Europe
:
Vienna
"
{
ec
{
"
Be
"
}
}
"
Europe
:
Vilnius
"
{
ec
{
"
Viljnus
"
}
}
"
Europe
:
Warsaw
"
{
ec
{
"
Var
ava
"
}
}
"
Europe
:
Zaporozhye
"
{
ec
{
"
Zaporo
je
"
}
}
"
Europe
:
Zurich
"
{
ec
{
"
Cirih
"
}
}
"
Indian
:
Chagos
"
{
ec
{
"
agos
"
}
}
"
Indian
:
Christmas
"
{
ec
{
"
Bo
i
"
}
}
"
Indian
:
Cocos
"
{
ec
{
"
Kokos
"
}
}
"
Indian
:
Comoro
"
{
ec
{
"
Komoro
"
}
}
"
Indian
:
Kerguelen
"
{
ec
{
"
Kergelen
"
}
}
"
Indian
:
Maldives
"
{
ec
{
"
Maldivi
"
}
}
"
Indian
:
Mauritius
"
{
ec
{
"
Mauricijus
"
}
}
"
Indian
:
Mayotte
"
{
ec
{
"
Majot
"
}
}
"
Pacific
:
Apia
"
{
ec
{
"
Apija
"
}
}
"
Pacific
:
Auckland
"
{
ec
{
"
Okland
"
}
}
"
Pacific
:
Chatham
"
{
ec
{
"
Katham
"
}
}
"
Pacific
:
Easter
"
{
ec
{
"
Uskr
nje
ostrvo
"
}
}
"
Pacific
:
Efate
"
{
ec
{
"
Efat
"
}
}
"
Pacific
:
Enderbury
"
{
ec
{
"
Enderberi
"
}
}
"
Pacific
:
Fiji
"
{
ec
{
"
Fid
i
"
}
}
"
Pacific
:
Gambier
"
{
ec
{
"
Gambije
"
}
}
"
Pacific
:
Guadalcanal
"
{
ec
{
"
Gvadalkanal
"
}
}
"
Pacific
:
Johnston
"
{
ec
{
"
D
onston
"
}
}
"
Pacific
:
Kosrae
"
{
ec
{
"
Ko
re
"
}
}
"
Pacific
:
Kwajalein
"
{
ec
{
"
Kvad
alejin
"
}
}
"
Pacific
:
Marquesas
"
{
ec
{
"
Markiz
"
}
}
"
Pacific
:
Midway
"
{
ec
{
"
Midvej
"
}
}
"
Pacific
:
Noumea
"
{
ec
{
"
Numea
"
}
}
"
Pacific
:
Pitcairn
"
{
ec
{
"
Pitkairn
"
}
}
"
Pacific
:
Ponape
"
{
ec
{
"
Ponape
"
}
}
"
Pacific
:
Port_Moresby
"
{
ec
{
"
Port
Morzbi
"
}
}
"
Pacific
:
Saipan
"
{
ec
{
"
Sajpan
"
}
}
"
Pacific
:
Tarawa
"
{
ec
{
"
Tarava
"
}
}
"
Pacific
:
Truk
"
{
ec
{
"
Truk
"
}
}
"
Pacific
:
Wake
"
{
ec
{
"
Vejk
"
}
}
"
Pacific
:
Wallis
"
{
ec
{
"
Valis
"
}
}
"
meta
:
Acre
"
{
ld
{
"
Akre
letnje
ra
unanje
vremena
"
}
lg
{
"
Akre
vreme
"
}
ls
{
"
Akre
standardno
vreme
"
}
}
"
meta
:
Afghanistan
"
{
ls
{
"
Avganistan
vreme
"
}
}
"
meta
:
Africa_Central
"
{
ls
{
"
Centralno
-
afri
ko
vreme
"
}
}
"
meta
:
Africa_Eastern
"
{
ls
{
"
Isto
no
-
afri
ko
vreme
"
}
}
"
meta
:
Africa_Southern
"
{
ls
{
"
Ju
no
-
afri
ko
vreme
"
}
}
"
meta
:
Africa_Western
"
{
ld
{
"
Zapadno
-
afri
ko
letnje
ra
unanje
vremena
"
}
lg
{
"
Zapadno
-
afri
ko
vreme
"
}
ls
{
"
Zapadno
-
afri
ko
standardno
vreme
"
}
}
"
meta
:
Alaska
"
{
ld
{
"
Alja
ko
letnje
vreme
"
}
lg
{
"
Alja
ko
vreme
"
}
ls
{
"
Alja
ko
standardno
vreme
"
}
}
"
meta
:
Almaty
"
{
ld
{
"
Almati
letnje
ra
unanje
vremena
"
}
lg
{
"
Almati
vreme
"
}
ls
{
"
Almati
standardno
vreme
"
}
}
"
meta
:
Amazon
"
{
ld
{
"
Amazon
letnje
ra
unanje
vremena
"
}
lg
{
"
Amazon
vreme
"
}
ls
{
"
Amazon
standardno
vreme
"
}
}
"
meta
:
America_Central
"
{
ld
{
"
Severnoameri
ki
Centralno
letnje
ra
unanje
vremena
"
}
lg
{
"
Severnoameri
ki
Centralno
vreme
"
}
ls
{
"
Severnoameri
ki
Centralno
standardno
vreme
"
}
}
"
meta
:
America_Eastern
"
{
ld
{
"
Severnoameri
ki
Isto
no
letnje
ra
unanje
vremena
"
}
lg
{
"
Severnoameri
ki
Isto
no
vreme
"
}
ls
{
"
Severnoameri
ki
Isto
no
standardno
vreme
"
}
}
"
meta
:
America_Mountain
"
{
ld
{
"
Severnoameri
ki
Planinsko
letnje
ra
unanje
vremena
"
}
lg
{
"
Severnoameri
ki
Planinsko
vreme
"
}
ls
{
"
Severnoameri
ki
Planinsko
standardno
vreme
"
}
}
"
meta
:
America_Pacific
"
{
ld
{
"
Severnoameri
ki
Pacifi
ko
letnje
ra
unanje
vremena
"
}
lg
{
"
Severnoameri
ki
Pacifi
ko
vreme
"
}
ls
{
"
Severnoameri
ki
Pacifi
ko
standardno
vreme
"
}
}
"
meta
:
Anadyr
"
{
ld
{
"
Anadir
letnje
ra
unanje
vremena
"
}
lg
{
"
Anadir
vreme
"
}
ls
{
"
Anadir
standardno
vreme
"
}
}
"
meta
:
Aqtau
"
{
ld
{
"
Akvatau
letnje
ra
unanje
vremena
"
}
lg
{
"
Akvatau
vreme
"
}
ls
{
"
Akvatau
standardno
vreme
"
}
}
"
meta
:
Aqtobe
"
{
ld
{
"
Akutobe
letnje
ra
unanje
vremena
"
}
lg
{
"
Akutobe
vreme
"
}
ls
{
"
Akutobe
standardno
vreme
"
}
}
"
meta
:
Arabian
"
{
ld
{
"
Arabijsko
letnje
ra
unanje
vremena
"
}
lg
{
"
Arabijsko
vreme
"
}
ls
{
"
Arabijsko
standardno
vreme
"
}
}
"
meta
:
Argentina
"
{
ld
{
"
Argentina
letnje
ra
unanje
vremena
"
}
lg
{
"
Argentina
vreme
"
}
ls
{
"
Argentina
standardno
vreme
"
}
}
"
meta
:
Argentina_Western
"
{
ld
{
"
Zapadna
Argentina
letnje
ra
unanje
vremena
"
}
lg
{
"
Zapadna
Argentina
vreme
"
}
ls
{
"
Zapadna
Argentina
standardno
vreme
"
}
}
"
meta
:
Armenia
"
{
ld
{
"
Armenija
letnje
ra
unanje
vremena
"
}
lg
{
"
Armenija
vreme
"
}
ls
{
"
Armenija
standardno
vreme
"
}
}
"
meta
:
Atlantic
"
{
ld
{
"
Atlansko
ltnje
ra
unanje
vremena
"
}
lg
{
"
Atlansko
vreme
"
}
ls
{
"
Atlansko
standardno
vreme
"
}
}
"
meta
:
Australia_Central
"
{
ld
{
"
Australijsko
centralno
letnje
ra
unanje
vremena
"
}
lg
{
"
Australijsko
centralno
vreme
"
}
ls
{
"
Australijsko
centralno
standardno
vreme
"
}
}
"
meta
:
Australia_CentralWestern
"
{
ld
{
"
Australijsko
centralno
zapadno
letnje
ra
unanje
vremena
"
}
lg
{
"
Australijsko
centralno
zapadno
vreme
"
}
ls
{
"
Australijsko
centralno
zapadno
standardno
vreme
"
}
}
"
meta
:
Australia_Eastern
"
{
ld
{
"
Australijsko
isto
no
letnje
ra
unanje
vremena
"
}
lg
{
"
Australijsko
isto
no
vreme
"
}
ls
{
"
Australijsko
isto
no
standardno
vreme
"
}
}
"
meta
:
Australia_Western
"
{
ld
{
"
Australijsko
zapadno
letnje
ra
unanje
vremena
"
}
lg
{
"
Australijsko
zapadno
vreme
"
}
ls
{
"
Australijsko
zapadno
standardno
vreme
"
}
}
"
meta
:
Azerbaijan
"
{
ld
{
"
Azerbejd
an
letnje
ra
unanje
vremena
"
}
lg
{
"
Azerbejd
an
vreme
"
}
ls
{
"
Azerbejd
an
standardno
vreme
"
}
}
"
meta
:
Azores
"
{
ld
{
"
Azori
letnje
ra
unanje
vremena
"
}
lg
{
"
Azori
vreme
"
}
ls
{
"
Azori
standardno
vreme
"
}
}
"
meta
:
Bangladesh
"
{
ld
{
"
Banglade
letnje
ra
unanje
vremena
"
}
lg
{
"
Banglade
vreme
"
}
ls
{
"
Banglade
standardno
vreme
"
}
}
"
meta
:
Bhutan
"
{
ls
{
"
Butan
vreme
"
}
}
"
meta
:
Bolivia
"
{
ls
{
"
Bolivija
vreme
"
}
}
"
meta
:
Brasilia
"
{
ld
{
"
Brazilija
letnje
ra
unanje
vremena
"
}
lg
{
"
Brazilija
vreme
"
}
ls
{
"
Brazilija
standardno
vreme
"
}
}
"
meta
:
Brunei
"
{
ls
{
"
Brunej
Darusalum
vreme
"
}
}
"
meta
:
Cape_Verde
"
{
ld
{
"
Zelenortsko
letnje
ra
unanje
vremena
"
}
lg
{
"
Zelenirtsko
vreme
"
}
ls
{
"
Zelenirtsko
standardno
vreme
"
}
}
"
meta
:
Chamorro
"
{
ls
{
"
amoro
vreme
"
}
}
"
meta
:
Chatham
"
{
ld
{
"
atam
letnje
ra
unanje
vremena
"
}
lg
{
"
atam
vreme
"
}
ls
{
"
atam
standardno
vreme
"
}
}
"
meta
:
Chile
"
{
ld
{
"
ile
letnje
ra
unanje
vremena
"
}
lg
{
"
ile
vreme
"
}
ls
{
"
ile
standardno
vreme
"
}
}
"
meta
:
China
"
{
ld
{
"
Kina
letnje
ra
unanje
vremena
"
}
lg
{
"
Kina
vreme
"
}
ls
{
"
Kinesko
standardno
vreme
"
}
}
"
meta
:
Choibalsan
"
{
ld
{
"
ojbalsan
letnje
ra
unanje
vremena
"
}
lg
{
"
ojbalsan
vreme
"
}
ls
{
"
ojbalsan
standardno
vreme
"
}
}
"
meta
:
Christmas
"
{
ls
{
"
Bo
i
na
ostrva
vreme
"
}
}
"
meta
:
Cocos
"
{
ls
{
"
Kokos
(
Keling
)
Ostrva
vreme
"
}
}
"
meta
:
Colombia
"
{
ld
{
"
Kolumbija
letnje
ra
unanje
vremena
"
}
lg
{
"
Kolumbija
vreme
"
}
ls
{
"
Kolumbija
standardno
vreme
"
}
}
"
meta
:
Cook
"
{
ld
{
"
Kukova
ostrva
polu
-
letnje
ra
unanje
vremena
"
}
lg
{
"
Kukova
ostrva
vreme
"
}
ls
{
"
Kukova
ostrva
standardno
vreme
"
}
}
"
meta
:
Cuba
"
{
ld
{
"
Kuba
letnje
ra
unanje
vremena
"
}
lg
{
"
Kuba
vreme
"
}
ls
{
"
Kuba
standardno
vreme
"
}
}
"
meta
:
Davis
"
{
ls
{
"
Dejvis
vreme
"
}
}
"
meta
:
DumontDUrville
"
{
ls
{
"
Dimon
d
Urvil
vreme
"
}
}
"
meta
:
East_Timor
"
{
ls
{
"
Isto
ni
timor
vreme
"
}
}
"
meta
:
Easter
"
{
ld
{
"
Uskr
nja
ostrva
letnje
ra
unanje
vremena
"
}
lg
{
"
Uskr
nja
ostrva
vreme
"
}
ls
{
"
Uskr
nja
ostrva
standardno
vreme
"
}
}
"
meta
:
Ecuador
"
{
ls
{
"
Ekvador
vreme
"
}
}
"
meta
:
Europe_Central
"
{
ld
{
"
Srednjeevropsko
letnje
ra
unanje
vremena
"
}
lg
{
"
Srednjeevropsko
vreme
"
}
ls
{
"
Srednjeevropsko
standardno
vreme
"
}
}
"
meta
:
Europe_Eastern
"
{
ld
{
"
Isto
noevropsko
letnje
ra
unanje
vremena
"
}
lg
{
"
Isto
noevropsko
vreme
"
}
ls
{
"
Isto
noevropsko
standardno
vreme
"
}
}
"
meta
:
Europe_Western
"
{
ld
{
"
Zapadnoevropsko
letnje
ra
unanje
vremena
"
}
lg
{
"
Zapadnoevropsko
vreme
"
}
ls
{
"
Zapadnoevropsko
standardno
vreme
"
}
}
"
meta
:
Falkland
"
{
ld
{
"
Folklandska
Ostrva
letnje
ra
unanje
vremena
"
}
lg
{
"
Folklandska
Ostrva
vreme
"
}
ls
{
"
Folklandska
Ostrva
standardno
vreme
"
}
}
"
meta
:
Fiji
"
{
ld
{
"
Fid
i
letnje
ra
unanje
vremena
"
}
lg
{
"
Fid
i
vreme
"
}
ls
{
"
Fid
i
standardno
vreme
"
}
}
"
meta
:
French_Guiana
"
{
ls
{
"
Francuska
Gvajana
vreme
"
}
}
"
meta
:
French_Southern
"
{
ls
{
"
Francusko
ju
no
i
antarkti
ko
vreme
"
}
}
"
meta
:
GMT
"
{
ls
{
"
Grinvi
srednje
vreme
"
}
}
"
meta
:
Galapagos
"
{
ls
{
"
Galapagos
vreme
"
}
}
"
meta
:
Gambier
"
{
ls
{
"
Gambijer
vreme
"
}
}
"
meta
:
Georgia
"
{
ld
{
"
Gruzija
letnje
ra
unanje
vremena
"
}
lg
{
"
Gruzija
vreme
"
}
ls
{
"
Gruzija
standardno
vreme
"
}
}
"
meta
:
Gilbert_Islands
"
{
ls
{
"
Gilbert
ostrva
vreme
"
}
}
"
meta
:
Greenland_Eastern
"
{
ld
{
"
Isto
ni
Grenland
letnje
ra
unanje
vremena
"
}
lg
{
"
Isto
ni
Grenland
vreme
"
}
ls
{
"
Isto
ni
Grenland
standardno
vreme
"
}
}
"
meta
:
Greenland_Western
"
{
ld
{
"
Zapadni
Grenland
letnje
ra
unanje
vremena
"
}
lg
{
"
Zapadni
Grenland
vreme
"
}
ls
{
"
Zapadni
Grenland
standardno
vreme
"
}
}
"
meta
:
Guam
"
{
ls
{
"
Guam
standardno
vreme
"
}
}
"
meta
:
Gulf
"
{
ls
{
"
Zaliv
vreme
"
}
}
"
meta
:
Guyana
"
{
ls
{
"
Gvajana
vreme
"
}
}
"
meta
:
Hawaii_Aleutian
"
{
ld
{
"
Havajsko
-
aleutsko
letnje
ra
unanje
vremena
"
}
lg
{
"
Havajsko
-
aleutsko
vreme
"
}
ls
{
"
Havajsko
-
aleutsko
standardno
vreme
"
}
}
"
meta
:
Hong_Kong
"
{
ld
{
"
Hong
Kong
letnje
ra
unanje
vremena
"
}
lg
{
"
Hong
Kong
vreme
"
}
ls
{
"
Hong
Kong
standardno
vreme
"
}
}
"
meta
:
Hovd
"
{
ld
{
"
Hovd
letnje
ra
unanje
vremena
"
}
lg
{
"
Hovd
vreme
"
}
ls
{
"
Hovd
standardno
vreme
"
}
}
"
meta
:
India
"
{
ls
{
"
Indijsko
standardno
vreme
"
}
}
"
meta
:
Indian_Ocean
"
{
ls
{
"
Indijsko
okeansko
vreme
"
}
}
"
meta
:
Indochina
"
{
ls
{
"
Indokina
vreme
"
}
}
"
meta
:
Indonesia_Central
"
{
ls
{
"
Centralno
-
indonezijsko
vreme
"
}
}
"
meta
:
Indonesia_Eastern
"
{
ls
{
"
Isto
no
-
indonezijsko
vreme
"
}
}
"
meta
:
Indonesia_Western
"
{
ls
{
"
Zapadno
-
indonezijsko
vreme
"
}
}
"
meta
:
Iran
"
{
ld
{
"
Iran
letnje
ra
unanje
vremena
"
}
lg
{
"
Iran
vreme
"
}
ls
{
"
Iran
standardno
vreme
"
}
}
"
meta
:
Irkutsk
"
{
ld
{
"
Irkuck
letnje
ra
unanje
vremena
"
}
lg
{
"
Irkuck
vreme
"
}
ls
{
"
Irkuck
standardno
vreme
"
}
}
"
meta
:
Israel
"
{
ld
{
"
Izraelsko
letnje
ra
unanje
vremena
"
}
lg
{
"
Izraelsko
vreme
"
}
ls
{
"
Izraelsko
standardno
vreme
"
}
}
"
meta
:
Japan
"
{
ld
{
"
Japansko
letnje
ra
unanje
vremena
"
}
lg
{
"
Japansko
vreme
"
}
ls
{
"
Japansko
standardno
vreme
"
}
}
"
meta
:
Kamchatka
"
{
ld
{
"
Petropavlovsko
-
kam
atsko
letnje
ra
unanje
vremena
"
}
lg
{
"
Petropavlovsko
-
kam
atsko
vreme
"
}
ls
{
"
Petropavlovsko
-
kam
atsko
standardno
vreme
"
}
}
"
meta
:
Kazakhstan_Eastern
"
{
ls
{
"
Isto
no
-
kazahstansko
vreme
"
}
}
"
meta
:
Kazakhstan_Western
"
{
ls
{
"
Zapadno
-
kazahstansko
vreme
"
}
}
"
meta
:
Korea
"
{
ld
{
"
Korejsko
letnje
ra
unanje
vremena
"
}
lg
{
"
Korejsko
vreme
"
}
ls
{
"
Korejsko
standardno
vreme
"
}
}
"
meta
:
Kosrae
"
{
ls
{
"
Ko
re
vreme
"
}
}
"
meta
:
Krasnoyarsk
"
{
ld
{
"
Krasnojarsk
letnje
ra
unanje
vremena
"
}
lg
{
"
Krasnojarsk
vreme
"
}
ls
{
"
Krasnojarsk
standardno
vreme
"
}
}
"
meta
:
Kyrgystan
"
{
ls
{
"
Kirgizstan
vreme
"
}
}
"
meta
:
Lanka
"
{
ls
{
"
ri
Lanka
vreme
"
}
}
"
meta
:
Line_Islands
"
{
ls
{
"
Line
Ostrva
vreme
"
}
}
"
meta
:
Lord_Howe
"
{
ld
{
"
Lord
Hov
letnje
ra
unanje
vremena
"
}
lg
{
"
Lord
Hov
vreme
"
}
ls
{
"
Lord
Hov
standardno
vreme
"
}
}
"
meta
:
Macau
"
{
ld
{
"
Makao
letnje
ra
unanje
vremena
"
}
lg
{
"
Makao
vreme
"
}
ls
{
"
Makao
standardno
vreme
"
}
}
"
meta
:
Macquarie
"
{
ls
{
"
Makverijsko
vreme
"
}
}
"
meta
:
Magadan
"
{
ld
{
"
Magadan
letnje
ra
unanje
vremena
"
}
lg
{
"
Magadan
vreme
"
}
ls
{
"
Magadan
standardno
vreme
"
}
}
"
meta
:
Malaysia
"
{
ls
{
"
Malezija
vreme
"
}
}
"
meta
:
Maldives
"
{
ls
{
"
Maldivi
vreme
"
}
}
"
meta
:
Marquesas
"
{
ls
{
"
Markiz
vreme
"
}
}
"
meta
:
Marshall_Islands
"
{
ls
{
"
Mar
alska
Ostrva
vreme
"
}
}
"
meta
:
Mauritius
"
{
ld
{
"
Mauricijus
letnje
ra
unanje
vremena
"
}
lg
{
"
Mauricijus
vreme
"
}
ls
{
"
Mauricijus
standardno
vreme
"
}
}
"
meta
:
Mawson
"
{
ls
{
"
Moson
vreme
"
}
}
"
meta
:
Mongolia
"
{
ld
{
"
Ulan
Bator
letnje
ra
unanje
vremena
"
}
lg
{
"
Ulan
Bator
vreme
"
}
ls
{
"
Ulan
Bator
standardno
vreme
"
}
}
"
meta
:
Moscow
"
{
ld
{
"
Moskva
letnje
ra
unanje
vremena
"
}
lg
{
"
Moskva
vreme
"
}
ls
{
"
Moskva
standardno
vreme
"
}
}
"
meta
:
Myanmar
"
{
ls
{
"
Mijanmar
vreme
"
}
}
"
meta
:
Nauru
"
{
ls
{
"
Nauru
vreme
"
}
}
"
meta
:
Nepal
"
{
ls
{
"
Nepal
vreme
"
}
}
"
meta
:
New_Caledonia
"
{
ld
{
"
Nova
Kaledonija
letnje
ra
unanje
vremena
"
}
lg
{
"
Nova
Kaledonija
vreme
"
}
ls
{
"
Nova
Kaledonija
standardno
vreme
"
}
}
"
meta
:
New_Zealand
"
{
ld
{
"
Novi
Zeland
letnje
ra
unanje
vremena
"
}
lg
{
"
Novi
Zeland
vreme
"
}
ls
{
"
Novi
Zeland
standardno
vreme
"
}
}
"
meta
:
Newfoundland
"
{
ld
{
"
Njufaundlend
letnje
ra
unanje
vremena
"
}
lg
{
"
Njufaundlend
vreme
"
}
ls
{
"
Njufaundlend
standardno
vreme
"
}
}
"
meta
:
Niue
"
{
ls
{
"
Niue
vreme
"
}
}
"
meta
:
Norfolk
"
{
ls
{
"
Norfolk
Ostrvo
vreme
"
}
}
"
meta
:
Noronha
"
{
ld
{
"
Fernando
de
Noronja
letnje
ra
unanje
vremena
"
}
lg
{
"
Fernando
de
Noronja
vreme
"
}
ls
{
"
Fernando
de
Noronja
standardno
vreme
"
}
}
"
meta
:
North_Mariana
"
{
ls
{
"
Severna
Marijanska
Ostrva
vreme
"
}
}
"
meta
:
Novosibirsk
"
{
ld
{
"
Novosibirsk
letnje
ra
unanje
vremena
"
}
lg
{
"
Novosibirsk
vreme
"
}
ls
{
"
Novosibirsk
standardno
vreme
"
}
}
"
meta
:
Omsk
"
{
ld
{
"
Omsk
letnje
ra
unanje
vremena
"
}
lg
{
"
Omsk
vreme
"
}
ls
{
"
Omsk
standardno
vreme
"
}
}
"
meta
:
Pakistan
"
{
ld
{
"
Pakistan
letnje
ra
unanje
vremena
"
}
lg
{
"
Pakistan
vreme
"
}
ls
{
"
Pakistan
standardno
vreme
"
}
}
"
meta
:
Palau
"
{
ls
{
"
Palau
vreme
"
}
}
"
meta
:
Papua_New_Guinea
"
{
ls
{
"
Papua
Nova
Gvineja
vreme
"
}
}
"
meta
:
Paraguay
"
{
ld
{
"
Paragvaj
letnje
ra
unanje
vremena
"
}
lg
{
"
Paragvaj
vreme
"
}
ls
{
"
Paragvaj
standardno
vreme
"
}
}
"
meta
:
Peru
"
{
ld
{
"
Peru
letnje
ra
unanje
vremena
"
}
lg
{
"
Peru
vreme
"
}
ls
{
"
Peru
standardno
vreme
"
}
}
"
meta
:
Philippines
"
{
ld
{
"
Filipini
letnje
ra
unanje
vremena
"
}
lg
{
"
Filipini
vreme
"
}
ls
{
"
Filipini
standardno
vreme
"
}
}
"
meta
:
Phoenix_Islands
"
{
ls
{
"
Feniks
ostrva
vreme
"
}
}
"
meta
:
Pierre_Miquelon
"
{
ld
{
"
Sen
Pjer
i
Mikelon
letnje
ra
unanje
vremena
"
}
lg
{
"
Sen
Pjer
i
Mikelon
vreme
"
}
ls
{
"
Sen
Pjer
i
Mikelon
standardno
vreme
"
}
}
"
meta
:
Pitcairn
"
{
ls
{
"
Pitkern
vreme
"
}
}
"
meta
:
Ponape
"
{
ls
{
"
Ponpei
vreme
"
}
}
"
meta
:
Qyzylorda
"
{
ld
{
"
Kizilorda
letnje
ra
unanje
vremena
"
}
lg
{
"
Kizilorda
vreme
"
}
ls
{
"
Kizilorda
standardno
vreme
"
}
}
"
meta
:
Reunion
"
{
ls
{
"
Reinion
vreme
"
}
}
"
meta
:
Rothera
"
{
ls
{
"
Rotera
vreme
"
}
}
"
meta
:
Sakhalin
"
{
ld
{
"
Sahalin
letnje
ra
unanje
vremena
"
}
lg
{
"
Sahalin
vreme
"
}
ls
{
"
Sahalin
standardno
vreme
"
}
}
"
meta
:
Samara
"
{
ld
{
"
Samara
letnje
ra
unanje
vremena
"
}
lg
{
"
Samara
vreme
"
}
ls
{
"
Samara
standardno
vreme
"
}
}
"
meta
:
Samoa
"
{
ld
{
"
Samoa
letnje
ra
unanje
vremena
"
}
lg
{
"
Samoa
vreme
"
}
ls
{
"
Samoa
standardno
vreme
"
}
}
"
meta
:
Seychelles
"
{
ls
{
"
Sej
eli
vreme
"
}
}
"
meta
:
Singapore
"
{
ls
{
"
Singapur
standardno
vreme
"
}
}
"
meta
:
Solomon
"
{
ls
{
"
Solomonska
Ostrva
vreme
"
}
}
"
meta
:
South_Georgia
"
{
ls
{
"
Ju
na
D
ord
ija
vreme
"
}
}
"
meta
:
Suriname
"
{
ls
{
"
Surinam
"
}
}
"
meta
:
Syowa
"
{
ls
{
"
ova
vreme
"
}
}
"
meta
:
Tahiti
"
{
ls
{
"
Tahiti
vreme
"
}
}
"
meta
:
Taipei
"
{
ld
{
"
Taipei
letnje
ra
unanje
vremena
"
}
lg
{
"
Taipei
vreme
"
}
ls
{
"
Taipei
standardno
vreme
"
}
}
"
meta
:
Tajikistan
"
{
ls
{
"
Tad
ikistan
vreme
"
}
}
"
meta
:
Tokelau
"
{
ls
{
"
Tokelau
vreme
"
}
}
"
meta
:
Tonga
"
{
ld
{
"
Tonga
letnje
ra
unanje
vremena
"
}
lg
{
"
Tonga
vreme
"
}
ls
{
"
Tonga
standardno
vreme
"
}
}
"
meta
:
Truk
"
{
ls
{
"
uuk
vreme
"
}
}
"
meta
:
Turkmenistan
"
{
ld
{
"
Turkmenistan
letnje
ra
unanje
vremena
"
}
lg
{
"
Turkmenistan
vreme
"
}
ls
{
"
Turkmenistan
standardno
vreme
"
}
}
"
meta
:
Tuvalu
"
{
ls
{
"
Tuvalu
vreme
"
}
}
"
meta
:
Uruguay
"
{
ld
{
"
Urugvaj
letnje
ra
unanje
vremena
"
}
lg
{
"
Urugvaj
vreme
"
}
ls
{
"
Urugvaj
standardno
vreme
"
}
}
"
meta
:
Uzbekistan
"
{
ld
{
"
Uzbekistan
letnje
ra
unanje
vremena
"
}
lg
{
"
Uzbekistan
vreme
"
}
ls
{
"
Uzbekistan
standardno
vreme
"
}
}
"
meta
:
Vanuatu
"
{
ld
{
"
Vanuatu
letnje
ra
unanje
vremena
"
}
lg
{
"
Vanuatu
vreme
"
}
ls
{
"
Vanuatu
standardno
vreme
"
}
}
"
meta
:
Venezuela
"
{
ls
{
"
Venecuela
vreme
"
}
}
"
meta
:
Vladivostok
"
{
ld
{
"
Vladivostok
letnje
ra
unanje
vremena
"
}
lg
{
"
Vladivostok
vreme
"
}
ls
{
"
Vladivostok
standardno
vreme
"
}
}
"
meta
:
Volgograd
"
{
ld
{
"
Volgograd
letnje
ra
unanje
vremena
"
}
lg
{
"
Volgograd
vreme
"
}
ls
{
"
Volgograd
standardno
vreme
"
}
}
"
meta
:
Vostok
"
{
ls
{
"
Vostok
vreme
"
}
}
"
meta
:
Wake
"
{
ls
{
"
Vejk
ostrvo
vreme
"
}
}
"
meta
:
Wallis
"
{
ls
{
"
Valis
i
Futuna
Ostrva
vreme
"
}
}
"
meta
:
Yakutsk
"
{
ld
{
"
Jakutsk
letnje
ra
unanje
vremena
"
}
lg
{
"
Jakutsk
vreme
"
}
ls
{
"
Jakutsk
standardno
vreme
"
}
}
"
meta
:
Yekaterinburg
"
{
ld
{
"
Jekaterinburg
letnje
ra
unanje
vremena
"
}
lg
{
"
Jekaterinburg
vreme
"
}
ls
{
"
Jekaterinburg
standardno
vreme
"
}
}
fallbackFormat
{
"
{
1
}
(
{
0
}
)
"
}
gmtFormat
{
"
GMT
{
0
}
"
}
gmtZeroFormat
{
"
GMT
"
}
hourFormat
{
"
+
HHmm
;
-
HHmm
"
}
regionFormat
{
"
Vreme
u
zemlji
:
{
0
}
"
}
regionFormatDaylight
{
"
{
0
}
letnje
vreme
"
}
regionFormatStandard
{
"
{
0
}
standardno
vreme
"
}
}
}
