/
/
2016
and
later
:
Unicode
Inc
.
and
others
.
/
/
License
&
terms
of
use
:
http
:
/
/
www
.
unicode
.
org
/
copyright
.
html
#
License
tk
{
Version
{
"
36
.
1
"
}
zoneStrings
{
"
Africa
:
Abidjan
"
{
ec
{
"
Abijan
"
}
}
"
Africa
:
Accra
"
{
ec
{
"
Akkra
"
}
}
"
Africa
:
Addis_Ababa
"
{
ec
{
"
Addis
-
Abeba
"
}
}
"
Africa
:
Algiers
"
{
ec
{
"
Al
ir
"
}
}
"
Africa
:
Bamako
"
{
ec
{
"
Bamako
"
}
}
"
Africa
:
Bangui
"
{
ec
{
"
Bangi
"
}
}
"
Africa
:
Banjul
"
{
ec
{
"
Banjul
"
}
}
"
Africa
:
Bissau
"
{
ec
{
"
Bisau
"
}
}
"
Africa
:
Blantyre
"
{
ec
{
"
Blanta
r
"
}
}
"
Africa
:
Brazzaville
"
{
ec
{
"
Brazzawil
"
}
}
"
Africa
:
Bujumbura
"
{
ec
{
"
Bujumbura
"
}
}
"
Africa
:
Cairo
"
{
ec
{
"
Kair
"
}
}
"
Africa
:
Casablanca
"
{
ec
{
"
Kasablanka
"
}
}
"
Africa
:
Ceuta
"
{
ec
{
"
Seuta
"
}
}
"
Africa
:
Conakry
"
{
ec
{
"
Konakri
"
}
}
"
Africa
:
Dakar
"
{
ec
{
"
Dakar
"
}
}
"
Africa
:
Dar_es_Salaam
"
{
ec
{
"
Dar
-
es
-
Salam
"
}
}
"
Africa
:
Djibouti
"
{
ec
{
"
Jibuti
"
}
}
"
Africa
:
Douala
"
{
ec
{
"
Duala
"
}
}
"
Africa
:
El_Aaiun
"
{
ec
{
"
El
-
A
un
"
}
}
"
Africa
:
Freetown
"
{
ec
{
"
Fritaun
"
}
}
"
Africa
:
Gaborone
"
{
ec
{
"
Gaborone
"
}
}
"
Africa
:
Harare
"
{
ec
{
"
Harare
"
}
}
"
Africa
:
Johannesburg
"
{
ec
{
"
ohannesburg
"
}
}
"
Africa
:
Juba
"
{
ec
{
"
Juba
"
}
}
"
Africa
:
Kampala
"
{
ec
{
"
Kampala
"
}
}
"
Africa
:
Khartoum
"
{
ec
{
"
Hartum
"
}
}
"
Africa
:
Kigali
"
{
ec
{
"
Kigali
"
}
}
"
Africa
:
Kinshasa
"
{
ec
{
"
Kin
asa
"
}
}
"
Africa
:
Lagos
"
{
ec
{
"
Lagos
"
}
}
"
Africa
:
Libreville
"
{
ec
{
"
Librewil
"
}
}
"
Africa
:
Lome
"
{
ec
{
"
Lome
"
}
}
"
Africa
:
Luanda
"
{
ec
{
"
Luanda
"
}
}
"
Africa
:
Lubumbashi
"
{
ec
{
"
Lubumba
i
"
}
}
"
Africa
:
Lusaka
"
{
ec
{
"
Lusaka
"
}
}
"
Africa
:
Malabo
"
{
ec
{
"
Malabo
"
}
}
"
Africa
:
Maputo
"
{
ec
{
"
Maputo
"
}
}
"
Africa
:
Maseru
"
{
ec
{
"
Maseru
"
}
}
"
Africa
:
Mbabane
"
{
ec
{
"
Mbabane
"
}
}
"
Africa
:
Mogadishu
"
{
ec
{
"
Mogadi
o
"
}
}
"
Africa
:
Monrovia
"
{
ec
{
"
Monrowi
a
"
}
}
"
Africa
:
Nairobi
"
{
ec
{
"
Na
robi
"
}
}
"
Africa
:
Ndjamena
"
{
ec
{
"
Jamena
"
}
}
"
Africa
:
Niamey
"
{
ec
{
"
Niame
"
}
}
"
Africa
:
Nouakchott
"
{
ec
{
"
Nuak
ot
"
}
}
"
Africa
:
Ouagadougou
"
{
ec
{
"
Uagadugu
"
}
}
"
Africa
:
Porto
-
Novo
"
{
ec
{
"
Porto
-
Nowo
"
}
}
"
Africa
:
Sao_Tome
"
{
ec
{
"
San
-
Tome
"
}
}
"
Africa
:
Tripoli
"
{
ec
{
"
Tripoli
"
}
}
"
Africa
:
Tunis
"
{
ec
{
"
Tunis
"
}
}
"
Africa
:
Windhoek
"
{
ec
{
"
Windhuk
"
}
}
"
America
:
Adak
"
{
ec
{
"
Adak
adasy
"
}
}
"
America
:
Anchorage
"
{
ec
{
"
Ankorid
"
}
}
"
America
:
Anguilla
"
{
ec
{
"
Angil
a
"
}
}
"
America
:
Antigua
"
{
ec
{
"
Antigua
"
}
}
"
America
:
Araguaina
"
{
ec
{
"
Aragua
na
"
}
}
"
America
:
Argentina
:
La_Rioja
"
{
ec
{
"
La
-
Rioha
"
}
}
"
America
:
Argentina
:
Rio_Gallegos
"
{
ec
{
"
Rio
-
Galegos
"
}
}
"
America
:
Argentina
:
Salta
"
{
ec
{
"
Salta
"
}
}
"
America
:
Argentina
:
San_Juan
"
{
ec
{
"
San
-
Huan
"
}
}
"
America
:
Argentina
:
San_Luis
"
{
ec
{
"
San
-
Luis
"
}
}
"
America
:
Argentina
:
Tucuman
"
{
ec
{
"
Tukuman
"
}
}
"
America
:
Argentina
:
Ushuaia
"
{
ec
{
"
U
ua
a
"
}
}
"
America
:
Aruba
"
{
ec
{
"
Aruba
"
}
}
"
America
:
Asuncion
"
{
ec
{
"
Asuns
on
"
}
}
"
America
:
Bahia
"
{
ec
{
"
Bai
a
"
}
}
"
America
:
Bahia_Banderas
"
{
ec
{
"
Bai
a
-
de
-
Banderas
"
}
}
"
America
:
Barbados
"
{
ec
{
"
Barbados
"
}
}
"
America
:
Belem
"
{
ec
{
"
Belen
"
}
}
"
America
:
Belize
"
{
ec
{
"
Beliz
"
}
}
"
America
:
Blanc
-
Sablon
"
{
ec
{
"
Blank
-
Sablon
"
}
}
"
America
:
Boa_Vista
"
{
ec
{
"
Boa
-
Wista
"
}
}
"
America
:
Bogota
"
{
ec
{
"
Bogota
"
}
}
"
America
:
Boise
"
{
ec
{
"
Bo
se
"
}
}
"
America
:
Buenos_Aires
"
{
ec
{
"
Buenos
-
A
res
"
}
}
"
America
:
Cambridge_Bay
"
{
ec
{
"
Kembrij
-
Be
"
}
}
"
America
:
Campo_Grande
"
{
ec
{
"
Kampu
-
Grandi
"
}
}
"
America
:
Cancun
"
{
ec
{
"
Kankun
"
}
}
"
America
:
Caracas
"
{
ec
{
"
Karakas
"
}
}
"
America
:
Catamarca
"
{
ec
{
"
Katamarka
"
}
}
"
America
:
Cayenne
"
{
ec
{
"
Ka
enna
"
}
}
"
America
:
Cayman
"
{
ec
{
"
Ka
man
adalary
"
}
}
"
America
:
Chicago
"
{
ec
{
"
ikago
"
}
}
"
America
:
Chihuahua
"
{
ec
{
"
ihuahua
"
}
}
"
America
:
Coral_Harbour
"
{
ec
{
"
Atikokan
"
}
}
"
America
:
Cordoba
"
{
ec
{
"
Kordowa
"
}
}
"
America
:
Costa_Rica
"
{
ec
{
"
Kosta
-
Rika
"
}
}
"
America
:
Creston
"
{
ec
{
"
Kreston
"
}
}
"
America
:
Cuiaba
"
{
ec
{
"
Ku
aba
"
}
}
"
America
:
Curacao
"
{
ec
{
"
K
urasao
"
}
}
"
America
:
Danmarkshavn
"
{
ec
{
"
Denmarkshawn
"
}
}
"
America
:
Dawson
"
{
ec
{
"
Douson
"
}
}
"
America
:
Dawson_Creek
"
{
ec
{
"
Douson
-
Krik
"
}
}
"
America
:
Denver
"
{
ec
{
"
Denwer
"
}
}
"
America
:
Detroit
"
{
ec
{
"
Detro
t
"
}
}
"
America
:
Dominica
"
{
ec
{
"
Dominika
"
}
}
"
America
:
Edmonton
"
{
ec
{
"
Edmonton
"
}
}
"
America
:
Eirunepe
"
{
ec
{
"
E
runepe
"
}
}
"
America
:
El_Salvador
"
{
ec
{
"
Salwador
"
}
}
"
America
:
Fort_Nelson
"
{
ec
{
"
Fort
Nelson
"
}
}
"
America
:
Fortaleza
"
{
ec
{
"
Fortaleza
"
}
}
"
America
:
Glace_Bay
"
{
ec
{
"
Gle
s
-
Be
"
}
}
"
America
:
Goose_Bay
"
{
ec
{
"
Gus
-
Be
"
}
}
"
America
:
Grand_Turk
"
{
ec
{
"
Grand
-
Terk
"
}
}
"
America
:
Grenada
"
{
ec
{
"
Grenada
"
}
}
"
America
:
Guadeloupe
"
{
ec
{
"
Gwadelupa
"
}
}
"
America
:
Guatemala
"
{
ec
{
"
Gwatemala
"
}
}
"
America
:
Guayaquil
"
{
ec
{
"
Gu
akil
"
}
}
"
America
:
Guyana
"
{
ec
{
"
Ga
ana
"
}
}
"
America
:
Halifax
"
{
ec
{
"
Galifaks
"
}
}
"
America
:
Havana
"
{
ec
{
"
Gawana
"
}
}
"
America
:
Hermosillo
"
{
ec
{
"
Ermosilo
"
}
}
"
America
:
Indiana
:
Knox
"
{
ec
{
"
Noks
Indiana
"
}
}
"
America
:
Indiana
:
Marengo
"
{
ec
{
"
Marengo
Indiana
"
}
}
"
America
:
Indiana
:
Petersburg
"
{
ec
{
"
Petersburg
Indiana
"
}
}
"
America
:
Indiana
:
Tell_City
"
{
ec
{
"
Tell
-
Siti
Indiana
"
}
}
"
America
:
Indiana
:
Vevay
"
{
ec
{
"
Wiwe
Indiana
"
}
}
"
America
:
Indiana
:
Vincennes
"
{
ec
{
"
Winsens
Indiana
"
}
}
"
America
:
Indiana
:
Winamac
"
{
ec
{
"
Winamak
Indiana
"
}
}
"
America
:
Indianapolis
"
{
ec
{
"
Indianapolis
"
}
}
"
America
:
Inuvik
"
{
ec
{
"
Inuwik
"
}
}
"
America
:
Iqaluit
"
{
ec
{
"
Ikaluit
"
}
}
"
America
:
Jamaica
"
{
ec
{
"
ama
ka
"
}
}
"
America
:
Jujuy
"
{
ec
{
"
u
u
"
}
}
"
America
:
Juneau
"
{
ec
{
"
D
uno
"
}
}
"
America
:
Kentucky
:
Monticello
"
{
ec
{
"
Montisello
Kentuki
"
}
}
"
America
:
Kralendijk
"
{
ec
{
"
Kralende
k
"
}
}
"
America
:
La_Paz
"
{
ec
{
"
La
-
Pas
"
}
}
"
America
:
Lima
"
{
ec
{
"
Lima
"
}
}
"
America
:
Los_Angeles
"
{
ec
{
"
Los
-
Anjeles
"
}
}
"
America
:
Louisville
"
{
ec
{
"
Luiswill
"
}
}
"
America
:
Lower_Princes
"
{
ec
{
"
Lower
-
Prinses
-
Kuorter
"
}
}
"
America
:
Maceio
"
{
ec
{
"
Mase
o
"
}
}
"
America
:
Managua
"
{
ec
{
"
Managua
"
}
}
"
America
:
Manaus
"
{
ec
{
"
Manaus
"
}
}
"
America
:
Marigot
"
{
ec
{
"
Marigo
"
}
}
"
America
:
Martinique
"
{
ec
{
"
Martinika
"
}
}
"
America
:
Matamoros
"
{
ec
{
"
Matamoros
"
}
}
"
America
:
Mazatlan
"
{
ec
{
"
Mazatlan
"
}
}
"
America
:
Mendoza
"
{
ec
{
"
Mendosa
"
}
}
"
America
:
Menominee
"
{
ec
{
"
Menomini
"
}
}
"
America
:
Merida
"
{
ec
{
"
Merida
"
}
}
"
America
:
Metlakatla
"
{
ec
{
"
Metlakatla
"
}
}
"
America
:
Mexico_City
"
{
ec
{
"
Mehiko
"
}
}
"
America
:
Miquelon
"
{
ec
{
"
Mikelon
"
}
}
"
America
:
Moncton
"
{
ec
{
"
Monkton
"
}
}
"
America
:
Monterrey
"
{
ec
{
"
Monterre
"
}
}
"
America
:
Montevideo
"
{
ec
{
"
Montewideo
"
}
}
"
America
:
Montserrat
"
{
ec
{
"
Monserrat
"
}
}
"
America
:
Nassau
"
{
ec
{
"
Nassau
"
}
}
"
America
:
New_York
"
{
ec
{
"
N
u
-
ork
"
}
}
"
America
:
Nipigon
"
{
ec
{
"
Nipigon
"
}
}
"
America
:
Nome
"
{
ec
{
"
Nom
"
}
}
"
America
:
Noronha
"
{
ec
{
"
Noronha
"
}
}
"
America
:
North_Dakota
:
Beulah
"
{
ec
{
"
Bo
la
Demirgazyk
Dakota
"
}
}
"
America
:
North_Dakota
:
Center
"
{
ec
{
"
Sentr
Demirgazyk
Dakota
"
}
}
"
America
:
North_Dakota
:
New_Salem
"
{
ec
{
"
N
u
-
Salem
D
.
g
.
Dakota
"
}
}
"
America
:
Ojinaga
"
{
ec
{
"
Ohinaga
"
}
}
"
America
:
Panama
"
{
ec
{
"
Panama
"
}
}
"
America
:
Pangnirtung
"
{
ec
{
"
Pangnirtang
"
}
}
"
America
:
Paramaribo
"
{
ec
{
"
Paramaribo
"
}
}
"
America
:
Phoenix
"
{
ec
{
"
Feniks
"
}
}
"
America
:
Port
-
au
-
Prince
"
{
ec
{
"
Port
-
o
-
Prens
"
}
}
"
America
:
Port_of_Spain
"
{
ec
{
"
Port
-
of
-
Spe
n
"
}
}
"
America
:
Porto_Velho
"
{
ec
{
"
Portu
-
Wel
u
"
}
}
"
America
:
Puerto_Rico
"
{
ec
{
"
Puerto
-
Riko
"
}
}
"
America
:
Punta_Arenas
"
{
ec
{
"
Punta
-
Arenas
"
}
}
"
America
:
Rainy_River
"
{
ec
{
"
Re
ni
-
Riwer
"
}
}
"
America
:
Rankin_Inlet
"
{
ec
{
"
Rankin
-
Inlet
"
}
}
"
America
:
Recife
"
{
ec
{
"
Resifi
"
}
}
"
America
:
Regina
"
{
ec
{
"
Reja
na
"
}
}
"
America
:
Resolute
"
{
ec
{
"
Rezol
ut
"
}
}
"
America
:
Rio_Branco
"
{
ec
{
"
Riu
-
Branku
"
}
}
"
America
:
Santa_Isabel
"
{
ec
{
"
Santa
-
Izabel
"
}
}
"
America
:
Santarem
"
{
ec
{
"
Santarem
"
}
}
"
America
:
Santiago
"
{
ec
{
"
Sant
ago
"
}
}
"
America
:
Santo_Domingo
"
{
ec
{
"
Santo
-
Domingo
"
}
}
"
America
:
Sao_Paulo
"
{
ec
{
"
San
-
Paulu
"
}
}
"
America
:
Scoresbysund
"
{
ec
{
"
Illokkortoormiut
"
}
}
"
America
:
Sitka
"
{
ec
{
"
Sitka
"
}
}
"
America
:
St_Barthelemy
"
{
ec
{
"
Sen
-
Bartelemi
"
}
}
"
America
:
St_Johns
"
{
ec
{
"
Sent
-
Jons
"
}
}
"
America
:
St_Kitts
"
{
ec
{
"
Sent
-
Kits
"
}
}
"
America
:
St_Lucia
"
{
ec
{
"
Sent
-
L
usi
a
"
}
}
"
America
:
St_Thomas
"
{
ec
{
"
Sent
-
Tomas
"
}
}
"
America
:
St_Vincent
"
{
ec
{
"
Sent
-
Winsent
"
}
}
"
America
:
Swift_Current
"
{
ec
{
"
Swift
-
Karent
"
}
}
"
America
:
Tegucigalpa
"
{
ec
{
"
Tegusigalpa
"
}
}
"
America
:
Thule
"
{
ec
{
"
Tule
"
}
}
"
America
:
Thunder_Bay
"
{
ec
{
"
Tander
-
Be
"
}
}
"
America
:
Tijuana
"
{
ec
{
"
Tihuana
"
}
}
"
America
:
Toronto
"
{
ec
{
"
Toronto
"
}
}
"
America
:
Tortola
"
{
ec
{
"
Tortola
"
}
}
"
America
:
Vancouver
"
{
ec
{
"
Wankuwer
"
}
}
"
America
:
Whitehorse
"
{
ec
{
"
Wa
thors
"
}
}
"
America
:
Yakutat
"
{
ec
{
"
akutat
"
}
}
"
America
:
Yellowknife
"
{
ec
{
"
ellouna
f
"
}
}
"
Antarctica
:
Casey
"
{
ec
{
"
Ke
si
"
}
}
"
Antarctica
:
Davis
"
{
ec
{
"
De
wis
"
}
}
"
Antarctica
:
DumontDUrville
"
{
ec
{
"
D
umon
-
d
-
urwil
"
}
}
"
Antarctica
:
Macquarie
"
{
ec
{
"
Makkuori
"
}
}
"
Antarctica
:
Mawson
"
{
ec
{
"
Mouson
"
}
}
"
Antarctica
:
McMurdo
"
{
ec
{
"
Mak
-
Merdo
"
}
}
"
Antarctica
:
Palmer
"
{
ec
{
"
Palmer
"
}
}
"
Antarctica
:
Rothera
"
{
ec
{
"
Rotera
"
}
}
"
Antarctica
:
Syowa
"
{
ec
{
"
S
owa
"
}
}
"
Antarctica
:
Troll
"
{
ec
{
"
Trol
"
}
}
"
Antarctica
:
Vostok
"
{
ec
{
"
Wostok
"
}
}
"
Arctic
:
Longyearbyen
"
{
ec
{
"
Longir
"
}
}
"
Asia
:
Aden
"
{
ec
{
"
Aden
"
}
}
"
Asia
:
Almaty
"
{
ec
{
"
Almaty
"
}
}
"
Asia
:
Amman
"
{
ec
{
"
Amman
"
}
}
"
Asia
:
Anadyr
"
{
ec
{
"
Anadyr
"
}
}
"
Asia
:
Aqtau
"
{
ec
{
"
Aktau
"
}
}
"
Asia
:
Aqtobe
"
{
ec
{
"
Aktobe
"
}
}
"
Asia
:
Ashgabat
"
{
ec
{
"
A
gabat
"
}
}
"
Asia
:
Atyrau
"
{
ec
{
"
Atyrau
"
}
}
"
Asia
:
Baghdad
"
{
ec
{
"
Bagdat
"
}
}
"
Asia
:
Bahrain
"
{
ec
{
"
Bahre
n
"
}
}
"
Asia
:
Baku
"
{
ec
{
"
Baku
"
}
}
"
Asia
:
Bangkok
"
{
ec
{
"
Bangkok
"
}
}
"
Asia
:
Barnaul
"
{
ec
{
"
Barnaul
"
}
}
"
Asia
:
Beirut
"
{
ec
{
"
Be
rut
"
}
}
"
Asia
:
Bishkek
"
{
ec
{
"
Bi
kek
"
}
}
"
Asia
:
Brunei
"
{
ec
{
"
Brune
"
}
}
"
Asia
:
Calcutta
"
{
ec
{
"
Kalkutta
"
}
}
"
Asia
:
Chita
"
{
ec
{
"
ita
"
}
}
"
Asia
:
Choibalsan
"
{
ec
{
"
o
balsan
"
}
}
"
Asia
:
Colombo
"
{
ec
{
"
Kolombo
"
}
}
"
Asia
:
Damascus
"
{
ec
{
"
Damask
"
}
}
"
Asia
:
Dhaka
"
{
ec
{
"
Dakka
"
}
}
"
Asia
:
Dili
"
{
ec
{
"
Dili
"
}
}
"
Asia
:
Dubai
"
{
ec
{
"
Duba
"
}
}
"
Asia
:
Dushanbe
"
{
ec
{
"
Du
anbe
"
}
}
"
Asia
:
Famagusta
"
{
ec
{
"
Famagusta
"
}
}
"
Asia
:
Gaza
"
{
ec
{
"
Gaza
"
}
}
"
Asia
:
Hebron
"
{
ec
{
"
Hewron
"
}
}
"
Asia
:
Hong_Kong
"
{
ec
{
"
Gonkong
"
}
}
"
Asia
:
Hovd
"
{
ec
{
"
Howd
"
}
}
"
Asia
:
Irkutsk
"
{
ec
{
"
Irkutsk
"
}
}
"
Asia
:
Jakarta
"
{
ec
{
"
Jakarta
"
}
}
"
Asia
:
Jayapura
"
{
ec
{
"
Ja
apura
"
}
}
"
Asia
:
Jerusalem
"
{
ec
{
"
I
erusalim
"
}
}
"
Asia
:
Kabul
"
{
ec
{
"
Kabul
"
}
}
"
Asia
:
Kamchatka
"
{
ec
{
"
Kam
atka
"
}
}
"
Asia
:
Karachi
"
{
ec
{
"
Kara
i
"
}
}
"
Asia
:
Katmandu
"
{
ec
{
"
Katmandu
"
}
}
"
Asia
:
Khandyga
"
{
ec
{
"
Handyga
"
}
}
"
Asia
:
Krasnoyarsk
"
{
ec
{
"
Krasno
arsk
"
}
}
"
Asia
:
Kuala_Lumpur
"
{
ec
{
"
Kuala
-
Lumpur
"
}
}
"
Asia
:
Kuching
"
{
ec
{
"
Ku
ing
"
}
}
"
Asia
:
Kuwait
"
{
ec
{
"
Kuwe
t
"
}
}
"
Asia
:
Macau
"
{
ec
{
"
Makao
"
}
}
"
Asia
:
Magadan
"
{
ec
{
"
Magadan
"
}
}
"
Asia
:
Makassar
"
{
ec
{
"
Makasar
"
}
}
"
Asia
:
Manila
"
{
ec
{
"
Manila
"
}
}
"
Asia
:
Muscat
"
{
ec
{
"
Maskat
"
}
}
"
Asia
:
Nicosia
"
{
ec
{
"
Nikosi
a
"
}
}
"
Asia
:
Novokuznetsk
"
{
ec
{
"
Nowokuznesk
"
}
}
"
Asia
:
Novosibirsk
"
{
ec
{
"
Nowosibirsk
"
}
}
"
Asia
:
Omsk
"
{
ec
{
"
Omsk
"
}
}
"
Asia
:
Oral
"
{
ec
{
"
Oral
"
}
}
"
Asia
:
Phnom_Penh
"
{
ec
{
"
Pnompen
"
}
}
"
Asia
:
Pontianak
"
{
ec
{
"
Pontianak
"
}
}
"
Asia
:
Pyongyang
"
{
ec
{
"
Phen
an
"
}
}
"
Asia
:
Qatar
"
{
ec
{
"
Katar
"
}
}
"
Asia
:
Qostanay
"
{
ec
{
"
Kostana
"
}
}
"
Asia
:
Qyzylorda
"
{
ec
{
"
Gyzylorda
"
}
}
"
Asia
:
Rangoon
"
{
ec
{
"
angon
"
}
}
"
Asia
:
Riyadh
"
{
ec
{
"
Er
-
Ri
ad
"
}
}
"
Asia
:
Saigon
"
{
ec
{
"
Ho
imin
"
}
}
"
Asia
:
Sakhalin
"
{
ec
{
"
Sahalin
"
}
}
"
Asia
:
Samarkand
"
{
ec
{
"
Samarkand
"
}
}
"
Asia
:
Seoul
"
{
ec
{
"
Seul
"
}
}
"
Asia
:
Shanghai
"
{
ec
{
"
anha
"
}
}
"
Asia
:
Singapore
"
{
ec
{
"
Singapur
"
}
}
"
Asia
:
Srednekolymsk
"
{
ec
{
"
Srednekolymsk
"
}
}
"
Asia
:
Taipei
"
{
ec
{
"
Ta
be
"
}
}
"
Asia
:
Tashkent
"
{
ec
{
"
Ta
kent
"
}
}
"
Asia
:
Tbilisi
"
{
ec
{
"
Tbilisi
"
}
}
"
Asia
:
Tehran
"
{
ec
{
"
T
hran
"
}
}
"
Asia
:
Thimphu
"
{
ec
{
"
Timpu
"
}
}
"
Asia
:
Tokyo
"
{
ec
{
"
Tokio
"
}
}
"
Asia
:
Tomsk
"
{
ec
{
"
Tomsk
"
}
}
"
Asia
:
Ulaanbaatar
"
{
ec
{
"
Ulan
-
Bator
"
}
}
"
Asia
:
Urumqi
"
{
ec
{
"
Urum
i
"
}
}
"
Asia
:
Ust
-
Nera
"
{
ec
{
"
Ust
-
Nera
"
}
}
"
Asia
:
Vientiane
"
{
ec
{
"
W
ent
an
"
}
}
"
Asia
:
Vladivostok
"
{
ec
{
"
Wladiwostok
"
}
}
"
Asia
:
Yakutsk
"
{
ec
{
"
akutsk
"
}
}
"
Asia
:
Yekaterinburg
"
{
ec
{
"
ekaterinburg
"
}
}
"
Asia
:
Yerevan
"
{
ec
{
"
erewan
"
}
}
"
Atlantic
:
Azores
"
{
ec
{
"
Azor
adalary
"
}
}
"
Atlantic
:
Bermuda
"
{
ec
{
"
Bermuda
"
}
}
"
Atlantic
:
Canary
"
{
ec
{
"
Kanar
adalary
"
}
}
"
Atlantic
:
Cape_Verde
"
{
ec
{
"
Kabo
-
Werde
"
}
}
"
Atlantic
:
Faeroe
"
{
ec
{
"
Farer
adalary
"
}
}
"
Atlantic
:
Madeira
"
{
ec
{
"
Made
ra
adalary
"
}
}
"
Atlantic
:
Reykjavik
"
{
ec
{
"
Re
k
awik
"
}
}
"
Atlantic
:
South_Georgia
"
{
ec
{
"
G
norta
Georgi
a
"
}
}
"
Atlantic
:
St_Helena
"
{
ec
{
"
Keramatly
elena
adasy
"
}
}
"
Atlantic
:
Stanley
"
{
ec
{
"
Stenli
"
}
}
"
Australia
:
Adelaide
"
{
ec
{
"
Adelaida
"
}
}
"
Australia
:
Brisbane
"
{
ec
{
"
Brisben
"
}
}
"
Australia
:
Broken_Hill
"
{
ec
{
"
Broken
-
Hil
"
}
}
"
Australia
:
Currie
"
{
ec
{
"
Kerri
"
}
}
"
Australia
:
Darwin
"
{
ec
{
"
Darwin
"
}
}
"
Australia
:
Eucla
"
{
ec
{
"
ukla
"
}
}
"
Australia
:
Hobart
"
{
ec
{
"
Hobart
"
}
}
"
Australia
:
Lindeman
"
{
ec
{
"
Lindeman
"
}
}
"
Australia
:
Lord_Howe
"
{
ec
{
"
Lord
-
Hau
"
}
}
"
Australia
:
Melbourne
"
{
ec
{
"
Melburn
"
}
}
"
Australia
:
Perth
"
{
ec
{
"
Pert
"
}
}
"
Australia
:
Sydney
"
{
ec
{
"
Sidne
"
}
}
"
Etc
:
UTC
"
{
ls
{
"
Utga
dyryl
an
hliumumy
wagt
"
}
}
"
Etc
:
Unknown
"
{
ec
{
"
N
belli
her
"
}
}
"
Europe
:
Amsterdam
"
{
ec
{
"
Amsterdam
"
}
}
"
Europe
:
Andorra
"
{
ec
{
"
Andorra
"
}
}
"
Europe
:
Astrakhan
"
{
ec
{
"
Astrahan
"
}
}
"
Europe
:
Athens
"
{
ec
{
"
Afiny
"
}
}
"
Europe
:
Belgrade
"
{
ec
{
"
Belgrad
"
}
}
"
Europe
:
Berlin
"
{
ec
{
"
Berlin
"
}
}
"
Europe
:
Bratislava
"
{
ec
{
"
Bratislawa
"
}
}
"
Europe
:
Brussels
"
{
ec
{
"
Br
ussel
"
}
}
"
Europe
:
Bucharest
"
{
ec
{
"
Buharest
"
}
}
"
Europe
:
Budapest
"
{
ec
{
"
Budape
t
"
}
}
"
Europe
:
Busingen
"
{
ec
{
"
B
uzingen
"
}
}
"
Europe
:
Chisinau
"
{
ec
{
"
Ki
in
ow
"
}
}
"
Europe
:
Copenhagen
"
{
ec
{
"
Kopengagen
"
}
}
"
Europe
:
Dublin
"
{
ec
{
"
Dublin
"
}
ld
{
"
Irlandi
a
standart
wagty
"
}
}
"
Europe
:
Gibraltar
"
{
ec
{
"
Gibraltar
"
}
}
"
Europe
:
Guernsey
"
{
ec
{
"
Gernsi
"
}
}
"
Europe
:
Helsinki
"
{
ec
{
"
Helsinki
"
}
}
"
Europe
:
Isle_of_Man
"
{
ec
{
"
Men
adasy
"
}
}
"
Europe
:
Istanbul
"
{
ec
{
"
Stambul
"
}
}
"
Europe
:
Jersey
"
{
ec
{
"
Jersi
"
}
}
"
Europe
:
Kaliningrad
"
{
ec
{
"
Kaliningrad
"
}
}
"
Europe
:
Kiev
"
{
ec
{
"
Ki
ew
"
}
}
"
Europe
:
Kirov
"
{
ec
{
"
Kirow
"
}
}
"
Europe
:
Lisbon
"
{
ec
{
"
Lissabon
"
}
}
"
Europe
:
Ljubljana
"
{
ec
{
"
L
ubl
ana
"
}
}
"
Europe
:
London
"
{
ec
{
"
London
"
}
ld
{
"
Be
ik
Britani
a
tomusky
wagty
"
}
}
"
Europe
:
Luxembourg
"
{
ec
{
"
L
uksemburg
"
}
}
"
Europe
:
Madrid
"
{
ec
{
"
Madrid
"
}
}
"
Europe
:
Malta
"
{
ec
{
"
Malta
"
}
}
"
Europe
:
Mariehamn
"
{
ec
{
"
Mari
ehamn
"
}
}
"
Europe
:
Minsk
"
{
ec
{
"
Minsk
"
}
}
"
Europe
:
Monaco
"
{
ec
{
"
Monako
"
}
}
"
Europe
:
Moscow
"
{
ec
{
"
Moskwa
"
}
}
"
Europe
:
Oslo
"
{
ec
{
"
Oslo
"
}
}
"
Europe
:
Paris
"
{
ec
{
"
Pari
"
}
}
"
Europe
:
Podgorica
"
{
ec
{
"
Podgorisa
"
}
}
"
Europe
:
Prague
"
{
ec
{
"
Praga
"
}
}
"
Europe
:
Riga
"
{
ec
{
"
Riga
"
}
}
"
Europe
:
Rome
"
{
ec
{
"
Rim
"
}
}
"
Europe
:
Samara
"
{
ec
{
"
Samara
"
}
}
"
Europe
:
San_Marino
"
{
ec
{
"
San
-
Marino
"
}
}
"
Europe
:
Sarajevo
"
{
ec
{
"
Sara
ewo
"
}
}
"
Europe
:
Saratov
"
{
ec
{
"
Saratow
"
}
}
"
Europe
:
Simferopol
"
{
ec
{
"
Simferopol
"
}
}
"
Europe
:
Skopje
"
{
ec
{
"
Skop
e
"
}
}
"
Europe
:
Sofia
"
{
ec
{
"
Sofi
a
"
}
}
"
Europe
:
Stockholm
"
{
ec
{
"
Stokgolm
"
}
}
"
Europe
:
Tallinn
"
{
ec
{
"
Tallin
"
}
}
"
Europe
:
Tirane
"
{
ec
{
"
Tirana
"
}
}
"
Europe
:
Ulyanovsk
"
{
ec
{
"
Ul
anowsk
"
}
}
"
Europe
:
Uzhgorod
"
{
ec
{
"
U
gorod
"
}
}
"
Europe
:
Vaduz
"
{
ec
{
"
Waduz
"
}
}
"
Europe
:
Vatican
"
{
ec
{
"
Watikan
"
}
}
"
Europe
:
Vienna
"
{
ec
{
"
Wena
"
}
}
"
Europe
:
Vilnius
"
{
ec
{
"
Wiln
us
"
}
}
"
Europe
:
Volgograd
"
{
ec
{
"
Wolgograd
"
}
}
"
Europe
:
Warsaw
"
{
ec
{
"
War
awa
"
}
}
"
Europe
:
Zagreb
"
{
ec
{
"
Zagreb
"
}
}
"
Europe
:
Zaporozhye
"
{
ec
{
"
Zaporo
e
"
}
}
"
Europe
:
Zurich
"
{
ec
{
"
S
urih
"
}
}
"
Indian
:
Antananarivo
"
{
ec
{
"
Antananariwu
"
}
}
"
Indian
:
Chagos
"
{
ec
{
"
agos
"
}
}
"
Indian
:
Christmas
"
{
ec
{
"
Ro
destwo
"
}
}
"
Indian
:
Cocos
"
{
ec
{
"
Kokos
"
}
}
"
Indian
:
Comoro
"
{
ec
{
"
Komor
adalary
"
}
}
"
Indian
:
Kerguelen
"
{
ec
{
"
Kergelen
"
}
}
"
Indian
:
Mahe
"
{
ec
{
"
Ma
e
"
}
}
"
Indian
:
Maldives
"
{
ec
{
"
Maldiwler
"
}
}
"
Indian
:
Mauritius
"
{
ec
{
"
Mawriki
"
}
}
"
Indian
:
Mayotte
"
{
ec
{
"
Ma
otta
"
}
}
"
Indian
:
Reunion
"
{
ec
{
"
Re
un
on
"
}
}
"
Pacific
:
Apia
"
{
ec
{
"
Apia
"
}
}
"
Pacific
:
Auckland
"
{
ec
{
"
Oklend
"
}
}
"
Pacific
:
Bougainville
"
{
ec
{
"
Bugenwil
"
}
}
"
Pacific
:
Chatham
"
{
ec
{
"
atem
"
}
}
"
Pacific
:
Easter
"
{
ec
{
"
Pasha
adasy
"
}
}
"
Pacific
:
Efate
"
{
ec
{
"
Efate
"
}
}
"
Pacific
:
Enderbury
"
{
ec
{
"
Enderberi
"
}
}
"
Pacific
:
Fakaofo
"
{
ec
{
"
Fakaofo
"
}
}
"
Pacific
:
Fiji
"
{
ec
{
"
Fiji
"
}
}
"
Pacific
:
Funafuti
"
{
ec
{
"
Funafuti
"
}
}
"
Pacific
:
Galapagos
"
{
ec
{
"
Galapagos
adalary
"
}
}
"
Pacific
:
Gambier
"
{
ec
{
"
Gamb
e
"
}
}
"
Pacific
:
Guadalcanal
"
{
ec
{
"
Gwadalkanal
"
}
}
"
Pacific
:
Guam
"
{
ec
{
"
Guam
"
}
}
"
Pacific
:
Honolulu
"
{
ec
{
"
Gonolulu
"
}
}
"
Pacific
:
Johnston
"
{
ec
{
"
Jonston
"
}
}
"
Pacific
:
Kiritimati
"
{
ec
{
"
Kiritimati
"
}
}
"
Pacific
:
Kosrae
"
{
ec
{
"
Kosra
e
"
}
}
"
Pacific
:
Kwajalein
"
{
ec
{
"
Kwajale
n
"
}
}
"
Pacific
:
Majuro
"
{
ec
{
"
Majuro
"
}
}
"
Pacific
:
Marquesas
"
{
ec
{
"
Markiz
adalary
"
}
}
"
Pacific
:
Midway
"
{
ec
{
"
Midue
"
}
}
"
Pacific
:
Nauru
"
{
ec
{
"
Nauru
"
}
}
"
Pacific
:
Niue
"
{
ec
{
"
Niue
"
}
}
"
Pacific
:
Norfolk
"
{
ec
{
"
Norfolk
"
}
}
"
Pacific
:
Noumea
"
{
ec
{
"
Numea
"
}
}
"
Pacific
:
Pago_Pago
"
{
ec
{
"
Pago
-
Pago
"
}
}
"
Pacific
:
Palau
"
{
ec
{
"
Palau
"
}
}
"
Pacific
:
Pitcairn
"
{
ec
{
"
Pitkern
"
}
}
"
Pacific
:
Ponape
"
{
ec
{
"
Ponape
"
}
}
"
Pacific
:
Port_Moresby
"
{
ec
{
"
Port
-
Morsbi
"
}
}
"
Pacific
:
Rarotonga
"
{
ec
{
"
Rarotonga
"
}
}
"
Pacific
:
Saipan
"
{
ec
{
"
Sa
pan
"
}
}
"
Pacific
:
Tahiti
"
{
ec
{
"
Taiti
"
}
}
"
Pacific
:
Tarawa
"
{
ec
{
"
Tarawa
"
}
}
"
Pacific
:
Tongatapu
"
{
ec
{
"
Tongatapu
"
}
}
"
Pacific
:
Truk
"
{
ec
{
"
uuk
"
}
}
"
Pacific
:
Wake
"
{
ec
{
"
We
k
"
}
}
"
Pacific
:
Wallis
"
{
ec
{
"
Uollis
"
}
}
"
meta
:
Afghanistan
"
{
ls
{
"
Owganystan
wagty
"
}
}
"
meta
:
Africa_Central
"
{
ls
{
"
Merkezi
Afrika
wagty
"
}
}
"
meta
:
Africa_Eastern
"
{
ls
{
"
G
ndogar
Afrika
wagty
"
}
}
"
meta
:
Africa_Southern
"
{
ls
{
"
G
norta
Afrika
standart
wagty
"
}
}
"
meta
:
Africa_Western
"
{
ld
{
"
G
nbatar
Afrika
tomusky
wagty
"
}
lg
{
"
G
nbatar
Afrika
wagty
"
}
ls
{
"
G
nbatar
Afrika
standart
wagty
"
}
}
"
meta
:
Alaska
"
{
ld
{
"
Al
aska
tomusky
wagty
"
}
lg
{
"
Al
aska
wagty
"
}
ls
{
"
Al
aska
standart
wagty
"
}
}
"
meta
:
Amazon
"
{
ld
{
"
Amazon
tomusky
wagty
"
}
lg
{
"
Amazon
wagty
"
}
ls
{
"
Amazon
standart
wagty
"
}
}
"
meta
:
America_Central
"
{
ld
{
"
Merkezi
Amerika
tomusky
wagty
"
}
lg
{
"
Merkezi
Amerika
"
}
ls
{
"
Merkezi
Amerika
standart
wagty
"
}
}
"
meta
:
America_Eastern
"
{
ld
{
"
Demirgazyk
Amerika
g
ndogar
tomusky
wagty
"
}
lg
{
"
Demirgazyk
Amerika
g
ndogar
wagty
"
}
ls
{
"
Demirgazyk
Amerika
g
ndogar
standart
wagty
"
}
}
"
meta
:
America_Mountain
"
{
ld
{
"
Demirgazyk
Amerika
dag
tomusky
wagty
"
}
lg
{
"
Demirgazyk
Amerika
dag
wagty
"
}
ls
{
"
Demirgazyk
Amerika
dag
standart
wagty
"
}
}
"
meta
:
America_Pacific
"
{
ld
{
"
Demirgazyk
Amerika
uwa
umman
tomusky
wagty
"
}
lg
{
"
Demirgazyk
Amerika
uwa
umman
wagty
"
}
ls
{
"
Demirgazyk
Amerika
uwa
umman
standart
wagty
"
}
}
"
meta
:
Apia
"
{
ld
{
"
Apia
tomusky
wagty
"
}
lg
{
"
Apia
wagty
"
}
ls
{
"
Apia
standart
wagty
"
}
}
"
meta
:
Arabian
"
{
ld
{
"
Arap
urtlary
tomusky
wagty
"
}
lg
{
"
Arap
urtlary
wagty
"
}
ls
{
"
Arap
urtlary
standart
wagty
"
}
}
"
meta
:
Argentina
"
{
ld
{
"
Argentina
tomusky
wagty
"
}
lg
{
"
Argentina
wagty
"
}
ls
{
"
Argentina
standart
wagty
"
}
}
"
meta
:
Argentina_Western
"
{
ld
{
"
G
nbatar
Argentina
tomusky
wagty
"
}
lg
{
"
G
nbatar
Argentina
wagty
"
}
ls
{
"
G
nbatar
Argentina
standart
wagty
"
}
}
"
meta
:
Armenia
"
{
ld
{
"
Ermenistan
tomusky
wagty
"
}
lg
{
"
Ermenistan
wagty
"
}
ls
{
"
Ermenistan
standart
wagty
"
}
}
"
meta
:
Atlantic
"
{
ld
{
"
Atlantik
tomusky
wagty
"
}
lg
{
"
Atlantik
wagty
"
}
ls
{
"
Atlantik
standart
wagty
"
}
}
"
meta
:
Australia_Central
"
{
ld
{
"
Merkezi
Awstrali
a
tomusky
wagty
"
}
lg
{
"
Merkezi
Awstrali
a
wagty
"
}
ls
{
"
Merkezi
Awstrali
a
standart
wagty
"
}
}
"
meta
:
Australia_CentralWestern
"
{
ld
{
"
Merkezi
Awstrali
a
g
nbatar
tomusky
wagty
"
}
lg
{
"
Merkezi
Awstrali
a
g
nbatar
wagty
"
}
ls
{
"
Merkezi
Awstrali
a
g
nbatar
standart
wagty
"
}
}
"
meta
:
Australia_Eastern
"
{
ld
{
"
G
ndogar
Awstrali
a
tomusky
wagty
"
}
lg
{
"
G
ndogar
Awstrali
a
wagty
"
}
ls
{
"
G
ndogar
Awstrali
a
standart
wagty
"
}
}
"
meta
:
Australia_Western
"
{
ld
{
"
G
nbatar
Awstrali
a
tomusky
wagty
"
}
lg
{
"
G
nbatar
Awstrali
a
wagty
"
}
ls
{
"
G
nbatar
Awstrali
a
standart
wagty
"
}
}
"
meta
:
Azerbaijan
"
{
ld
{
"
Azerba
jan
tomusky
wagty
"
}
lg
{
"
Azerba
jan
wagty
"
}
ls
{
"
Azerba
jan
standart
wagty
"
}
}
"
meta
:
Azores
"
{
ld
{
"
Azor
adalary
tomusky
wagty
"
}
lg
{
"
Azor
adalary
wagty
"
}
ls
{
"
Azor
adalary
standart
wagty
"
}
}
"
meta
:
Bangladesh
"
{
ld
{
"
Banglade
tomusky
wagty
"
}
lg
{
"
Banglade
wagty
"
}
ls
{
"
Banglade
standart
wagty
"
}
}
"
meta
:
Bhutan
"
{
ls
{
"
Butan
wagty
"
}
}
"
meta
:
Bolivia
"
{
ls
{
"
Boliwi
a
wagty
"
}
}
"
meta
:
Brasilia
"
{
ld
{
"
Brazili
a
tomusky
wagty
"
}
lg
{
"
Brazili
a
wagty
"
}
ls
{
"
Brazili
a
standart
wagty
"
}
}
"
meta
:
Brunei
"
{
ls
{
"
Brune
-
Darussalam
wagty
"
}
}
"
meta
:
Cape_Verde
"
{
ld
{
"
Kabo
-
Werde
tomusky
wagty
"
}
lg
{
"
Kabo
-
Werde
wagty
"
}
ls
{
"
Kabo
-
Werde
standart
wagty
"
}
}
"
meta
:
Chamorro
"
{
ls
{
"
amorro
wagty
"
}
}
"
meta
:
Chatham
"
{
ld
{
"
atem
tomusky
wagty
"
}
lg
{
"
atem
wagty
"
}
ls
{
"
atem
standart
wagty
"
}
}
"
meta
:
Chile
"
{
ld
{
"
ili
tomusky
wagty
"
}
lg
{
"
ili
wagty
"
}
ls
{
"
ili
standart
wagty
"
}
}
"
meta
:
China
"
{
ld
{
"
Hyta
tomusky
wagty
"
}
lg
{
"
Hyta
wagty
"
}
ls
{
"
Hyta
standart
wagty
"
}
}
"
meta
:
Choibalsan
"
{
ld
{
"
o
balsan
tomusky
wagt
"
}
lg
{
"
o
balsan
wagty
"
}
ls
{
"
o
balsan
standart
wagty
"
}
}
"
meta
:
Christmas
"
{
ls
{
"
Ro
destwo
adasy
wagty
"
}
}
"
meta
:
Cocos
"
{
ls
{
"
Kokos
adalary
wagty
"
}
}
"
meta
:
Colombia
"
{
ld
{
"
Kolumbi
a
tomusky
wagty
"
}
lg
{
"
Kolumbi
a
wagty
"
}
ls
{
"
Kolumbi
a
standart
wagty
"
}
}
"
meta
:
Cook
"
{
ld
{
"
Kuk
adalary
tomusky
wagty
"
}
lg
{
"
Kuk
adalary
wagty
"
}
ls
{
"
Kuk
adalary
standart
wagty
"
}
}
"
meta
:
Cuba
"
{
ld
{
"
Kuba
tomusky
wagty
"
}
lg
{
"
Kuba
wagty
"
}
ls
{
"
Kuba
standart
wagty
"
}
}
"
meta
:
Davis
"
{
ls
{
"
De
wis
wagty
"
}
}
"
meta
:
DumontDUrville
"
{
ls
{
"
D
umon
-
d
-
urwil
wagty
"
}
}
"
meta
:
East_Timor
"
{
ls
{
"
G
ndogar
Timor
wagty
"
}
}
"
meta
:
Easter
"
{
ld
{
"
Pasha
adasy
tomusky
wagty
"
}
lg
{
"
Pasha
adasy
wagty
"
}
ls
{
"
Pasha
adasy
standart
wagty
"
}
}
"
meta
:
Ecuador
"
{
ls
{
"
Ekwador
wagty
"
}
}
"
meta
:
Europe_Central
"
{
ld
{
"
Merkezi
ewropa
tomusky
wagty
"
}
lg
{
"
Merkezi
ewropa
wagty
"
}
ls
{
"
Merkezi
ewropa
standart
wagty
"
}
}
"
meta
:
Europe_Eastern
"
{
ld
{
"
G
ndogar
ewropa
tomusky
wagty
"
}
lg
{
"
G
ndogar
ewropa
wagty
"
}
ls
{
"
G
ndogar
ewropa
standart
wagty
"
}
}
"
meta
:
Europe_Further_Eastern
"
{
ls
{
"
Uzak
G
ndogar
ewropa
wagty
"
}
}
"
meta
:
Europe_Western
"
{
ld
{
"
G
nbatar
ewropa
tomusky
wagty
"
}
lg
{
"
G
nbatar
ewropa
wagty
"
}
ls
{
"
G
nbatar
ewropa
standart
wagty
"
}
}
"
meta
:
Falkland
"
{
ld
{
"
Folklend
adalary
tomusky
wagty
"
}
lg
{
"
Folklend
adalary
wagty
"
}
ls
{
"
Folklend
adalary
standart
wagty
"
}
}
"
meta
:
Fiji
"
{
ld
{
"
Fiji
tomusky
wagty
"
}
lg
{
"
Fiji
wagty
"
}
ls
{
"
Fiji
standart
wagty
"
}
}
"
meta
:
French_Guiana
"
{
ls
{
"
Fransuz
Gwianasy
wagty
"
}
}
"
meta
:
French_Southern
"
{
ls
{
"
Fransuz
G
norta
we
Antarktika
erleri
wagty
"
}
}
"
meta
:
GMT
"
{
ls
{
"
Grinwi
bo
un
a
orta
wagt
"
}
}
"
meta
:
Galapagos
"
{
ls
{
"
Galapagos
adalary
wagty
"
}
}
"
meta
:
Gambier
"
{
ls
{
"
Gamb
e
wagty
"
}
}
"
meta
:
Georgia
"
{
ld
{
"
Gruzi
a
tomusky
wagty
"
}
lg
{
"
Gruzi
a
wagty
"
}
ls
{
"
Gruzi
a
standart
wagty
"
}
}
"
meta
:
Gilbert_Islands
"
{
ls
{
"
Gilbert
adalary
wagty
"
}
}
"
meta
:
Greenland_Eastern
"
{
ld
{
"
G
ndogar
Grenlandi
a
tomusky
wagty
"
}
lg
{
"
G
ndogar
Grenlandi
a
wagty
"
}
ls
{
"
G
ndogar
Grenlandi
a
standart
wagty
"
}
}
"
meta
:
Greenland_Western
"
{
ld
{
"
G
nbatar
Grenlandi
a
tomusky
wagty
"
}
lg
{
"
G
nbatar
Grenlandi
a
wagty
"
}
ls
{
"
G
nbatar
Grenlandi
a
standart
wagty
"
}
}
"
meta
:
Gulf
"
{
ls
{
"
Pars
a
lagy
standart
wagty
"
}
}
"
meta
:
Guyana
"
{
ls
{
"
Ga
ana
wagty
"
}
}
"
meta
:
Hawaii_Aleutian
"
{
ld
{
"
Gawa
-
Aleut
tomusky
wagty
"
}
lg
{
"
Gawa
-
Aleut
wagty
"
}
ls
{
"
Gawa
-
Aleut
standart
wagty
"
}
}
"
meta
:
Hong_Kong
"
{
ld
{
"
Gonkong
tomusky
wagty
"
}
lg
{
"
Gonkong
wagty
"
}
ls
{
"
Gonkong
standart
wagty
"
}
}
"
meta
:
Hovd
"
{
ld
{
"
Howd
tomusky
wagty
"
}
lg
{
"
Howd
wagty
"
}
ls
{
"
Howd
standart
wagty
"
}
}
"
meta
:
India
"
{
ls
{
"
Hindistan
standart
wagty
"
}
}
"
meta
:
Indian_Ocean
"
{
ls
{
"
Hindi
ummany
wagty
"
}
}
"
meta
:
Indochina
"
{
ls
{
"
Hindihyta
wagty
"
}
}
"
meta
:
Indonesia_Central
"
{
ls
{
"
Merkezi
Indonezi
a
wagty
"
}
}
"
meta
:
Indonesia_Eastern
"
{
ls
{
"
G
ndogar
Indonezi
a
wagty
"
}
}
"
meta
:
Indonesia_Western
"
{
ls
{
"
G
nbatar
Indonezi
a
wagty
"
}
}
"
meta
:
Iran
"
{
ld
{
"
E
ran
tomusky
wagty
"
}
lg
{
"
E
ran
wagty
"
}
ls
{
"
E
ran
standart
wagty
"
}
}
"
meta
:
Irkutsk
"
{
ld
{
"
Irkutsk
tomusky
wagty
"
}
lg
{
"
Irkutsk
wagty
"
}
ls
{
"
Irkutsk
standart
wagty
"
}
}
"
meta
:
Israel
"
{
ld
{
"
Ysra
yl
tomusky
wagty
"
}
lg
{
"
Ysra
yl
wagty
"
}
ls
{
"
Ysra
yl
standart
wagty
"
}
}
"
meta
:
Japan
"
{
ld
{
"
aponi
a
tomusky
wagty
"
}
lg
{
"
aponi
a
wagty
"
}
ls
{
"
aponi
a
standart
wagty
"
}
}
"
meta
:
Kazakhstan_Eastern
"
{
ls
{
"
G
ndogar
Gazagystan
wagty
"
}
}
"
meta
:
Kazakhstan_Western
"
{
ls
{
"
G
nbatar
Gazagystan
wagty
"
}
}
"
meta
:
Korea
"
{
ld
{
"
Kore
a
tomusky
wagty
"
}
lg
{
"
Kore
a
wagty
"
}
ls
{
"
Kore
a
standart
wagty
"
}
}
"
meta
:
Kosrae
"
{
ls
{
"
Kosra
e
wagty
"
}
}
"
meta
:
Krasnoyarsk
"
{
ld
{
"
Krasno
arsk
tomusky
wagty
"
}
lg
{
"
Krasno
arsk
wagty
"
}
ls
{
"
Krasno
arsk
standart
wagty
"
}
}
"
meta
:
Kyrgystan
"
{
ls
{
"
Gyrgyzystan
wagty
"
}
}
"
meta
:
Line_Islands
"
{
ls
{
"
La
n
adalary
wagty
"
}
}
"
meta
:
Lord_Howe
"
{
ld
{
"
Lord
-
Hau
tomusky
wagty
"
}
lg
{
"
Lord
-
Hau
wagty
"
}
ls
{
"
Lord
-
Hau
standart
wagty
"
}
}
"
meta
:
Macquarie
"
{
ls
{
"
Makkuori
adasy
wagty
"
}
}
"
meta
:
Magadan
"
{
ld
{
"
Magadan
tomusky
wagty
"
}
lg
{
"
Magadan
wagty
"
}
ls
{
"
Magadan
standart
wagty
"
}
}
"
meta
:
Malaysia
"
{
ls
{
"
Mala
zi
a
wagty
"
}
}
"
meta
:
Maldives
"
{
ls
{
"
Maldiwler
wagty
"
}
}
"
meta
:
Marquesas
"
{
ls
{
"
Markiz
adalary
wagty
"
}
}
"
meta
:
Marshall_Islands
"
{
ls
{
"
Mar
all
adalary
wagty
"
}
}
"
meta
:
Mauritius
"
{
ld
{
"
Mawriki
tomusky
wagty
"
}
lg
{
"
Mawriki
wagty
"
}
ls
{
"
Mawriki
standart
wagty
"
}
}
"
meta
:
Mawson
"
{
ls
{
"
Mouson
wagty
"
}
}
"
meta
:
Mexico_Northwest
"
{
ld
{
"
Demirgazyk
-
g
nbatar
Meksika
tomusky
wagty
"
}
lg
{
"
Demirgazyk
-
g
nbatar
Meksika
wagty
"
}
ls
{
"
Demirgazyk
-
g
nbatar
Meksika
standart
wagty
"
}
}
"
meta
:
Mexico_Pacific
"
{
ld
{
"
Meksikan
uwa
umman
tomusky
wagty
"
}
lg
{
"
Meksikan
uwa
umman
wagty
"
}
ls
{
"
Meksikan
uwa
umman
standart
wagty
"
}
}
"
meta
:
Mongolia
"
{
ld
{
"
Ulan
-
Bator
tomusky
wagty
"
}
lg
{
"
Ulan
-
Bator
wagty
"
}
ls
{
"
Ulan
-
Bator
standart
wagty
"
}
}
"
meta
:
Moscow
"
{
ld
{
"
Moskwa
tomusky
wagty
"
}
lg
{
"
Moskwa
wagty
"
}
ls
{
"
Moskwa
standart
wagty
"
}
}
"
meta
:
Myanmar
"
{
ls
{
"
M
anma
wagty
"
}
}
"
meta
:
Nauru
"
{
ls
{
"
Nauru
wagty
"
}
}
"
meta
:
Nepal
"
{
ls
{
"
Nepal
wagty
"
}
}
"
meta
:
New_Caledonia
"
{
ld
{
"
T
ze
Kaledoni
a
tomusky
wagty
"
}
lg
{
"
T
ze
Kaledoni
a
wagty
"
}
ls
{
"
T
ze
Kaledoni
a
standart
wagty
"
}
}
"
meta
:
New_Zealand
"
{
ld
{
"
T
ze
Zelandi
a
tomusky
wagty
"
}
lg
{
"
T
ze
Zelandi
a
wagty
"
}
ls
{
"
T
ze
Zelandi
a
standart
wagty
"
}
}
"
meta
:
Newfoundland
"
{
ld
{
"
N
ufaundlend
tomusky
wagty
"
}
lg
{
"
N
ufaundlend
wagty
"
}
ls
{
"
N
ufaundlend
standart
wagty
"
}
}
"
meta
:
Niue
"
{
ls
{
"
Niue
wagty
"
}
}
"
meta
:
Norfolk
"
{
ls
{
"
Norfolk
adasy
wagty
"
}
}
"
meta
:
Noronha
"
{
ld
{
"
Fernandu
-
di
-
Noron
a
tomusky
wagty
"
}
lg
{
"
Fernandu
-
di
-
Noron
a
wagty
"
}
ls
{
"
Fernandu
-
di
-
Noron
a
standart
wagty
"
}
}
"
meta
:
Novosibirsk
"
{
ld
{
"
Nowosibisk
tomusky
wagty
"
}
lg
{
"
Nowosibirsk
wagty
"
}
ls
{
"
Nowosibirsk
standart
wagty
"
}
}
"
meta
:
Omsk
"
{
ld
{
"
Omsk
tomusky
wagty
"
}
lg
{
"
Omsk
wagty
"
}
ls
{
"
Omsk
standart
wagty
"
}
}
"
meta
:
Pakistan
"
{
ld
{
"
Pakistan
tomusky
wagty
"
}
lg
{
"
Pakistan
wagty
"
}
ls
{
"
Pakistan
standart
wagty
"
}
}
"
meta
:
Palau
"
{
ls
{
"
Palau
wagty
"
}
}
"
meta
:
Papua_New_Guinea
"
{
ls
{
"
Papua
-
T
ze
Gwine
a
wagty
"
}
}
"
meta
:
Paraguay
"
{
ld
{
"
Paragwa
tomusky
wagty
"
}
lg
{
"
Paragwa
wagty
"
}
ls
{
"
Paragwa
standart
wagty
"
}
}
"
meta
:
Peru
"
{
ld
{
"
Peru
tomusky
wagty
"
}
lg
{
"
Peru
wagty
"
}
ls
{
"
Peru
standart
wagty
"
}
}
"
meta
:
Philippines
"
{
ld
{
"
Filippinler
tomusky
wagty
"
}
lg
{
"
Filippinler
wagty
"
}
ls
{
"
Filippinler
standart
wagty
"
}
}
"
meta
:
Phoenix_Islands
"
{
ls
{
"
Feniks
adalary
wagty
"
}
}
"
meta
:
Pierre_Miquelon
"
{
ld
{
"
Sen
-
P
er
we
Mikelon
tomusky
wagty
"
}
lg
{
"
Sen
-
P
er
we
Mikelon
"
}
ls
{
"
Sen
-
P
er
we
Mikelon
standart
wagty
"
}
}
"
meta
:
Pitcairn
"
{
ls
{
"
Pitkern
wagty
"
}
}
"
meta
:
Ponape
"
{
ls
{
"
Ponape
wagty
"
}
}
"
meta
:
Pyongyang
"
{
ls
{
"
Phen
an
wagty
"
}
}
"
meta
:
Reunion
"
{
ls
{
"
Re
un
on
wagty
"
}
}
"
meta
:
Rothera
"
{
ls
{
"
Rotera
wagty
"
}
}
"
meta
:
Sakhalin
"
{
ld
{
"
Sahalin
tomusky
wagty
"
}
lg
{
"
Sahalin
wagty
"
}
ls
{
"
Sahalin
standart
wagty
"
}
}
"
meta
:
Samoa
"
{
ld
{
"
Samoa
tomusky
wagty
"
}
lg
{
"
Samoa
wagty
"
}
ls
{
"
Samoa
standart
wagty
"
}
}
"
meta
:
Seychelles
"
{
ls
{
"
Se
el
adalary
wagty
"
}
}
"
meta
:
Singapore
"
{
ls
{
"
Singapur
wagty
"
}
}
"
meta
:
Solomon
"
{
ls
{
"
Solomon
adalary
wagty
"
}
}
"
meta
:
South_Georgia
"
{
ls
{
"
G
norta
Georgi
a
wagty
"
}
}
"
meta
:
Suriname
"
{
ls
{
"
Surinam
wagty
"
}
}
"
meta
:
Syowa
"
{
ls
{
"
S
owa
wagty
"
}
}
"
meta
:
Tahiti
"
{
ls
{
"
Taiti
wagty
"
}
}
"
meta
:
Taipei
"
{
ld
{
"
Ta
be
tomusky
wagty
"
}
lg
{
"
Ta
be
wagty
"
}
ls
{
"
Ta
be
standart
wagty
"
}
}
"
meta
:
Tajikistan
"
{
ls
{
"
T
jigistan
wagty
"
}
}
"
meta
:
Tokelau
"
{
ls
{
"
Tokelau
wagty
"
}
}
"
meta
:
Tonga
"
{
ld
{
"
Tonga
tomusky
wagty
"
}
lg
{
"
Tonga
wagty
"
}
ls
{
"
Tonga
standart
wagty
"
}
}
"
meta
:
Truk
"
{
ls
{
"
uuk
wagty
"
}
}
"
meta
:
Turkmenistan
"
{
ld
{
"
T
rkmenistan
tomusky
wagty
"
}
lg
{
"
T
rkmenistan
wagty
"
}
ls
{
"
T
rkmenistan
standart
wagty
"
}
}
"
meta
:
Tuvalu
"
{
ls
{
"
Tuwalu
wagty
"
}
}
"
meta
:
Uruguay
"
{
ld
{
"
Urugwa
tomusky
wagty
"
}
lg
{
"
Urugwa
wagty
"
}
ls
{
"
Urugwa
standart
wagty
"
}
}
"
meta
:
Uzbekistan
"
{
ld
{
"
zbegistan
tomusky
wagty
"
}
lg
{
"
zbegistan
wagty
"
}
ls
{
"
zbegistan
standart
wagty
"
}
}
"
meta
:
Vanuatu
"
{
ld
{
"
Wanuatu
tomusky
wagty
"
}
lg
{
"
Wanuatu
wagty
"
}
ls
{
"
Wanuatu
standart
wagty
"
}
}
"
meta
:
Venezuela
"
{
ls
{
"
Wenesuela
wagty
"
}
}
"
meta
:
Vladivostok
"
{
ld
{
"
Wladiwostok
tomusky
wagty
"
}
lg
{
"
Wladiwostok
wagty
"
}
ls
{
"
Wladiwostok
standart
wagty
"
}
}
"
meta
:
Volgograd
"
{
ld
{
"
Wolgograd
tomusky
wagty
"
}
lg
{
"
Wolgograd
wagty
"
}
ls
{
"
Wolgograd
standart
wagty
"
}
}
"
meta
:
Vostok
"
{
ls
{
"
Wostok
wagty
"
}
}
"
meta
:
Wake
"
{
ls
{
"
We
k
adasy
wagty
"
}
}
"
meta
:
Wallis
"
{
ls
{
"
Uollis
we
Futuna
wagty
"
}
}
"
meta
:
Yakutsk
"
{
ld
{
"
akutsk
tomusky
wagty
"
}
lg
{
"
akutsk
wagty
"
}
ls
{
"
akutsk
standart
wagty
"
}
}
"
meta
:
Yekaterinburg
"
{
ld
{
"
ekaterinburg
tomusky
wagty
"
}
lg
{
"
ekaterinburg
wagty
"
}
ls
{
"
ekaterinburg
standart
wagty
"
}
}
fallbackFormat
{
"
{
1
}
(
{
0
}
)
"
}
gmtFormat
{
"
GMT
{
0
}
"
}
gmtZeroFormat
{
"
GMT
"
}
hourFormat
{
"
+
HH
:
mm
;
-
HH
:
mm
"
}
regionFormat
{
"
{
0
}
wagty
"
}
regionFormatDaylight
{
"
{
0
}
tomusky
wagty
"
}
regionFormatStandard
{
"
{
0
}
standart
wagty
"
}
}
}
