/
/
2016
and
later
:
Unicode
Inc
.
and
others
.
/
/
License
&
terms
of
use
:
http
:
/
/
www
.
unicode
.
org
/
copyright
.
html
#
License
to
{
Version
{
"
36
.
1
"
}
zoneStrings
{
"
Africa
:
Abidjan
"
{
ec
{
"
Abidjan
"
}
}
"
Africa
:
Accra
"
{
ec
{
"
Accra
"
}
}
"
Africa
:
Addis_Ababa
"
{
ec
{
"
Addis
Ababa
"
}
}
"
Africa
:
Algiers
"
{
ec
{
"
Algiers
"
}
}
"
Africa
:
Asmera
"
{
ec
{
"
Asmara
"
}
}
"
Africa
:
Bamako
"
{
ec
{
"
Bamako
"
}
}
"
Africa
:
Bangui
"
{
ec
{
"
Bangui
"
}
}
"
Africa
:
Banjul
"
{
ec
{
"
Banjul
"
}
}
"
Africa
:
Bissau
"
{
ec
{
"
Bissau
"
}
}
"
Africa
:
Blantyre
"
{
ec
{
"
Blantyre
"
}
}
"
Africa
:
Brazzaville
"
{
ec
{
"
Brazzaville
"
}
}
"
Africa
:
Bujumbura
"
{
ec
{
"
Bujumbura
"
}
}
"
Africa
:
Cairo
"
{
ec
{
"
Cairo
"
}
}
"
Africa
:
Casablanca
"
{
ec
{
"
Casablanca
"
}
}
"
Africa
:
Ceuta
"
{
ec
{
"
Ceuta
"
}
}
"
Africa
:
Conakry
"
{
ec
{
"
Conakry
"
}
}
"
Africa
:
Dakar
"
{
ec
{
"
Dakar
"
}
}
"
Africa
:
Dar_es_Salaam
"
{
ec
{
"
Dar
es
Salaam
"
}
}
"
Africa
:
Djibouti
"
{
ec
{
"
Djibouti
"
}
}
"
Africa
:
Douala
"
{
ec
{
"
Douala
"
}
}
"
Africa
:
El_Aaiun
"
{
ec
{
"
El
Aaiun
"
}
}
"
Africa
:
Freetown
"
{
ec
{
"
Freetown
"
}
}
"
Africa
:
Gaborone
"
{
ec
{
"
Gaborone
"
}
}
"
Africa
:
Harare
"
{
ec
{
"
Harare
"
}
}
"
Africa
:
Johannesburg
"
{
ec
{
"
Johannesburg
"
}
}
"
Africa
:
Juba
"
{
ec
{
"
Juba
"
}
}
"
Africa
:
Kampala
"
{
ec
{
"
Kampala
"
}
}
"
Africa
:
Khartoum
"
{
ec
{
"
Khartoum
"
}
}
"
Africa
:
Kigali
"
{
ec
{
"
Kigali
"
}
}
"
Africa
:
Kinshasa
"
{
ec
{
"
Kinshasa
"
}
}
"
Africa
:
Lagos
"
{
ec
{
"
Lagos
"
}
}
"
Africa
:
Libreville
"
{
ec
{
"
Libreville
"
}
}
"
Africa
:
Lome
"
{
ec
{
"
Lome
"
}
}
"
Africa
:
Luanda
"
{
ec
{
"
Luanda
"
}
}
"
Africa
:
Lubumbashi
"
{
ec
{
"
Lubumbashi
"
}
}
"
Africa
:
Lusaka
"
{
ec
{
"
Lusaka
"
}
}
"
Africa
:
Malabo
"
{
ec
{
"
Malabo
"
}
}
"
Africa
:
Maputo
"
{
ec
{
"
Maputo
"
}
}
"
Africa
:
Maseru
"
{
ec
{
"
Maseru
"
}
}
"
Africa
:
Mbabane
"
{
ec
{
"
Mbabane
"
}
}
"
Africa
:
Mogadishu
"
{
ec
{
"
Mogadishu
"
}
}
"
Africa
:
Monrovia
"
{
ec
{
"
Monrovia
"
}
}
"
Africa
:
Nairobi
"
{
ec
{
"
Nairobi
"
}
}
"
Africa
:
Ndjamena
"
{
ec
{
"
Ndjamena
"
}
}
"
Africa
:
Niamey
"
{
ec
{
"
Niamey
"
}
}
"
Africa
:
Nouakchott
"
{
ec
{
"
Nouakchott
"
}
}
"
Africa
:
Ouagadougou
"
{
ec
{
"
Ouagadougou
"
}
}
"
Africa
:
Porto
-
Novo
"
{
ec
{
"
Porto
-
Novo
"
}
}
"
Africa
:
Sao_Tome
"
{
ec
{
"
Sao
Tom
"
}
}
"
Africa
:
Tripoli
"
{
ec
{
"
Tripoli
"
}
}
"
Africa
:
Tunis
"
{
ec
{
"
Tunis
"
}
}
"
Africa
:
Windhoek
"
{
ec
{
"
Windhoek
"
}
}
"
America
:
Adak
"
{
ec
{
"
Adak
"
}
}
"
America
:
Anchorage
"
{
ec
{
"
Anchorage
"
}
}
"
America
:
Anguilla
"
{
ec
{
"
Anguilla
"
}
}
"
America
:
Antigua
"
{
ec
{
"
Antigua
"
}
}
"
America
:
Araguaina
"
{
ec
{
"
Araguaina
"
}
}
"
America
:
Argentina
:
La_Rioja
"
{
ec
{
"
La
Rioja
"
}
}
"
America
:
Argentina
:
Rio_Gallegos
"
{
ec
{
"
Rio
Gallegos
"
}
}
"
America
:
Argentina
:
Salta
"
{
ec
{
"
Salta
"
}
}
"
America
:
Argentina
:
San_Juan
"
{
ec
{
"
San
Juan
"
}
}
"
America
:
Argentina
:
San_Luis
"
{
ec
{
"
San
Luis
"
}
}
"
America
:
Argentina
:
Tucuman
"
{
ec
{
"
Tucuman
"
}
}
"
America
:
Argentina
:
Ushuaia
"
{
ec
{
"
Ushuaia
"
}
}
"
America
:
Aruba
"
{
ec
{
"
Aruba
"
}
}
"
America
:
Asuncion
"
{
ec
{
"
Asunci
n
"
}
}
"
America
:
Bahia
"
{
ec
{
"
Bahia
"
}
}
"
America
:
Bahia_Banderas
"
{
ec
{
"
Bahia
Banderas
"
}
}
"
America
:
Barbados
"
{
ec
{
"
Barbados
"
}
}
"
America
:
Belem
"
{
ec
{
"
Belem
"
}
}
"
America
:
Belize
"
{
ec
{
"
Belize
"
}
}
"
America
:
Blanc
-
Sablon
"
{
ec
{
"
Blanc
-
Sablon
"
}
}
"
America
:
Boa_Vista
"
{
ec
{
"
Boa
Vista
"
}
}
"
America
:
Bogota
"
{
ec
{
"
Bogota
"
}
}
"
America
:
Boise
"
{
ec
{
"
Boise
"
}
}
"
America
:
Buenos_Aires
"
{
ec
{
"
Buenos
Aires
"
}
}
"
America
:
Cambridge_Bay
"
{
ec
{
"
Cambridge
Bay
"
}
}
"
America
:
Campo_Grande
"
{
ec
{
"
Campo
Grande
"
}
}
"
America
:
Cancun
"
{
ec
{
"
Cancun
"
}
}
"
America
:
Caracas
"
{
ec
{
"
Caracas
"
}
}
"
America
:
Catamarca
"
{
ec
{
"
Catamarca
"
}
}
"
America
:
Cayenne
"
{
ec
{
"
Cayenne
"
}
}
"
America
:
Cayman
"
{
ec
{
"
Cayman
"
}
}
"
America
:
Chicago
"
{
ec
{
"
Chicago
"
}
}
"
America
:
Chihuahua
"
{
ec
{
"
Chihuahua
"
}
}
"
America
:
Coral_Harbour
"
{
ec
{
"
Atikokan
"
}
}
"
America
:
Cordoba
"
{
ec
{
"
Cordoba
"
}
}
"
America
:
Costa_Rica
"
{
ec
{
"
Costa
Rica
"
}
}
"
America
:
Creston
"
{
ec
{
"
Creston
"
}
}
"
America
:
Cuiaba
"
{
ec
{
"
Cuiaba
"
}
}
"
America
:
Curacao
"
{
ec
{
"
Cura
ao
"
}
}
"
America
:
Danmarkshavn
"
{
ec
{
"
Danmarkshavn
"
}
}
"
America
:
Dawson
"
{
ec
{
"
Dawson
"
}
}
"
America
:
Dawson_Creek
"
{
ec
{
"
Dawson
Creek
"
}
}
"
America
:
Denver
"
{
ec
{
"
Denver
"
}
}
"
America
:
Detroit
"
{
ec
{
"
Detroit
"
}
}
"
America
:
Dominica
"
{
ec
{
"
Dominica
"
}
}
"
America
:
Edmonton
"
{
ec
{
"
Edmonton
"
}
}
"
America
:
Eirunepe
"
{
ec
{
"
Eirunepe
"
}
}
"
America
:
El_Salvador
"
{
ec
{
"
El
Salvador
"
}
}
"
America
:
Fort_Nelson
"
{
ec
{
"
Fort
Nelson
"
}
}
"
America
:
Fortaleza
"
{
ec
{
"
Fortaleza
"
}
}
"
America
:
Glace_Bay
"
{
ec
{
"
Glace
Bay
"
}
}
"
America
:
Godthab
"
{
ec
{
"
Nuuk
"
}
}
"
America
:
Goose_Bay
"
{
ec
{
"
Goose
Bay
"
}
}
"
America
:
Grand_Turk
"
{
ec
{
"
Grand
Turk
"
}
}
"
America
:
Grenada
"
{
ec
{
"
Grenada
"
}
}
"
America
:
Guadeloupe
"
{
ec
{
"
Guadeloupe
"
}
}
"
America
:
Guatemala
"
{
ec
{
"
Guatemala
"
}
}
"
America
:
Guayaquil
"
{
ec
{
"
Guayaquil
"
}
}
"
America
:
Guyana
"
{
ec
{
"
Guyana
"
}
}
"
America
:
Halifax
"
{
ec
{
"
Halifax
"
}
}
"
America
:
Havana
"
{
ec
{
"
Havana
"
}
}
"
America
:
Hermosillo
"
{
ec
{
"
Hermosillo
"
}
}
"
America
:
Indiana
:
Knox
"
{
ec
{
"
Knox
Indiana
"
}
}
"
America
:
Indiana
:
Marengo
"
{
ec
{
"
Marengo
Indiana
"
}
}
"
America
:
Indiana
:
Petersburg
"
{
ec
{
"
Petersburg
Indiana
"
}
}
"
America
:
Indiana
:
Tell_City
"
{
ec
{
"
Tell
City
Indiana
"
}
}
"
America
:
Indiana
:
Vevay
"
{
ec
{
"
Vevay
Indiana
"
}
}
"
America
:
Indiana
:
Vincennes
"
{
ec
{
"
Vincennes
Indiana
"
}
}
"
America
:
Indiana
:
Winamac
"
{
ec
{
"
Winamac
Indiana
"
}
}
"
America
:
Indianapolis
"
{
ec
{
"
Indianapolis
"
}
}
"
America
:
Inuvik
"
{
ec
{
"
Inuvik
"
}
}
"
America
:
Iqaluit
"
{
ec
{
"
Iqaluit
"
}
}
"
America
:
Jamaica
"
{
ec
{
"
Jamaica
"
}
}
"
America
:
Jujuy
"
{
ec
{
"
Jujuy
"
}
}
"
America
:
Juneau
"
{
ec
{
"
Juneau
"
}
}
"
America
:
Kentucky
:
Monticello
"
{
ec
{
"
Monticello
Kentucky
"
}
}
"
America
:
Kralendijk
"
{
ec
{
"
Kralendijk
"
}
}
"
America
:
La_Paz
"
{
ec
{
"
La
Paz
"
}
}
"
America
:
Lima
"
{
ec
{
"
Lima
"
}
}
"
America
:
Los_Angeles
"
{
ec
{
"
Los
Angeles
"
}
}
"
America
:
Louisville
"
{
ec
{
"
Louisville
"
}
}
"
America
:
Lower_Princes
"
{
ec
{
"
Lower
Prince
s
Quarter
"
}
}
"
America
:
Maceio
"
{
ec
{
"
Maceio
"
}
}
"
America
:
Managua
"
{
ec
{
"
Managua
"
}
}
"
America
:
Manaus
"
{
ec
{
"
Manaus
"
}
}
"
America
:
Marigot
"
{
ec
{
"
Marigot
"
}
}
"
America
:
Martinique
"
{
ec
{
"
Martinique
"
}
}
"
America
:
Matamoros
"
{
ec
{
"
Matamoros
"
}
}
"
America
:
Mazatlan
"
{
ec
{
"
Mazatlan
"
}
}
"
America
:
Mendoza
"
{
ec
{
"
Mendoza
"
}
}
"
America
:
Menominee
"
{
ec
{
"
Menominee
"
}
}
"
America
:
Merida
"
{
ec
{
"
Merida
"
}
}
"
America
:
Metlakatla
"
{
ec
{
"
Metlakatla
"
}
}
"
America
:
Mexico_City
"
{
ec
{
"
Mexico
City
"
}
}
"
America
:
Miquelon
"
{
ec
{
"
Miquelon
"
}
}
"
America
:
Moncton
"
{
ec
{
"
Moncton
"
}
}
"
America
:
Monterrey
"
{
ec
{
"
Monterrey
"
}
}
"
America
:
Montevideo
"
{
ec
{
"
Montevideo
"
}
}
"
America
:
Montserrat
"
{
ec
{
"
Montserrat
"
}
}
"
America
:
Nassau
"
{
ec
{
"
Nassau
"
}
}
"
America
:
New_York
"
{
ec
{
"
Niu
Ioke
"
}
}
"
America
:
Nipigon
"
{
ec
{
"
Nipigon
"
}
}
"
America
:
Nome
"
{
ec
{
"
Nome
"
}
}
"
America
:
Noronha
"
{
ec
{
"
Noronha
"
}
}
"
America
:
North_Dakota
:
Beulah
"
{
ec
{
"
Beulah
North
Dakota
"
}
}
"
America
:
North_Dakota
:
Center
"
{
ec
{
"
Center
North
Dakota
"
}
}
"
America
:
North_Dakota
:
New_Salem
"
{
ec
{
"
New
Salem
North
Dakota
"
}
}
"
America
:
Ojinaga
"
{
ec
{
"
Ojinaga
"
}
}
"
America
:
Panama
"
{
ec
{
"
Panama
"
}
}
"
America
:
Pangnirtung
"
{
ec
{
"
Pangnirtung
"
}
}
"
America
:
Paramaribo
"
{
ec
{
"
Paramaribo
"
}
}
"
America
:
Phoenix
"
{
ec
{
"
Phoenix
"
}
}
"
America
:
Port
-
au
-
Prince
"
{
ec
{
"
Port
-
au
-
Prince
"
}
}
"
America
:
Port_of_Spain
"
{
ec
{
"
Port
of
Spain
"
}
}
"
America
:
Porto_Velho
"
{
ec
{
"
Porto
Velho
"
}
}
"
America
:
Puerto_Rico
"
{
ec
{
"
Puerto
Rico
"
}
}
"
America
:
Punta_Arenas
"
{
ec
{
"
Punta
Arenas
"
}
}
"
America
:
Rainy_River
"
{
ec
{
"
Rainy
River
"
}
}
"
America
:
Rankin_Inlet
"
{
ec
{
"
Rankin
Inlet
"
}
}
"
America
:
Recife
"
{
ec
{
"
Recife
"
}
}
"
America
:
Regina
"
{
ec
{
"
Regina
"
}
}
"
America
:
Resolute
"
{
ec
{
"
Resolute
"
}
}
"
America
:
Rio_Branco
"
{
ec
{
"
Rio
Branco
"
}
}
"
America
:
Santa_Isabel
"
{
ec
{
"
Santa
Isabel
"
}
}
"
America
:
Santarem
"
{
ec
{
"
Santarem
"
}
}
"
America
:
Santiago
"
{
ec
{
"
Santiago
"
}
}
"
America
:
Santo_Domingo
"
{
ec
{
"
Santo
Domingo
"
}
}
"
America
:
Sao_Paulo
"
{
ec
{
"
Sao
Paulo
"
}
}
"
America
:
Scoresbysund
"
{
ec
{
"
Ittoqqortoormiit
"
}
}
"
America
:
Sitka
"
{
ec
{
"
Sitka
"
}
}
"
America
:
St_Barthelemy
"
{
ec
{
"
St
.
Barth
lemy
"
}
}
"
America
:
St_Johns
"
{
ec
{
"
St
.
John
s
"
}
}
"
America
:
St_Kitts
"
{
ec
{
"
St
.
Kitts
"
}
}
"
America
:
St_Lucia
"
{
ec
{
"
St
.
Lucia
"
}
}
"
America
:
St_Thomas
"
{
ec
{
"
St
.
Thomas
"
}
}
"
America
:
St_Vincent
"
{
ec
{
"
St
.
Vincent
"
}
}
"
America
:
Swift_Current
"
{
ec
{
"
Swift
Current
"
}
}
"
America
:
Tegucigalpa
"
{
ec
{
"
Tegucigalpa
"
}
}
"
America
:
Thule
"
{
ec
{
"
Thule
"
}
}
"
America
:
Thunder_Bay
"
{
ec
{
"
Thunder
Bay
"
}
}
"
America
:
Tijuana
"
{
ec
{
"
Tijuana
"
}
}
"
America
:
Toronto
"
{
ec
{
"
Toronto
"
}
}
"
America
:
Tortola
"
{
ec
{
"
Tortola
"
}
}
"
America
:
Vancouver
"
{
ec
{
"
Vancouver
"
}
}
"
America
:
Whitehorse
"
{
ec
{
"
Whitehorse
"
}
}
"
America
:
Winnipeg
"
{
ec
{
"
Winnipeg
"
}
}
"
America
:
Yakutat
"
{
ec
{
"
Yakutat
"
}
}
"
America
:
Yellowknife
"
{
ec
{
"
Yellowknife
"
}
}
"
Antarctica
:
Casey
"
{
ec
{
"
Casey
"
}
}
"
Antarctica
:
Davis
"
{
ec
{
"
Davis
"
}
}
"
Antarctica
:
DumontDUrville
"
{
ec
{
"
Dumont
d
Urville
"
}
}
"
Antarctica
:
Macquarie
"
{
ec
{
"
Macquarie
"
}
}
"
Antarctica
:
Mawson
"
{
ec
{
"
Mawson
"
}
}
"
Antarctica
:
McMurdo
"
{
ec
{
"
McMurdo
"
}
}
"
Antarctica
:
Palmer
"
{
ec
{
"
Palmer
"
}
}
"
Antarctica
:
Rothera
"
{
ec
{
"
Rothera
"
}
}
"
Antarctica
:
Syowa
"
{
ec
{
"
Syowa
"
}
}
"
Antarctica
:
Troll
"
{
ec
{
"
Troll
"
}
}
"
Antarctica
:
Vostok
"
{
ec
{
"
Vostok
"
}
}
"
Arctic
:
Longyearbyen
"
{
ec
{
"
Longyearbyen
"
}
}
"
Asia
:
Aden
"
{
ec
{
"
Aden
"
}
}
"
Asia
:
Almaty
"
{
ec
{
"
Almaty
"
}
}
"
Asia
:
Amman
"
{
ec
{
"
Amman
"
}
}
"
Asia
:
Anadyr
"
{
ec
{
"
Anadyr
"
}
}
"
Asia
:
Aqtau
"
{
ec
{
"
Aqtau
"
}
}
"
Asia
:
Aqtobe
"
{
ec
{
"
Aqtobe
"
}
}
"
Asia
:
Ashgabat
"
{
ec
{
"
Ashgabat
"
}
}
"
Asia
:
Atyrau
"
{
ec
{
"
Atyrau
"
}
}
"
Asia
:
Baghdad
"
{
ec
{
"
Baghdad
"
}
}
"
Asia
:
Bahrain
"
{
ec
{
"
Bahrain
"
}
}
"
Asia
:
Baku
"
{
ec
{
"
Baku
"
}
}
"
Asia
:
Bangkok
"
{
ec
{
"
Bangkok
"
}
}
"
Asia
:
Barnaul
"
{
ec
{
"
Barnaul
"
}
}
"
Asia
:
Beirut
"
{
ec
{
"
Beirut
"
}
}
"
Asia
:
Bishkek
"
{
ec
{
"
Bishkek
"
}
}
"
Asia
:
Brunei
"
{
ec
{
"
Brunei
"
}
}
"
Asia
:
Calcutta
"
{
ec
{
"
Kolkata
"
}
}
"
Asia
:
Chita
"
{
ec
{
"
Chita
"
}
}
"
Asia
:
Choibalsan
"
{
ec
{
"
Choibalsan
"
}
}
"
Asia
:
Colombo
"
{
ec
{
"
Colombo
"
}
}
"
Asia
:
Damascus
"
{
ec
{
"
Damascus
"
}
}
"
Asia
:
Dhaka
"
{
ec
{
"
Dhaka
"
}
}
"
Asia
:
Dili
"
{
ec
{
"
Dili
"
}
}
"
Asia
:
Dubai
"
{
ec
{
"
Dubai
"
}
}
"
Asia
:
Dushanbe
"
{
ec
{
"
Dushanbe
"
}
}
"
Asia
:
Famagusta
"
{
ec
{
"
Famagusta
"
}
}
"
Asia
:
Gaza
"
{
ec
{
"
Gaza
"
}
}
"
Asia
:
Hebron
"
{
ec
{
"
Hebron
"
}
}
"
Asia
:
Hong_Kong
"
{
ec
{
"
Hong
Kong
"
}
}
"
Asia
:
Hovd
"
{
ec
{
"
Hovd
"
}
}
"
Asia
:
Irkutsk
"
{
ec
{
"
Irkutsk
"
}
}
"
Asia
:
Jakarta
"
{
ec
{
"
Jakarta
"
}
}
"
Asia
:
Jayapura
"
{
ec
{
"
Jayapura
"
}
}
"
Asia
:
Jerusalem
"
{
ec
{
"
Sel
salema
"
}
}
"
Asia
:
Kabul
"
{
ec
{
"
Kabul
"
}
}
"
Asia
:
Kamchatka
"
{
ec
{
"
Kamchatka
"
}
}
"
Asia
:
Karachi
"
{
ec
{
"
Karachi
"
}
}
"
Asia
:
Katmandu
"
{
ec
{
"
Kathmandu
"
}
}
"
Asia
:
Khandyga
"
{
ec
{
"
Khandyga
"
}
}
"
Asia
:
Krasnoyarsk
"
{
ec
{
"
Krasnoyarsk
"
}
}
"
Asia
:
Kuala_Lumpur
"
{
ec
{
"
Kuala
Lumpur
"
}
}
"
Asia
:
Kuching
"
{
ec
{
"
Kuching
"
}
}
"
Asia
:
Kuwait
"
{
ec
{
"
Kuwait
"
}
}
"
Asia
:
Macau
"
{
ec
{
"
Macau
"
}
}
"
Asia
:
Magadan
"
{
ec
{
"
Magadan
"
}
}
"
Asia
:
Makassar
"
{
ec
{
"
Makassar
"
}
}
"
Asia
:
Manila
"
{
ec
{
"
Manila
"
}
}
"
Asia
:
Muscat
"
{
ec
{
"
Muscat
"
}
}
"
Asia
:
Nicosia
"
{
ec
{
"
Nicosia
"
}
}
"
Asia
:
Novokuznetsk
"
{
ec
{
"
Novokuznetsk
"
}
}
"
Asia
:
Novosibirsk
"
{
ec
{
"
Novosibirsk
"
}
}
"
Asia
:
Omsk
"
{
ec
{
"
Omsk
"
}
}
"
Asia
:
Oral
"
{
ec
{
"
Oral
"
}
}
"
Asia
:
Phnom_Penh
"
{
ec
{
"
Phnom
Penh
"
}
}
"
Asia
:
Pontianak
"
{
ec
{
"
Pontianak
"
}
}
"
Asia
:
Pyongyang
"
{
ec
{
"
Pyongyang
"
}
}
"
Asia
:
Qatar
"
{
ec
{
"
Qatar
"
}
}
"
Asia
:
Qyzylorda
"
{
ec
{
"
Qyzylorda
"
}
}
"
Asia
:
Rangoon
"
{
ec
{
"
Rangoon
"
}
}
"
Asia
:
Riyadh
"
{
ec
{
"
Riyadh
"
}
}
"
Asia
:
Saigon
"
{
ec
{
"
Ho
Chi
Minh
"
}
}
"
Asia
:
Sakhalin
"
{
ec
{
"
Sakhalin
"
}
}
"
Asia
:
Samarkand
"
{
ec
{
"
Samarkand
"
}
}
"
Asia
:
Seoul
"
{
ec
{
"
Seoul
"
}
}
"
Asia
:
Shanghai
"
{
ec
{
"
Shanghai
"
}
}
"
Asia
:
Singapore
"
{
ec
{
"
Singapore
"
}
}
"
Asia
:
Srednekolymsk
"
{
ec
{
"
Srednekolymsk
"
}
}
"
Asia
:
Taipei
"
{
ec
{
"
Taipei
"
}
}
"
Asia
:
Tashkent
"
{
ec
{
"
Tashkent
"
}
}
"
Asia
:
Tbilisi
"
{
ec
{
"
Tbilisi
"
}
}
"
Asia
:
Tehran
"
{
ec
{
"
Tehran
"
}
}
"
Asia
:
Thimphu
"
{
ec
{
"
Thimphu
"
}
}
"
Asia
:
Tokyo
"
{
ec
{
"
Tokyo
"
}
}
"
Asia
:
Tomsk
"
{
ec
{
"
Tomsk
"
}
}
"
Asia
:
Ulaanbaatar
"
{
ec
{
"
Ulaanbaatar
"
}
}
"
Asia
:
Urumqi
"
{
ec
{
"
Urumqi
"
}
}
"
Asia
:
Ust
-
Nera
"
{
ec
{
"
Ust
-
Nera
"
}
}
"
Asia
:
Vientiane
"
{
ec
{
"
Vientiane
"
}
}
"
Asia
:
Vladivostok
"
{
ec
{
"
Vladivostok
"
}
}
"
Asia
:
Yakutsk
"
{
ec
{
"
Yakutsk
"
}
}
"
Asia
:
Yekaterinburg
"
{
ec
{
"
Yekaterinburg
"
}
}
"
Asia
:
Yerevan
"
{
ec
{
"
Yerevan
"
}
}
"
Atlantic
:
Azores
"
{
ec
{
"
Azores
"
}
}
"
Atlantic
:
Bermuda
"
{
ec
{
"
Bermuda
"
}
}
"
Atlantic
:
Canary
"
{
ec
{
"
Canary
"
}
}
"
Atlantic
:
Cape_Verde
"
{
ec
{
"
Cape
Verde
"
}
}
"
Atlantic
:
Faeroe
"
{
ec
{
"
Faroe
"
}
}
"
Atlantic
:
Madeira
"
{
ec
{
"
Madeira
"
}
}
"
Atlantic
:
Reykjavik
"
{
ec
{
"
Reykjavik
"
}
}
"
Atlantic
:
South_Georgia
"
{
ec
{
"
South
Georgia
"
}
}
"
Atlantic
:
St_Helena
"
{
ec
{
"
St
.
Helena
"
}
}
"
Atlantic
:
Stanley
"
{
ec
{
"
Stanley
"
}
}
"
Australia
:
Adelaide
"
{
ec
{
"
Atelaite
"
}
}
"
Australia
:
Brisbane
"
{
ec
{
"
Pelisipane
"
}
}
"
Australia
:
Broken_Hill
"
{
ec
{
"
Broken
Hill
"
}
}
"
Australia
:
Currie
"
{
ec
{
"
Currie
"
}
}
"
Australia
:
Darwin
"
{
ec
{
"
Darwin
"
}
}
"
Australia
:
Eucla
"
{
ec
{
"
Eucla
"
}
}
"
Australia
:
Hobart
"
{
ec
{
"
Hobart
"
}
}
"
Australia
:
Lindeman
"
{
ec
{
"
Lindeman
"
}
}
"
Australia
:
Lord_Howe
"
{
ec
{
"
Lord
Howe
"
}
}
"
Australia
:
Melbourne
"
{
ec
{
"
Melipoane
"
}
}
"
Australia
:
Perth
"
{
ec
{
"
Perth
"
}
}
"
Australia
:
Sydney
"
{
ec
{
"
Sen
"
}
}
"
Etc
:
UTC
"
{
ls
{
"
taimi
fakaem
mani
"
}
}
"
Etc
:
Unknown
"
{
ec
{
"
Feitu
u
ta
e
iloa
"
}
}
"
Europe
:
Amsterdam
"
{
ec
{
"
Amsterdam
"
}
}
"
Europe
:
Andorra
"
{
ec
{
"
Andorra
"
}
}
"
Europe
:
Astrakhan
"
{
ec
{
"
Astrakhan
"
}
}
"
Europe
:
Athens
"
{
ec
{
"
Atenisi
"
}
}
"
Europe
:
Belgrade
"
{
ec
{
"
Belgrade
"
}
}
"
Europe
:
Berlin
"
{
ec
{
"
Berlin
"
}
}
"
Europe
:
Bratislava
"
{
ec
{
"
Bratislava
"
}
}
"
Europe
:
Brussels
"
{
ec
{
"
Brussels
"
}
}
"
Europe
:
Bucharest
"
{
ec
{
"
Bucharest
"
}
}
"
Europe
:
Budapest
"
{
ec
{
"
Budapest
"
}
}
"
Europe
:
Busingen
"
{
ec
{
"
Busingen
"
}
}
"
Europe
:
Chisinau
"
{
ec
{
"
Chisinau
"
}
}
"
Europe
:
Copenhagen
"
{
ec
{
"
Copenhagen
"
}
}
"
Europe
:
Dublin
"
{
ec
{
"
Dublin
"
}
ld
{
"
houa
faka
aealani
taimi
totonu
"
}
}
"
Europe
:
Gibraltar
"
{
ec
{
"
Gibraltar
"
}
}
"
Europe
:
Guernsey
"
{
ec
{
"
Guernsey
"
}
}
"
Europe
:
Helsinki
"
{
ec
{
"
Helsinki
"
}
}
"
Europe
:
Isle_of_Man
"
{
ec
{
"
Isle
of
Man
"
}
}
"
Europe
:
Istanbul
"
{
ec
{
"
Istanbul
"
}
}
"
Europe
:
Jersey
"
{
ec
{
"
Jersey
"
}
}
"
Europe
:
Kaliningrad
"
{
ec
{
"
Kaliningrad
"
}
}
"
Europe
:
Kiev
"
{
ec
{
"
Kiev
"
}
}
"
Europe
:
Kirov
"
{
ec
{
"
Kirov
"
}
}
"
Europe
:
Lisbon
"
{
ec
{
"
Lisbon
"
}
}
"
Europe
:
Ljubljana
"
{
ec
{
"
Ljubljana
"
}
}
"
Europe
:
London
"
{
ec
{
"
Lonitoni
"
}
ld
{
"
houa
fakapilit
nia
taimi
liliu
"
}
}
"
Europe
:
Luxembourg
"
{
ec
{
"
Luxembourg
"
}
}
"
Europe
:
Madrid
"
{
ec
{
"
Madrid
"
}
}
"
Europe
:
Malta
"
{
ec
{
"
Malta
"
}
}
"
Europe
:
Mariehamn
"
{
ec
{
"
Mariehamn
"
}
}
"
Europe
:
Minsk
"
{
ec
{
"
Minsk
"
}
}
"
Europe
:
Monaco
"
{
ec
{
"
Monaco
"
}
}
"
Europe
:
Moscow
"
{
ec
{
"
Mosikou
"
}
}
"
Europe
:
Oslo
"
{
ec
{
"
Oslo
"
}
}
"
Europe
:
Paris
"
{
ec
{
"
Palesi
"
}
}
"
Europe
:
Podgorica
"
{
ec
{
"
Podgorica
"
}
}
"
Europe
:
Prague
"
{
ec
{
"
Prague
"
}
}
"
Europe
:
Riga
"
{
ec
{
"
Riga
"
}
}
"
Europe
:
Rome
"
{
ec
{
"
Loma
"
}
}
"
Europe
:
Samara
"
{
ec
{
"
Samara
"
}
}
"
Europe
:
San_Marino
"
{
ec
{
"
San
Marino
"
}
}
"
Europe
:
Sarajevo
"
{
ec
{
"
Sarajevo
"
}
}
"
Europe
:
Saratov
"
{
ec
{
"
Saratov
"
}
}
"
Europe
:
Simferopol
"
{
ec
{
"
Simferopol
"
}
}
"
Europe
:
Skopje
"
{
ec
{
"
Skopje
"
}
}
"
Europe
:
Sofia
"
{
ec
{
"
Sofia
"
}
}
"
Europe
:
Stockholm
"
{
ec
{
"
Stockholm
"
}
}
"
Europe
:
Tallinn
"
{
ec
{
"
Tallinn
"
}
}
"
Europe
:
Tirane
"
{
ec
{
"
Tirane
"
}
}
"
Europe
:
Ulyanovsk
"
{
ec
{
"
Ulyanovsk
"
}
}
"
Europe
:
Uzhgorod
"
{
ec
{
"
Uzhhorod
"
}
}
"
Europe
:
Vaduz
"
{
ec
{
"
Vaduz
"
}
}
"
Europe
:
Vatican
"
{
ec
{
"
Vatikani
"
}
}
"
Europe
:
Vienna
"
{
ec
{
"
Vienna
"
}
}
"
Europe
:
Vilnius
"
{
ec
{
"
Vilnius
"
}
}
"
Europe
:
Volgograd
"
{
ec
{
"
Volgograd
"
}
}
"
Europe
:
Warsaw
"
{
ec
{
"
Warsaw
"
}
}
"
Europe
:
Zagreb
"
{
ec
{
"
Zagreb
"
}
}
"
Europe
:
Zaporozhye
"
{
ec
{
"
Zaporozhye
"
}
}
"
Europe
:
Zurich
"
{
ec
{
"
Zurich
"
}
}
"
Indian
:
Antananarivo
"
{
ec
{
"
Antananarivo
"
}
}
"
Indian
:
Chagos
"
{
ec
{
"
Chagos
"
}
}
"
Indian
:
Christmas
"
{
ec
{
"
Christmas
"
}
}
"
Indian
:
Cocos
"
{
ec
{
"
Cocos
"
}
}
"
Indian
:
Comoro
"
{
ec
{
"
Comoro
"
}
}
"
Indian
:
Kerguelen
"
{
ec
{
"
Kerguelen
"
}
}
"
Indian
:
Mahe
"
{
ec
{
"
Mahe
"
}
}
"
Indian
:
Maldives
"
{
ec
{
"
Maldives
"
}
}
"
Indian
:
Mauritius
"
{
ec
{
"
Mauritius
"
}
}
"
Indian
:
Mayotte
"
{
ec
{
"
Mayotte
"
}
}
"
Indian
:
Reunion
"
{
ec
{
"
R
union
"
}
}
"
Pacific
:
Apia
"
{
ec
{
"
Apia
"
}
}
"
Pacific
:
Auckland
"
{
ec
{
"
Aokalani
"
}
}
"
Pacific
:
Bougainville
"
{
ec
{
"
Pukanivila
"
}
}
"
Pacific
:
Chatham
"
{
ec
{
"
Chatham
"
}
}
"
Pacific
:
Easter
"
{
ec
{
"
Lapanui
"
}
}
"
Pacific
:
Efate
"
{
ec
{
"
Efate
"
}
}
"
Pacific
:
Enderbury
"
{
ec
{
"
Enitipul
"
}
}
"
Pacific
:
Fakaofo
"
{
ec
{
"
Fakaofo
"
}
}
"
Pacific
:
Fiji
"
{
ec
{
"
Fisi
"
}
}
"
Pacific
:
Funafuti
"
{
ec
{
"
Funafuti
"
}
}
"
Pacific
:
Galapagos
"
{
ec
{
"
Galapagos
"
}
}
"
Pacific
:
Gambier
"
{
ec
{
"
Kamipi
"
}
}
"
Pacific
:
Guadalcanal
"
{
ec
{
"
Kuat
kanali
"
}
}
"
Pacific
:
Guam
"
{
ec
{
"
Kuami
"
}
}
"
Pacific
:
Honolulu
"
{
ec
{
"
Honolulu
"
}
}
"
Pacific
:
Johnston
"
{
ec
{
"
Sionesitoni
"
}
}
"
Pacific
:
Kiritimati
"
{
ec
{
"
Kilisimasi
"
}
}
"
Pacific
:
Kosrae
"
{
ec
{
"
Kosilae
"
}
}
"
Pacific
:
Kwajalein
"
{
ec
{
"
Kuasaleni
"
}
}
"
Pacific
:
Majuro
"
{
ec
{
"
Masulo
"
}
}
"
Pacific
:
Marquesas
"
{
ec
{
"
Malikuesa
"
}
}
"
Pacific
:
Midway
"
{
ec
{
"
Mitiuai
"
}
}
"
Pacific
:
Nauru
"
{
ec
{
"
Naulu
"
}
}
"
Pacific
:
Niue
"
{
ec
{
"
Niu
"
}
}
"
Pacific
:
Norfolk
"
{
ec
{
"
Noaf
ki
"
}
}
"
Pacific
:
Noumea
"
{
ec
{
"
Noumea
"
}
}
"
Pacific
:
Pago_Pago
"
{
ec
{
"
Pangopango
"
}
}
"
Pacific
:
Palau
"
{
ec
{
"
Palau
"
}
}
"
Pacific
:
Pitcairn
"
{
ec
{
"
Pitikeni
"
}
}
"
Pacific
:
Ponape
"
{
ec
{
"
Ponap
"
}
}
"
Pacific
:
Port_Moresby
"
{
ec
{
"
Taulanga
Molesipi
"
}
}
"
Pacific
:
Rarotonga
"
{
ec
{
"
Lalotonga
"
}
}
"
Pacific
:
Saipan
"
{
ec
{
"
Sa
ipani
"
}
}
"
Pacific
:
Tahiti
"
{
ec
{
"
Tahisi
"
}
}
"
Pacific
:
Tarawa
"
{
ec
{
"
Talava
"
}
}
"
Pacific
:
Tongatapu
"
{
ec
{
"
Tongatapu
"
}
}
"
Pacific
:
Truk
"
{
ec
{
"
T
ke
"
}
}
"
Pacific
:
Wake
"
{
ec
{
"
Ueke
"
}
}
"
Pacific
:
Wallis
"
{
ec
{
"
Uvea
"
}
}
"
meta
:
Acre
"
{
ld
{
"
houa
faka
akel
taimi
liliu
"
}
lg
{
"
houa
faka
akel
"
}
ls
{
"
houa
faka
akel
taimi
totonu
"
}
}
"
meta
:
Afghanistan
"
{
ls
{
"
houa
faka
afik
nisitani
"
}
}
"
meta
:
Africa_Central
"
{
ls
{
"
houa
faka
afelika
-
loto
"
}
}
"
meta
:
Africa_Eastern
"
{
ls
{
"
houa
faka
afelika
-
hahake
"
}
}
"
meta
:
Africa_Southern
"
{
ls
{
"
houa
faka
afelika
-
tonga
"
}
}
"
meta
:
Africa_Western
"
{
ld
{
"
houa
faka
afelika
-
hihifo
taimi
liliu
"
}
lg
{
"
houa
faka
afelika
-
hihifo
"
}
ls
{
"
houa
faka
afelika
-
hihifo
taimi
totonu
"
}
}
"
meta
:
Alaska
"
{
ld
{
"
houa
faka
alasika
taimi
liliu
"
}
lg
{
"
houa
faka
alasika
"
}
ls
{
"
houa
faka
alasika
taimi
totonu
"
}
}
"
meta
:
Almaty
"
{
ld
{
"
houa
faka
alamati
taimi
liliu
"
}
lg
{
"
houa
faka
alamati
"
}
ls
{
"
houa
faka
alamati
taimi
totonu
"
}
}
"
meta
:
Amazon
"
{
ld
{
"
houa
faka
amas
ne
taimi
liliu
"
}
lg
{
"
houa
faka
amas
ne
"
}
ls
{
"
houa
faka
amas
ne
taimi
totonu
"
}
}
"
meta
:
America_Central
"
{
ld
{
"
houa
faka
amelika
-
tokelau
loto
taimi
liliu
"
}
lg
{
"
houa
faka
amelika
-
tokelau
loto
"
}
ls
{
"
houa
faka
amelika
-
tokelau
loto
taimi
totonu
"
}
}
"
meta
:
America_Eastern
"
{
ld
{
"
houa
faka
amelika
-
tokelau
hahake
taimi
liliu
"
}
lg
{
"
houa
faka
amelika
-
tokelau
hahake
"
}
ls
{
"
houa
faka
amelika
-
tokelau
hahake
taimi
totonu
"
}
}
"
meta
:
America_Mountain
"
{
ld
{
"
houa
faka
amelika
-
tokelau
mo
unga
taimi
liliu
"
}
lg
{
"
houa
faka
amelika
-
tokelau
mo
unga
"
}
ls
{
"
houa
faka
amelika
-
tokelau
mo
unga
taimi
totonu
"
}
}
"
meta
:
America_Pacific
"
{
ld
{
"
houa
faka
amelika
-
tokelau
pasifika
taimi
liliu
"
}
lg
{
"
houa
faka
amelika
-
tokelau
pasifika
"
}
ls
{
"
houa
faka
amelika
-
tokelau
pasifika
taimi
totonu
"
}
}
"
meta
:
Anadyr
"
{
ld
{
"
houa
fakal
sia
-
anatili
taimi
liliu
"
}
lg
{
"
houa
fakal
sia
-
anatili
"
}
ls
{
"
houa
fakal
sia
-
anatili
taimi
totonu
"
}
}
"
meta
:
Apia
"
{
ld
{
"
houa
fakaapia
taimi
liliu
"
}
lg
{
"
houa
fakaapia
"
}
ls
{
"
houa
fakaapia
taimi
totonu
"
}
}
"
meta
:
Aqtau
"
{
ld
{
"
houa
faka
akitau
taimi
liliu
"
}
lg
{
"
houa
faka
akitau
"
}
ls
{
"
houa
faka
akitau
taimi
totonu
"
}
}
"
meta
:
Aqtobe
"
{
ld
{
"
houa
faka
akit
pe
taimi
liliu
"
}
lg
{
"
houa
faka
akit
pe
"
}
ls
{
"
houa
faka
akit
pe
taimi
totonu
"
}
}
"
meta
:
Arabian
"
{
ld
{
"
houa
faka
alepea
taimi
liliu
"
}
lg
{
"
houa
faka
alepea
"
}
ls
{
"
houa
faka
alepea
taimi
totonu
"
}
}
"
meta
:
Argentina
"
{
ld
{
"
houa
faka
asenitina
taimi
liliu
"
}
lg
{
"
houa
faka
asenitina
"
}
ls
{
"
houa
faka
asenitina
taimi
totonu
"
}
}
"
meta
:
Argentina_Western
"
{
ld
{
"
houa
faka
asenitina
-
hihifo
taimi
liliu
"
}
lg
{
"
houa
faka
asenitina
-
hihifo
"
}
ls
{
"
houa
faka
asenitina
-
hihifo
taimi
totonu
"
}
}
"
meta
:
Armenia
"
{
ld
{
"
houa
faka
menia
taimi
liliu
"
}
lg
{
"
houa
faka
menia
"
}
ls
{
"
houa
faka
menia
taimi
totonu
"
}
}
"
meta
:
Atlantic
"
{
ld
{
"
houa
faka
amelika
-
tokelau
atalanitiki
taimi
liliu
"
}
lg
{
"
houa
faka
amelika
-
tokelau
atalanitiki
"
}
ls
{
"
houa
faka
amelika
-
tokelau
atalanitiki
taimi
totonu
"
}
}
"
meta
:
Australia_Central
"
{
ld
{
"
houa
faka
aositel
lia
-
loto
taimi
liliu
"
}
lg
{
"
houa
faka
aositel
lia
-
loto
"
}
ls
{
"
houa
faka
aositel
lia
-
loto
taimi
totonu
"
}
}
"
meta
:
Australia_CentralWestern
"
{
ld
{
"
houa
faka
aositel
lia
-
loto
-
hihifo
taimi
liliu
"
}
lg
{
"
houa
faka
aositel
lia
-
loto
-
hihifo
"
}
ls
{
"
houa
faka
aositel
lia
-
loto
-
hihifo
taimi
totonu
"
}
}
"
meta
:
Australia_Eastern
"
{
ld
{
"
houa
faka
aositel
lia
-
hahake
taimi
liliu
"
}
lg
{
"
houa
faka
aositel
lia
-
hahake
"
}
ls
{
"
houa
faka
aositel
lia
-
hahake
taimi
totonu
"
}
}
"
meta
:
Australia_Western
"
{
ld
{
"
houa
faka
aositel
lia
-
hihifo
taimi
liliu
"
}
lg
{
"
houa
faka
aositel
lia
-
hihifo
"
}
ls
{
"
houa
faka
aositel
lia
-
hihifo
taimi
totonu
"
}
}
"
meta
:
Azerbaijan
"
{
ld
{
"
houa
faka
asapaisani
taimi
liliu
"
}
lg
{
"
houa
faka
asapaisani
"
}
ls
{
"
houa
faka
asapaisani
taimi
totonu
"
}
}
"
meta
:
Azores
"
{
ld
{
"
houa
faka
solesi
taimi
liliu
"
}
lg
{
"
houa
faka
solesi
"
}
ls
{
"
houa
faka
solesi
taimi
totonu
"
}
}
"
meta
:
Bangladesh
"
{
ld
{
"
houa
fakap
ngil
tesi
taimi
liliu
"
}
lg
{
"
houa
fakap
ngil
tesi
"
}
ls
{
"
houa
fakap
ngil
tesi
taimi
totonu
"
}
}
"
meta
:
Bhutan
"
{
ls
{
"
houa
fakap
tani
"
}
}
"
meta
:
Bolivia
"
{
ls
{
"
houa
fakapol
via
"
}
}
"
meta
:
Brasilia
"
{
ld
{
"
houa
fakapal
sila
taimi
liliu
"
}
lg
{
"
houa
fakapal
sila
"
}
ls
{
"
houa
fakapal
sila
taimi
totonu
"
}
}
"
meta
:
Brunei
"
{
ls
{
"
houa
fakapulunei
"
}
}
"
meta
:
Cape_Verde
"
{
ld
{
"
houa
fakamui
i
-
v
te
taimi
liliu
"
}
lg
{
"
houa
fakamui
i
-
v
te
"
}
ls
{
"
houa
fakamui
i
-
v
te
taimi
totonu
"
}
}
"
meta
:
Casey
"
{
ls
{
"
houa
fakakeesi
"
}
}
"
meta
:
Chamorro
"
{
ls
{
"
houa
fakakamolo
"
}
}
"
meta
:
Chatham
"
{
ld
{
"
houa
fakasatihami
taimi
liliu
"
}
lg
{
"
houa
fakasatihami
"
}
ls
{
"
houa
fakasatihami
taimi
totonu
"
}
}
"
meta
:
Chile
"
{
ld
{
"
houa
fakasili
taimi
liliu
"
}
lg
{
"
houa
fakasili
"
}
ls
{
"
houa
fakasili
taimi
totonu
"
}
}
"
meta
:
China
"
{
ld
{
"
houa
fakasiaina
taimi
liliu
"
}
lg
{
"
houa
fakasiaina
"
}
ls
{
"
houa
fakasiaina
taimi
totonu
"
}
}
"
meta
:
Choibalsan
"
{
ld
{
"
houa
fakakoipalisani
taimi
liliu
"
}
lg
{
"
houa
fakakoipalisani
"
}
ls
{
"
houa
fakakoipalisani
taimi
totonu
"
}
}
"
meta
:
Christmas
"
{
ls
{
"
houa
fakamotukilisimasi
"
}
}
"
meta
:
Cocos
"
{
ls
{
"
houa
fakamotukokosi
"
}
}
"
meta
:
Colombia
"
{
ld
{
"
houa
fakakolomipia
taimi
liliu
"
}
lg
{
"
houa
fakakolomipia
"
}
ls
{
"
houa
fakakolomipia
taimi
totonu
"
}
}
"
meta
:
Cook
"
{
ld
{
"
houa
faka
otumotukuki
taimi
liliu
"
}
lg
{
"
houa
faka
otumotukuki
"
}
ls
{
"
houa
faka
otumotukuki
taimi
totonu
"
}
}
"
meta
:
Cuba
"
{
ld
{
"
houa
fakakiupa
taimi
liliu
"
}
lg
{
"
houa
fakakiupa
"
}
ls
{
"
houa
fakakiupa
taimi
totonu
"
}
}
"
meta
:
Davis
"
{
ls
{
"
houa
fakatavisi
"
}
}
"
meta
:
DumontDUrville
"
{
ls
{
"
houa
fakat
moni
-
t
vile
"
}
}
"
meta
:
East_Timor
"
{
ls
{
"
houa
fakatimoa
-
hahake
"
}
}
"
meta
:
Easter
"
{
ld
{
"
houa
fakalapanui
taimi
liliu
"
}
lg
{
"
houa
fakalapanui
"
}
ls
{
"
houa
fakalapanui
taimi
totonu
"
}
}
"
meta
:
Ecuador
"
{
ls
{
"
houa
faka
ekuetoa
"
}
}
"
meta
:
Europe_Central
"
{
ld
{
"
houa
faka
eulope
-
loto
taimi
liliu
"
}
lg
{
"
houa
faka
eulope
-
loto
"
}
ls
{
"
houa
faka
eulope
-
loto
taimi
totonu
"
}
}
"
meta
:
Europe_Eastern
"
{
ld
{
"
houa
faka
eulope
-
hahake
taimi
liliu
"
}
lg
{
"
houa
faka
eulope
-
hahake
"
}
ls
{
"
houa
faka
eulope
-
hahake
taimi
totonu
"
}
}
"
meta
:
Europe_Further_Eastern
"
{
ls
{
"
houa
faka
eulope
-
hahake
-
ange
"
}
}
"
meta
:
Europe_Western
"
{
ld
{
"
houa
faka
eulope
-
hihifo
taimi
liliu
"
}
lg
{
"
houa
faka
eulope
-
hihifo
"
}
ls
{
"
houa
faka
eulope
-
hihifo
taimi
totonu
"
}
}
"
meta
:
Falkland
"
{
ld
{
"
houa
faka
otumotu
-
fokulani
taimi
liliu
"
}
lg
{
"
houa
faka
otumotu
-
fokulani
"
}
ls
{
"
houa
faka
otumotu
-
fokulani
taimi
totonu
"
}
}
"
meta
:
Fiji
"
{
ld
{
"
houa
fakafisi
taimi
liliu
"
}
lg
{
"
houa
fakafisi
"
}
ls
{
"
houa
fakafisi
taimi
totonu
"
}
}
"
meta
:
French_Guiana
"
{
ls
{
"
houa
fakakuiana
-
fakafalanis
"
}
}
"
meta
:
French_Southern
"
{
ls
{
"
houa
faka
anet
tikafalanis
"
}
}
"
meta
:
GMT
"
{
ls
{
"
houa
fakakiliniuisi
m
lie
"
}
}
"
meta
:
Galapagos
"
{
ls
{
"
houa
fakakalapakosi
"
}
}
"
meta
:
Gambier
"
{
ls
{
"
houa
fakakamipi
"
}
}
"
meta
:
Georgia
"
{
ld
{
"
houa
fakase
sia
taimi
liliu
"
}
lg
{
"
houa
fakase
sia
"
}
ls
{
"
houa
fakase
sia
taimi
totonu
"
}
}
"
meta
:
Gilbert_Islands
"
{
ls
{
"
houa
fakakilipasi
"
}
}
"
meta
:
Greenland_Eastern
"
{
ld
{
"
houa
fakafonuamata
-
hahake
taimi
liliu
"
}
lg
{
"
houa
fakafonuamata
-
hahake
"
}
ls
{
"
houa
fakafonuamata
-
hahake
taimi
totonu
"
}
}
"
meta
:
Greenland_Western
"
{
ld
{
"
houa
fakafonuamata
-
hihifo
taimi
liliu
"
}
lg
{
"
houa
fakafonuamata
-
hihifo
"
}
ls
{
"
houa
fakafonuamata
-
hihifo
taimi
totonu
"
}
}
"
meta
:
Guam
"
{
ls
{
"
houa
fakakuami
"
}
}
"
meta
:
Gulf
"
{
ls
{
"
houa
fakak
lifi
"
}
}
"
meta
:
Guyana
"
{
ls
{
"
houa
fakakuiana
"
}
}
"
meta
:
Hawaii_Aleutian
"
{
ld
{
"
houa
fakahaua
i
taimi
liliu
"
}
lg
{
"
houa
fakahaua
i
"
}
ls
{
"
houa
fakahaua
i
taimi
totonu
"
}
}
"
meta
:
Hong_Kong
"
{
ld
{
"
houa
fakahongi
-
kongi
taimi
liliu
"
}
lg
{
"
houa
fakahongi
-
kongi
"
}
ls
{
"
houa
fakahongi
-
kongi
taimi
totonu
"
}
}
"
meta
:
Hovd
"
{
ld
{
"
houa
fakahovite
taimi
liliu
"
}
lg
{
"
houa
fakahovite
"
}
ls
{
"
houa
fakahovite
taimi
totonu
"
}
}
"
meta
:
India
"
{
ls
{
"
houa
faka
initia
"
}
}
"
meta
:
Indian_Ocean
"
{
ls
{
"
houa
fakamoana
initia
"
}
}
"
meta
:
Indochina
"
{
ls
{
"
houa
faka
initosiaina
"
}
}
"
meta
:
Indonesia_Central
"
{
ls
{
"
houa
faka
initonisia
-
loto
"
}
}
"
meta
:
Indonesia_Eastern
"
{
ls
{
"
houa
faka
initonisia
-
hahake
"
}
}
"
meta
:
Indonesia_Western
"
{
ls
{
"
houa
faka
initonisia
-
hihifo
"
}
}
"
meta
:
Iran
"
{
ld
{
"
houa
faka
ilaani
taimi
liliu
"
}
lg
{
"
houa
faka
ilaani
"
}
ls
{
"
houa
faka
ilaani
taimi
totonu
"
}
}
"
meta
:
Irkutsk
"
{
ld
{
"
houa
fakal
sia
-
kutisiki
taimi
liliu
"
}
lg
{
"
houa
fakal
sia
-
kutisiki
"
}
ls
{
"
houa
fakal
sia
-
kutisiki
taimi
totonu
"
}
}
"
meta
:
Israel
"
{
ld
{
"
houa
faka
isileli
taimi
liliu
"
}
lg
{
"
houa
faka
isileli
"
}
ls
{
"
houa
faka
isileli
taimi
totonu
"
}
}
"
meta
:
Japan
"
{
ld
{
"
houa
fakasiapani
taimi
liliu
"
}
lg
{
"
houa
fakasiapani
"
}
ls
{
"
houa
fakasiapani
taimi
totonu
"
}
}
"
meta
:
Kamchatka
"
{
ld
{
"
houa
fakal
sia
-
petelopavilovisiki
taimi
liliu
"
}
lg
{
"
houa
fakal
sia
-
petelopavilovisiki
"
}
ls
{
"
houa
fakal
sia
-
petelopavilovisiki
taimi
totonu
"
}
}
"
meta
:
Kazakhstan_Eastern
"
{
ls
{
"
houa
fakakasakitani
-
hahake
"
}
}
"
meta
:
Kazakhstan_Western
"
{
ls
{
"
houa
fakakasakitani
-
hihifo
"
}
}
"
meta
:
Korea
"
{
ld
{
"
houa
fakak
lea
taimi
liliu
"
}
lg
{
"
houa
fakak
lea
"
}
ls
{
"
houa
fakak
lea
taimi
totonu
"
}
}
"
meta
:
Kosrae
"
{
ls
{
"
houa
fakakosilae
"
}
}
"
meta
:
Krasnoyarsk
"
{
ld
{
"
houa
fakal
sia
-
kalasinoi
siki
taimi
liliu
"
}
lg
{
"
houa
fakal
sia
-
kalasinoi
siki
"
}
ls
{
"
houa
fakal
sia
-
kalasinoi
siki
taimi
totonu
"
}
}
"
meta
:
Kyrgystan
"
{
ls
{
"
houa
fakak
kisitani
"
}
}
"
meta
:
Lanka
"
{
ls
{
"
houa
fakalangik
"
}
}
"
meta
:
Line_Islands
"
{
ls
{
"
houa
faka
otumotulaine
"
}
}
"
meta
:
Lord_Howe
"
{
ld
{
"
houa
fakamotu
eikihoue
taimi
liliu
"
}
lg
{
"
houa
fakamotu
eikihoue
"
}
ls
{
"
houa
fakamotu
eikihoue
taimi
totonu
"
}
}
"
meta
:
Macau
"
{
ld
{
"
houa
fakamakau
taimi
liliu
"
}
lg
{
"
houa
fakamakau
"
}
ls
{
"
houa
fakamakau
taimi
totonu
"
}
}
"
meta
:
Macquarie
"
{
ls
{
"
houa
fakamotumakuali
"
}
}
"
meta
:
Magadan
"
{
ld
{
"
houa
fakal
sia
-
makatani
taimi
liliu
"
}
lg
{
"
houa
fakal
sia
-
makatani
"
}
ls
{
"
houa
fakal
sia
-
makatani
taimi
totonu
"
}
}
"
meta
:
Malaysia
"
{
ls
{
"
houa
fakamaleisia
"
}
}
"
meta
:
Maldives
"
{
ls
{
"
houa
fakamalativisi
"
}
}
"
meta
:
Marquesas
"
{
ls
{
"
houa
fakam
kesasi
"
}
}
"
meta
:
Marshall_Islands
"
{
ls
{
"
houa
faka
otumotumasolo
"
}
}
"
meta
:
Mauritius
"
{
ld
{
"
houa
fakamaulitiusi
taimi
liliu
"
}
lg
{
"
houa
fakamaulitiusi
"
}
ls
{
"
houa
fakamaulitiusi
taimi
totonu
"
}
}
"
meta
:
Mawson
"
{
ls
{
"
houa
fakamausoni
"
}
}
"
meta
:
Mexico_Northwest
"
{
ld
{
"
houa
fakamekisikou
-
tokelauhihifo
taimi
liliu
"
}
lg
{
"
houa
fakamekisikou
-
tokelauhihifo
"
}
ls
{
"
houa
fakamekisikou
-
tokelauhihifo
taimi
totonu
"
}
}
"
meta
:
Mexico_Pacific
"
{
ld
{
"
houa
fakamekisikou
-
pasifika
taimi
liliu
"
}
lg
{
"
houa
fakamekisikou
-
pasifika
"
}
ls
{
"
houa
fakamekisikou
-
pasifika
taimi
totonu
"
}
}
"
meta
:
Mongolia
"
{
ld
{
"
houa
faka
ul
nip
t
taimi
liliu
"
}
lg
{
"
houa
faka
ul
nip
t
"
}
ls
{
"
houa
faka
ul
nip
t
taimi
totonu
"
}
}
"
meta
:
Moscow
"
{
ld
{
"
houa
fakal
sia
-
mosikou
taimi
liliu
"
}
lg
{
"
houa
fakal
sia
-
mosikou
"
}
ls
{
"
houa
fakal
sia
-
mosikou
taimi
totonu
"
}
}
"
meta
:
Myanmar
"
{
ls
{
"
houa
fakapema
"
}
}
"
meta
:
Nauru
"
{
ls
{
"
houa
fakanaulu
"
}
}
"
meta
:
Nepal
"
{
ls
{
"
houa
fakanepali
"
}
}
"
meta
:
New_Caledonia
"
{
ld
{
"
houa
fakakalet
niafo
ou
taimi
liliu
"
}
lg
{
"
houa
fakakalet
niafo
ou
"
}
ls
{
"
houa
fakakalet
niafo
ou
taimi
totonu
"
}
}
"
meta
:
New_Zealand
"
{
ld
{
"
houa
fakanu
usila
taimi
liliu
"
}
lg
{
"
houa
fakanu
usila
"
}
ls
{
"
houa
fakanu
usila
taimi
totonu
"
}
}
"
meta
:
Newfoundland
"
{
ld
{
"
houa
fakafonua
ilofo
ou
taimi
liliu
"
}
lg
{
"
houa
fakafonua
ilofo
ou
"
}
ls
{
"
houa
fakafonua
ilofo
ou
taimi
totonu
"
}
}
"
meta
:
Niue
"
{
ls
{
"
houa
fakaniu
"
}
}
"
meta
:
Norfolk
"
{
ls
{
"
houa
fakanoaf
ki
"
}
}
"
meta
:
Noronha
"
{
ld
{
"
houa
fakaf
nanito
-
te
-
nol
nia
taimi
liliu
"
}
lg
{
"
houa
fakaf
nanito
-
te
-
nol
nia
"
}
ls
{
"
houa
fakaf
nanito
-
te
-
nol
nia
taimi
totonu
"
}
}
"
meta
:
North_Mariana
"
{
ls
{
"
houa
fakamalianatokelau
"
}
}
"
meta
:
Novosibirsk
"
{
ld
{
"
houa
fakal
sia
-
novosip
siki
taimi
liliu
"
}
lg
{
"
houa
fakal
sia
-
novosip
siki
"
}
ls
{
"
houa
fakal
sia
-
novosip
siki
taimi
totonu
"
}
}
"
meta
:
Omsk
"
{
ld
{
"
houa
fakal
sia
-
omisiki
taimi
liliu
"
}
lg
{
"
houa
fakal
sia
-
omisiki
"
}
ls
{
"
houa
fakal
sia
-
omisiki
taimi
totonu
"
}
}
"
meta
:
Pakistan
"
{
ld
{
"
houa
fakap
kisitani
taimi
liliu
"
}
lg
{
"
houa
fakap
kisitani
"
}
ls
{
"
houa
fakap
kisitani
taimi
totonu
"
}
}
"
meta
:
Palau
"
{
ls
{
"
houa
fakapalau
"
}
}
"
meta
:
Papua_New_Guinea
"
{
ls
{
"
houa
fakapapuaniukini
"
}
}
"
meta
:
Paraguay
"
{
ld
{
"
houa
fakapalakuai
taimi
liliu
"
}
lg
{
"
houa
fakapalakuai
"
}
ls
{
"
houa
fakapalakuai
taimi
totonu
"
}
}
"
meta
:
Peru
"
{
ld
{
"
houa
fakapel
taimi
liliu
"
}
lg
{
"
houa
fakapel
"
}
ls
{
"
houa
fakapel
taimi
totonu
"
}
}
"
meta
:
Philippines
"
{
ld
{
"
houa
fakafilipaine
taimi
liliu
"
}
lg
{
"
houa
fakafilipaine
"
}
ls
{
"
houa
fakafilipaine
taimi
totonu
"
}
}
"
meta
:
Phoenix_Islands
"
{
ls
{
"
houa
faka
otumotufoinikisi
"
}
}
"
meta
:
Pierre_Miquelon
"
{
ld
{
"
houa
fakas
-
piea
-
mo
-
mikeloni
taimi
liliu
"
}
lg
{
"
houa
fakas
-
piea
-
mo
-
mikeloni
"
}
ls
{
"
houa
fakas
-
piea
-
mo
-
mikeloni
taimi
totonu
"
}
}
"
meta
:
Pitcairn
"
{
ls
{
"
houa
fakapitikani
"
}
}
"
meta
:
Ponape
"
{
ls
{
"
houa
fakap
nap
"
}
}
"
meta
:
Pyongyang
"
{
ls
{
"
houa
fakapiongiangi
"
}
}
"
meta
:
Qyzylorda
"
{
ld
{
"
houa
fakakisil
ta
taimi
liliu
"
}
lg
{
"
houa
fakakisil
ta
"
}
ls
{
"
houa
fakakisil
ta
taimi
totonu
"
}
}
"
meta
:
Reunion
"
{
ls
{
"
houa
fakal
unioni
"
}
}
"
meta
:
Rothera
"
{
ls
{
"
houa
fakalotela
"
}
}
"
meta
:
Sakhalin
"
{
ld
{
"
houa
fakal
sia
-
sak
line
taimi
liliu
"
}
lg
{
"
houa
fakal
sia
-
sak
line
"
}
ls
{
"
houa
fakal
sia
-
sak
line
taimi
totonu
"
}
}
"
meta
:
Samara
"
{
ld
{
"
houa
fakal
sia
-
samala
taimi
liliu
"
}
lg
{
"
houa
fakal
sia
-
samala
"
}
ls
{
"
houa
fakal
sia
-
samala
taimi
totonu
"
}
}
"
meta
:
Samoa
"
{
ld
{
"
houa
fakaha
amoa
taimi
liliu
"
}
lg
{
"
houa
fakaha
amoa
"
}
ls
{
"
houa
fakaha
amoa
taimi
totonu
"
}
}
"
meta
:
Seychelles
"
{
ls
{
"
houa
faka
otumotu
-
seiseli
"
}
}
"
meta
:
Singapore
"
{
ls
{
"
houa
fakasingapoa
"
}
}
"
meta
:
Solomon
"
{
ls
{
"
houa
faka
otumotusolomone
"
}
}
"
meta
:
South_Georgia
"
{
ls
{
"
houa
fakasiosiatonga
"
}
}
"
meta
:
Suriname
"
{
ls
{
"
houa
fakasuliname
"
}
}
"
meta
:
Syowa
"
{
ls
{
"
houa
fakasioua
"
}
}
"
meta
:
Tahiti
"
{
ls
{
"
houa
fakatahisi
"
}
}
"
meta
:
Taipei
"
{
ld
{
"
houa
fakataipei
taimi
liliu
"
}
lg
{
"
houa
fakataipei
"
}
ls
{
"
houa
fakataipei
taimi
totonu
"
}
}
"
meta
:
Tajikistan
"
{
ls
{
"
houa
fakatasikitani
"
}
}
"
meta
:
Tokelau
"
{
ls
{
"
houa
fakatokelau
"
}
}
"
meta
:
Tonga
"
{
ld
{
"
houa
fakatonga
taimi
liliu
"
}
lg
{
"
houa
fakatonga
"
}
ls
{
"
houa
fakatonga
taimi
totonu
"
}
}
"
meta
:
Truk
"
{
ls
{
"
houa
fakat
ke
"
}
}
"
meta
:
Turkmenistan
"
{
ld
{
"
houa
fakat
kimenisitani
taimi
liliu
"
}
lg
{
"
houa
fakat
kimenisitani
"
}
ls
{
"
houa
fakat
kimenisitani
taimi
totonu
"
}
}
"
meta
:
Tuvalu
"
{
ls
{
"
houa
fakat
valu
"
}
}
"
meta
:
Uruguay
"
{
ld
{
"
houa
faka
ulukuai
taimi
liliu
"
}
lg
{
"
houa
faka
ulukuai
"
}
ls
{
"
houa
faka
ulukuai
taimi
totonu
"
}
}
"
meta
:
Uzbekistan
"
{
ld
{
"
houa
faka
usipekitani
taimi
liliu
"
}
lg
{
"
houa
faka
usipekitani
"
}
ls
{
"
houa
faka
usipekitani
taimi
totonu
"
}
}
"
meta
:
Vanuatu
"
{
ld
{
"
houa
fakavanuatu
taimi
liliu
"
}
lg
{
"
houa
fakavanuatu
"
}
ls
{
"
houa
fakavanuatu
taimi
totonu
"
}
}
"
meta
:
Venezuela
"
{
ls
{
"
houa
fakavenesuela
"
}
}
"
meta
:
Vladivostok
"
{
ld
{
"
houa
fakal
sia
-
valativositoki
taimi
liliu
"
}
lg
{
"
houa
fakal
sia
-
valativositoki
"
}
ls
{
"
houa
fakal
sia
-
valativositoki
taimi
totonu
"
}
}
"
meta
:
Volgograd
"
{
ld
{
"
houa
fakal
sia
-
volikokalati
taimi
liliu
"
}
lg
{
"
houa
fakal
sia
-
volikokalati
"
}
ls
{
"
houa
fakal
sia
-
volikokalati
taimi
totonu
"
}
}
"
meta
:
Vostok
"
{
ls
{
"
houa
fakavositoki
"
}
}
"
meta
:
Wake
"
{
ls
{
"
houa
fakamotuueke
"
}
}
"
meta
:
Wallis
"
{
ls
{
"
houa
faka
uvea
mo
futuna
"
}
}
"
meta
:
Yakutsk
"
{
ld
{
"
houa
fakal
sia
-
i
kutisiki
taimi
liliu
"
}
lg
{
"
houa
fakal
sia
-
i
kutisiki
"
}
ls
{
"
houa
fakal
sia
-
i
kutisiki
taimi
totonu
"
}
}
"
meta
:
Yekaterinburg
"
{
ld
{
"
houa
fakal
sia
-
iekatelinep
ki
taimi
liliu
"
}
lg
{
"
houa
fakal
sia
-
iekatelinep
ki
"
}
ls
{
"
houa
fakal
sia
-
iekatelinep
ki
taimi
totonu
"
}
}
fallbackFormat
{
"
{
1
}
(
{
0
}
)
"
}
gmtFormat
{
"
GMT
{
0
}
"
}
gmtZeroFormat
{
"
GMT
"
}
hourFormat
{
"
+
HH
:
mm
;
-
HH
:
mm
"
}
regionFormat
{
"
Taimi
{
0
}
"
}
regionFormatDaylight
{
"
{
0
}
Taimi
liliu
"
}
regionFormatStandard
{
"
{
0
}
Taimi
totonu
"
}
}
}
