/
/
2016
and
later
:
Unicode
Inc
.
and
others
.
/
/
License
&
terms
of
use
:
http
:
/
/
www
.
unicode
.
org
/
copyright
.
html
/
/
Generated
using
tools
/
cldr
/
cldr
-
to
-
icu
/
vec
{
zoneStrings
{
"
Africa
:
Abidjan
"
{
ec
{
"
Abijan
"
}
}
"
Africa
:
Accra
"
{
ec
{
"
Acra
"
}
}
"
Africa
:
Addis_Ababa
"
{
ec
{
"
Adis
Abeba
"
}
}
"
Africa
:
Algiers
"
{
ec
{
"
Aljeri
"
}
}
"
Africa
:
Asmera
"
{
ec
{
"
Azmara
"
}
}
"
Africa
:
Bangui
"
{
ec
{
"
Bangh
"
}
}
"
Africa
:
Bissau
"
{
ec
{
"
Bis
o
"
}
}
"
Africa
:
Bujumbura
"
{
ec
{
"
Bujunbura
"
}
}
"
Africa
:
Cairo
"
{
ec
{
"
El
Cairo
"
}
}
"
Africa
:
Casablanca
"
{
ec
{
"
Cazablanca
"
}
}
"
Africa
:
Ceuta
"
{
ec
{
"
C
uta
"
}
}
"
Africa
:
Conakry
"
{
ec
{
"
Conacri
"
}
}
"
Africa
:
Dar_es_Salaam
"
{
ec
{
"
Dar
es
Salam
"
}
}
"
Africa
:
Djibouti
"
{
ec
{
"
Jibuti
"
}
}
"
Africa
:
Douala
"
{
ec
{
"
Duala
"
}
}
"
Africa
:
El_Aaiun
"
{
ec
{
"
El
Ajun
"
}
}
"
Africa
:
Kampala
"
{
ec
{
"
Kanpala
"
}
}
"
Africa
:
Khartoum
"
{
ec
{
"
Cartum
"
}
}
"
Africa
:
Lome
"
{
ec
{
"
Lom
"
}
}
"
Africa
:
Lubumbashi
"
{
ec
{
"
Lubunbashi
"
}
}
"
Africa
:
Maseru
"
{
ec
{
"
Mazeru
"
}
}
"
Africa
:
Mbabane
"
{
ec
{
"
Nbabane
"
}
}
"
Africa
:
Mogadishu
"
{
ec
{
"
Mogadiso
"
}
}
"
Africa
:
Ndjamena
"
{
ec
{
"
Jamena
"
}
}
"
Africa
:
Nouakchott
"
{
ec
{
"
Nuakchot
"
}
}
"
Africa
:
Ouagadougou
"
{
ec
{
"
Uagadug
"
}
}
"
Africa
:
Porto
-
Novo
"
{
ec
{
"
Porto
Novo
"
}
}
"
Africa
:
Sao_Tome
"
{
ec
{
"
zola
S
.
Tomazo
"
}
}
"
Africa
:
Tripoli
"
{
ec
{
"
Tr
poli
"
}
}
"
Africa
:
Tunis
"
{
ec
{
"
T
nezi
"
}
}
"
America
:
Anguilla
"
{
ec
{
"
Anguila
"
}
}
"
America
:
Argentina
:
Rio_Gallegos
"
{
ec
{
"
Rio
G
legos
"
}
}
"
America
:
Asuncion
"
{
ec
{
"
Asunsion
"
}
}
"
America
:
Bahia_Banderas
"
{
ec
{
"
Baia
de
Banderas
"
}
}
"
America
:
Bogota
"
{
ec
{
"
Bogot
"
}
}
"
America
:
Campo_Grande
"
{
ec
{
"
Canpo
Grande
"
}
}
"
America
:
Cancun
"
{
ec
{
"
Cancun
"
}
}
"
America
:
Cayenne
"
{
ec
{
"
Cayena
"
}
}
"
America
:
Cayman
"
{
ec
{
"
Caiman
"
}
}
"
America
:
Ciudad_Juarez
"
{
ec
{
"
Ju
rez
"
}
}
"
America
:
Cordoba
"
{
ec
{
"
C
rdoba
"
}
}
"
America
:
Cuiaba
"
{
ec
{
"
Cuiab
"
}
}
"
America
:
Denver
"
{
ec
{
"
D
nver
"
}
}
"
America
:
Dominica
"
{
ec
{
"
Dom
nega
"
}
}
"
America
:
Eirunepe
"
{
ec
{
"
Eirunep
"
}
}
"
America
:
Grenada
"
{
ec
{
"
Granada
"
}
}
"
America
:
Guadeloupe
"
{
ec
{
"
Guadalupa
"
}
}
"
America
:
Havana
"
{
ec
{
"
L
Avana
"
}
}
"
America
:
Indiana
:
Knox
"
{
ec
{
"
Knox
(
Indiana
)
"
}
}
"
America
:
Indiana
:
Marengo
"
{
ec
{
"
Marengo
(
Indiana
)
"
}
}
"
America
:
Indiana
:
Petersburg
"
{
ec
{
"
Petersburg
(
Indiana
)
"
}
}
"
America
:
Indiana
:
Tell_City
"
{
ec
{
"
Tell
City
(
Indiana
)
"
}
}
"
America
:
Indiana
:
Vevay
"
{
ec
{
"
Vevay
(
Indiana
)
"
}
}
"
America
:
Indiana
:
Vincennes
"
{
ec
{
"
Vincennes
(
Indiana
)
"
}
}
"
America
:
Indiana
:
Winamac
"
{
ec
{
"
Winamac
(
Indiana
)
"
}
}
"
America
:
Indianapolis
"
{
ec
{
"
Indian
polis
"
}
}
"
America
:
Jamaica
"
{
ec
{
"
Jam
ega
"
}
}
"
America
:
Kentucky
:
Monticello
"
{
ec
{
"
Monticello
(
Kentucky
)
"
}
}
"
America
:
Los_Angeles
"
{
ec
{
"
Los
ngeles
"
}
}
"
America
:
Maceio
"
{
ec
{
"
Macei
"
}
}
"
America
:
Martinique
"
{
ec
{
"
Martiniga
"
}
}
"
America
:
Mexico_City
"
{
ec
{
"
Sit
de
l
M
sego
"
}
}
"
America
:
Miquelon
"
{
ec
{
"
Michelon
"
}
}
"
America
:
Monterrey
"
{
ec
{
"
Monterey
"
}
}
"
America
:
Montserrat
"
{
ec
{
"
Montserat
"
}
}
"
America
:
Noronha
"
{
ec
{
"
Fernando
de
Noronha
"
}
}
"
America
:
North_Dakota
:
Beulah
"
{
ec
{
"
Beulah
(
Nord
Dakota
)
"
}
}
"
America
:
North_Dakota
:
Center
"
{
ec
{
"
Center
(
Nord
Dakota
)
"
}
}
"
America
:
North_Dakota
:
New_Salem
"
{
ec
{
"
New
Salem
(
Nord
Dakota
)
"
}
}
"
America
:
Panama
"
{
ec
{
"
P
nama
"
}
}
"
America
:
Port
-
au
-
Prince
"
{
ec
{
"
Porto
Pr
nsipe
"
}
}
"
America
:
Port_of_Spain
"
{
ec
{
"
Porto
de
Spagna
"
}
}
"
America
:
Puerto_Rico
"
{
ec
{
"
Portorico
"
}
}
"
America
:
Sao_Paulo
"
{
ec
{
"
San
Polo
"
}
}
"
America
:
St_Barthelemy
"
{
ec
{
"
S
.
Bartolom
o
"
}
}
"
America
:
St_Johns
"
{
ec
{
"
S
.
Joani
"
}
}
"
America
:
St_Kitts
"
{
ec
{
"
S
.
Cristofer
"
}
}
"
America
:
St_Lucia
"
{
ec
{
"
S
.
Lus
a
"
}
}
"
America
:
St_Thomas
"
{
ec
{
"
S
.
Tomazo
"
}
}
"
America
:
St_Vincent
"
{
ec
{
"
S
.
Vincenso
"
}
}
"
America
:
Tortola
"
{
ec
{
"
T
rtola
"
}
}
"
Antarctica
:
Macquarie
"
{
ec
{
"
zola
Macquarie
"
}
}
"
Asia
:
Almaty
"
{
ec
{
"
Almati
"
}
}
"
Asia
:
Amman
"
{
ec
{
"
Aman
"
}
}
"
Asia
:
Anadyr
"
{
ec
{
"
An
dyr
"
}
}
"
Asia
:
Aqtau
"
{
ec
{
"
Akt
u
"
}
}
"
Asia
:
Aqtobe
"
{
ec
{
"
Aktobe
"
}
}
"
Asia
:
Ashgabat
"
{
ec
{
"
Azgabad
"
}
}
"
Asia
:
Atyrau
"
{
ec
{
"
Atyr
u
"
}
}
"
Asia
:
Baghdad
"
{
ec
{
"
Bagdad
"
}
}
"
Asia
:
Bahrain
"
{
ec
{
"
Barein
"
}
}
"
Asia
:
Bishkek
"
{
ec
{
"
Biskek
"
}
}
"
Asia
:
Brunei
"
{
ec
{
"
Brun
i
"
}
}
"
Asia
:
Calcutta
"
{
ec
{
"
Calcuta
"
}
}
"
Asia
:
Chita
"
{
ec
{
"
Cita
"
}
}
"
Asia
:
Colombo
"
{
ec
{
"
Colonbo
"
}
}
"
Asia
:
Damascus
"
{
ec
{
"
Damasco
"
}
}
"
Asia
:
Dhaka
"
{
ec
{
"
Daca
"
}
}
"
Asia
:
Dubai
"
{
ec
{
"
Dub
i
"
}
}
"
Asia
:
Dushanbe
"
{
ec
{
"
Dusanb
"
}
}
"
Asia
:
Famagusta
"
{
ec
{
"
Famagosta
"
}
}
"
Asia
:
Jerusalem
"
{
ec
{
"
Jeruzaleme
"
}
}
"
Asia
:
Kamchatka
"
{
ec
{
"
Kamciatka
"
}
}
"
Asia
:
Katmandu
"
{
ec
{
"
Katmand
"
}
}
"
Asia
:
Khandyga
"
{
ec
{
"
H
ndiga
"
}
}
"
Asia
:
Krasnoyarsk
"
{
ec
{
"
Kraznayarsk
"
}
}
"
Asia
:
Kuala_Lumpur
"
{
ec
{
"
Kuala
Lunpur
"
}
}
"
Asia
:
Macau
"
{
ec
{
"
Mac
o
"
}
}
"
Asia
:
Makassar
"
{
ec
{
"
Makasar
"
}
}
"
Asia
:
Muscat
"
{
ec
{
"
Mascate
"
}
}
"
Asia
:
Novokuznetsk
"
{
ec
{
"
Novokuznietsk
"
}
}
"
Asia
:
Oral
"
{
ec
{
"
Oural
"
}
}
"
Asia
:
Phnom_Penh
"
{
ec
{
"
Pnom
Pen
"
}
}
"
Asia
:
Qatar
"
{
ec
{
"
Catar
"
}
}
"
Asia
:
Qostanay
"
{
ec
{
"
Kostan
i
"
}
}
"
Asia
:
Qyzylorda
"
{
ec
{
"
Kizilorda
"
}
}
"
Asia
:
Riyadh
"
{
ec
{
"
Riad
"
}
}
"
Asia
:
Sakhalin
"
{
ec
{
"
Sacalin
"
}
}
"
Asia
:
Samarkand
"
{
ec
{
"
Samarcanda
"
}
}
"
Asia
:
Seoul
"
{
ec
{
"
Seul
"
}
}
"
Asia
:
Shanghai
"
{
ec
{
"
Shangh
i
"
}
}
"
Asia
:
Srednekolymsk
"
{
ec
{
"
Zr
dnekolimsk
"
}
}
"
Asia
:
Taipei
"
{
ec
{
"
Taip
i
"
}
}
"
Asia
:
Tashkent
"
{
ec
{
"
Taskent
"
}
}
"
Asia
:
Tbilisi
"
{
ec
{
"
Tiblisi
"
}
}
"
Asia
:
Tehran
"
{
ec
{
"
Teheran
"
}
}
"
Asia
:
Thimphu
"
{
ec
{
"
Tinpu
"
}
}
"
Asia
:
Ulaanbaatar
"
{
ec
{
"
Ulan
B
tor
"
}
}
"
Asia
:
Urumqi
"
{
ec
{
"
Urumchi
"
}
}
"
Asia
:
Ust
-
Nera
"
{
ec
{
"
Ust
-
Gnera
"
}
}
"
Asia
:
Vientiane
"
{
ec
{
"
Vientian
"
}
}
"
Asia
:
Yekaterinburg
"
{
ec
{
"
Yekaterinburgo
"
}
}
"
Asia
:
Yerevan
"
{
ec
{
"
J
revan
"
}
}
"
Atlantic
:
Azores
"
{
ec
{
"
zole
Azore
"
}
}
"
Atlantic
:
Canary
"
{
ec
{
"
zole
Canarie
"
}
}
"
Atlantic
:
Cape_Verde
"
{
ec
{
"
Cao
Verdo
"
}
}
"
Atlantic
:
Faeroe
"
{
ec
{
"
zole
F
roe
"
}
}
"
Atlantic
:
Madeira
"
{
ec
{
"
zola
Mad
ira
"
}
}
"
Atlantic
:
Reykjavik
"
{
ec
{
"
Rekiavik
"
}
}
"
Atlantic
:
South_Georgia
"
{
ec
{
"
Georgia
de
l
sud
"
}
}
"
Atlantic
:
St_Helena
"
{
ec
{
"
zola
S
.
Elena
"
}
}
"
Australia
:
Adelaide
"
{
ec
{
"
Adel
ide
"
}
}
"
Australia
:
Brisbane
"
{
ec
{
"
Brizbane
"
}
}
"
Australia
:
Lord_Howe
"
{
ec
{
"
zola
Lord
Howe
"
}
}
"
Etc
:
UTC
"
{
ls
{
"
Ora
universale
coordenada
"
}
}
"
Etc
:
Unknown
"
{
ec
{
"
Sit
desconos
a
"
}
}
"
Europe
:
Amsterdam
"
{
ec
{
"
msterdam
"
}
}
"
Europe
:
Andorra
"
{
ec
{
"
Andora
"
}
}
"
Europe
:
Astrakhan
"
{
ec
{
"
Astrahan
"
}
}
"
Europe
:
Athens
"
{
ec
{
"
Atene
"
}
}
"
Europe
:
Belgrade
"
{
ec
{
"
Belgrado
"
}
}
"
Europe
:
Bratislava
"
{
ec
{
"
Bratizlava
"
}
}
"
Europe
:
Brussels
"
{
ec
{
"
Brusel
"
}
}
"
Europe
:
Bucharest
"
{
ec
{
"
Bucarest
"
}
}
"
Europe
:
Busingen
"
{
ec
{
"
B
singen
"
}
}
"
Europe
:
Copenhagen
"
{
ec
{
"
Copenaghen
"
}
}
"
Europe
:
Dublin
"
{
ld
{
"
Ora
d
ist
irlandeze
"
}
}
"
Europe
:
Gibraltar
"
{
ec
{
"
Jibiltera
"
}
}
"
Europe
:
Isle_of_Man
"
{
ec
{
"
zola
de
Man
"
}
}
"
Europe
:
Istanbul
"
{
ec
{
"
stanbul
"
}
}
"
Europe
:
Kaliningrad
"
{
ec
{
"
Kaliningrado
"
}
}
"
Europe
:
Kiev
"
{
ec
{
"
Kiev
"
}
}
"
Europe
:
Lisbon
"
{
ec
{
"
Lizbona
"
}
}
"
Europe
:
Ljubljana
"
{
ec
{
"
Lubliana
"
}
}
"
Europe
:
London
"
{
ec
{
"
Londra
"
}
ld
{
"
Ora
d
ist
brit
nega
"
}
}
"
Europe
:
Luxembourg
"
{
ec
{
"
Lusenburgo
"
}
}
"
Europe
:
Monaco
"
{
ec
{
"
M
naco
"
}
}
"
Europe
:
Moscow
"
{
ec
{
"
Mosca
"
}
}
"
Europe
:
Oslo
"
{
ec
{
"
Ozlo
"
}
}
"
Europe
:
Paris
"
{
ec
{
"
Pariji
"
}
}
"
Europe
:
Podgorica
"
{
ec
{
"
Podgorisa
"
}
}
"
Europe
:
Prague
"
{
ec
{
"
Praga
"
}
}
"
Europe
:
Rome
"
{
ec
{
"
Roma
"
}
}
"
Europe
:
San_Marino
"
{
ec
{
"
San
Marin
"
}
}
"
Europe
:
Simferopol
"
{
ec
{
"
Sinfer
poli
"
}
}
"
Europe
:
Stockholm
"
{
ec
{
"
Stocolma
"
}
}
"
Europe
:
Tallinn
"
{
ec
{
"
Talin
"
}
}
"
Europe
:
Tirane
"
{
ec
{
"
Tirana
"
}
}
"
Europe
:
Ulyanovsk
"
{
ec
{
"
Uli
nosk
"
}
}
"
Europe
:
Vatican
"
{
ec
{
"
Vategan
"
}
}
"
Europe
:
Vienna
"
{
ec
{
"
Viena
"
}
}
"
Europe
:
Volgograd
"
{
ec
{
"
Volgogrado
"
}
}
"
Europe
:
Warsaw
"
{
ec
{
"
Varsavia
"
}
}
"
Europe
:
Zurich
"
{
ec
{
"
Zurigo
"
}
}
"
Indian
:
Chagos
"
{
ec
{
"
Ciagos
"
}
}
"
Indian
:
Christmas
"
{
ec
{
"
zola
de
Nadale
"
}
}
"
Indian
:
Cocos
"
{
ec
{
"
zole
Cocos
"
}
}
"
Indian
:
Comoro
"
{
ec
{
"
zole
Comore
"
}
}
"
Indian
:
Mahe
"
{
ec
{
"
Mah
"
}
}
"
Indian
:
Maldives
"
{
ec
{
"
zole
Maldive
"
}
}
"
Indian
:
Mauritius
"
{
ec
{
"
zole
Maurisio
"
}
}
"
Indian
:
Mayotte
"
{
ec
{
"
zole
Maiote
"
}
}
"
Indian
:
Reunion
"
{
ec
{
"
zola
Reunion
"
}
}
"
Pacific
:
Bougainville
"
{
ec
{
"
zola
Bougainville
"
}
}
"
Pacific
:
Chatham
"
{
ec
{
"
zole
Ciatem
"
}
}
"
Pacific
:
Easter
"
{
ec
{
"
zola
de
Pascua
"
}
}
"
Pacific
:
Efate
"
{
ec
{
"
zola
Efate
"
}
}
"
Pacific
:
Fakaofo
"
{
ec
{
"
Atolo
Fakaofo
"
}
}
"
Pacific
:
Funafuti
"
{
ec
{
"
Atolo
Funafuti
"
}
}
"
Pacific
:
Galapagos
"
{
ec
{
"
Gal
pagos
"
}
}
"
Pacific
:
Gambier
"
{
ec
{
"
zole
Gambier
"
}
}
"
Pacific
:
Guadalcanal
"
{
ec
{
"
zola
Guadalcanal
"
}
}
"
Pacific
:
Kanton
"
{
ec
{
"
Atolo
Canton
"
}
}
"
Pacific
:
Kiritimati
"
{
ec
{
"
Atolo
Kiritimati
"
}
}
"
Pacific
:
Kosrae
"
{
ec
{
"
zola
Kosrae
"
}
}
"
Pacific
:
Kwajalein
"
{
ec
{
"
Atolo
Kwajalein
"
}
}
"
Pacific
:
Marquesas
"
{
ec
{
"
zole
Marchezi
"
}
}
"
Pacific
:
Midway
"
{
ec
{
"
Atolo
Midway
"
}
}
"
Pacific
:
Nauru
"
{
ec
{
"
zola
Nauru
"
}
}
"
Pacific
:
Niue
"
{
ec
{
"
zola
Niue
"
}
}
"
Pacific
:
Norfolk
"
{
ec
{
"
zola
Norfolk
"
}
}
"
Pacific
:
Noumea
"
{
ec
{
"
Noum
a
"
}
}
"
Pacific
:
Pago_Pago
"
{
ec
{
"
Pango
Pango
"
}
}
"
Pacific
:
Palau
"
{
ec
{
"
Pal
u
"
}
}
"
Pacific
:
Pitcairn
"
{
ec
{
"
zola
Pitcairn
"
}
}
"
Pacific
:
Ponape
"
{
ec
{
"
zola
Ponp
i
"
}
}
"
Pacific
:
Port_Moresby
"
{
ec
{
"
Porto
Moresby
"
}
}
"
Pacific
:
Rarotonga
"
{
ec
{
"
zola
Rarotonga
"
}
}
"
Pacific
:
Saipan
"
{
ec
{
"
zola
Saip
n
"
}
}
"
Pacific
:
Tahiti
"
{
ec
{
"
zola
Taiti
"
}
}
"
Pacific
:
Tarawa
"
{
ec
{
"
Atollo
Tarawa
"
}
}
"
Pacific
:
Tongatapu
"
{
ec
{
"
zola
Tongatapu
"
}
}
"
Pacific
:
Truk
"
{
ec
{
"
zole
Chuuk
"
}
}
"
Pacific
:
Wake
"
{
ec
{
"
Atolo
Wake
"
}
}
"
Pacific
:
Wallis
"
{
ec
{
"
zola
Wallis
"
}
}
"
meta
:
Afghanistan
"
{
ls
{
"
Ora
de
l
Afghanistan
"
}
}
"
meta
:
Africa_Central
"
{
ls
{
"
Ora
de
l
frega
sentrale
"
}
}
"
meta
:
Africa_Eastern
"
{
ls
{
"
Ora
de
l
frega
orientale
"
}
}
"
meta
:
Africa_Southern
"
{
ls
{
"
Ora
de
l
frega
meridionale
"
}
}
"
meta
:
Africa_Western
"
{
ld
{
"
Ora
d
ist
de
l
frega
osidentale
"
}
lg
{
"
Ora
de
l
frega
osidentale
"
}
ls
{
"
Ora
normale
de
l
frega
osidentale
"
}
}
"
meta
:
Alaska
"
{
ld
{
"
Ora
d
ist
de
l
Alaska
"
}
lg
{
"
Ora
de
l
Alaska
"
}
ls
{
"
Ora
normale
de
l
Alaska
"
}
}
"
meta
:
Amazon
"
{
ld
{
"
Ora
d
ist
de
l
Amasonia
"
}
lg
{
"
Ora
de
l
Amasonia
"
}
ls
{
"
Ora
normale
de
l
Amasonia
"
}
}
"
meta
:
America_Central
"
{
ld
{
"
Ora
d
ist
de
l
nord
Am
rega
sentrale
"
}
lg
{
"
Ora
de
l
nord
Am
rega
sentrale
"
}
ls
{
"
Ora
normale
de
l
nord
Am
rega
sentrale
"
}
}
"
meta
:
America_Eastern
"
{
ld
{
"
Ora
d
ist
de
l
nord
Am
rega
orientale
"
}
lg
{
"
Ora
de
l
nord
Am
rega
orientale
"
}
ls
{
"
Ora
normale
de
l
nord
Am
rega
orientale
"
}
}
"
meta
:
America_Mountain
"
{
ld
{
"
Ora
d
ist
de
l
nord
Am
rega
de
le
montagne
"
}
lg
{
"
Ora
de
l
nord
Am
rega
de
le
montagne
"
}
ls
{
"
Ora
normale
de
l
nord
Am
rega
de
le
montagne
"
}
}
"
meta
:
America_Pacific
"
{
ld
{
"
Ora
d
ist
de
l
Pas
fego
"
}
lg
{
"
Ora
de
l
Pas
fego
"
}
ls
{
"
Ora
normale
de
l
Pas
fego
"
}
}
"
meta
:
Apia
"
{
ld
{
"
Ora
d
ist
de
Apia
"
}
lg
{
"
Ora
de
Apia
"
}
ls
{
"
Ora
normale
de
Apia
"
}
}
"
meta
:
Arabian
"
{
ld
{
"
Ora
d
ist
de
l
Arabia
"
}
lg
{
"
Ora
de
l
Arabia
"
}
ls
{
"
Ora
normale
de
l
Arabia
"
}
}
"
meta
:
Argentina
"
{
ld
{
"
Ora
d
ist
de
l
Arjentina
"
}
lg
{
"
Ora
de
l
Arjentina
"
}
ls
{
"
Ora
normale
de
l
Arjentina
"
}
}
"
meta
:
Argentina_Western
"
{
ld
{
"
Ora
d
ist
de
l
Arjentina
osidentale
"
}
lg
{
"
Ora
de
l
Arjentina
osidentale
"
}
ls
{
"
Ora
normale
de
l
Arjentina
osidentale
"
}
}
"
meta
:
Armenia
"
{
ld
{
"
Ora
d
ist
de
l
Armenia
"
}
lg
{
"
Ora
de
l
Armenia
"
}
ls
{
"
Ora
normale
de
l
Armenia
"
}
}
"
meta
:
Atlantic
"
{
ld
{
"
Ora
d
ist
de
l
Atl
ntego
"
}
lg
{
"
Ora
de
l
Atl
ntego
"
}
ls
{
"
Ora
normale
de
l
Atl
ntego
"
}
}
"
meta
:
Australia_Central
"
{
ld
{
"
Ora
d
ist
de
l
Australia
sentrale
"
}
lg
{
"
Ora
de
l
Australia
sentrale
"
}
ls
{
"
Ora
normale
de
l
Australia
sentrale
"
}
}
"
meta
:
Australia_CentralWestern
"
{
ld
{
"
Ora
d
ist
de
l
Australia
sentro
osidentale
"
}
lg
{
"
Ora
de
l
Australia
sentro
osidentale
"
}
ls
{
"
Ora
normale
de
l
Australia
sentro
osidentale
"
}
}
"
meta
:
Australia_Eastern
"
{
ld
{
"
Ora
d
ist
de
l
Australia
orientale
"
}
lg
{
"
Ora
de
l
Australia
orientale
"
}
ls
{
"
Ora
normale
de
l
Australia
orientale
"
}
}
"
meta
:
Australia_Western
"
{
ld
{
"
Ora
d
ist
de
l
Australia
osidentale
"
}
lg
{
"
Ora
de
l
Australia
osidentale
"
}
ls
{
"
Ora
normale
de
l
Australia
osidentale
"
}
}
"
meta
:
Azerbaijan
"
{
ld
{
"
Ora
d
ist
de
l
Azerbaijan
"
}
lg
{
"
Ora
de
l
Azerbaijan
"
}
ls
{
"
Ora
normale
de
l
Azerbaijan
"
}
}
"
meta
:
Azores
"
{
ld
{
"
Ora
d
ist
de
le
Azore
"
}
lg
{
"
Ora
de
le
Azore
"
}
ls
{
"
Ora
normale
de
le
Azore
"
}
}
"
meta
:
Bangladesh
"
{
ld
{
"
Ora
d
ist
de
l
Bangladesh
"
}
lg
{
"
Ora
de
l
Bangladesh
"
}
ls
{
"
Ora
normale
de
l
Bangladesh
"
}
}
"
meta
:
Bhutan
"
{
ls
{
"
Ora
de
l
Butan
"
}
}
"
meta
:
Bolivia
"
{
ls
{
"
Ora
de
la
Bolivia
"
}
}
"
meta
:
Brasilia
"
{
ld
{
"
Ora
d
ist
de
Brazilia
"
}
lg
{
"
Ora
de
Brazilia
"
}
ls
{
"
Ora
normale
de
Brazilia
"
}
}
"
meta
:
Brunei
"
{
ls
{
"
Ora
de
l
Brun
i
"
}
}
"
meta
:
Cape_Verde
"
{
ld
{
"
Ora
d
ist
de
Cao
Verdo
"
}
lg
{
"
Ora
de
Cao
Verdo
"
}
ls
{
"
Ora
normale
de
Cao
Verdo
"
}
}
"
meta
:
Chamorro
"
{
ls
{
"
Ora
de
Chamoro
"
}
}
"
meta
:
Chatham
"
{
ld
{
"
Ora
d
ist
de
le
zole
Ciatem
"
}
lg
{
"
Ora
de
le
zole
Ciatem
"
}
ls
{
"
Ora
normale
de
le
zole
Ciatem
"
}
}
"
meta
:
Chile
"
{
ld
{
"
Ora
d
ist
de
l
Cile
"
}
lg
{
"
Ora
de
l
Cile
"
}
ls
{
"
Ora
normale
de
l
Cile
"
}
}
"
meta
:
China
"
{
ld
{
"
Ora
d
ist
de
la
Sina
"
}
lg
{
"
Ora
de
la
Sina
"
}
ls
{
"
Ora
normale
de
la
Sina
"
}
}
"
meta
:
Christmas
"
{
ls
{
"
Ora
de
l
zola
de
Nadale
"
}
}
"
meta
:
Cocos
"
{
ls
{
"
Ora
de
le
zole
Cocos
"
}
}
"
meta
:
Colombia
"
{
ld
{
"
Ora
d
ist
de
la
Colonbia
"
}
lg
{
"
Ora
de
la
Colonbia
"
}
ls
{
"
Ora
normale
de
la
Colonbia
"
}
}
"
meta
:
Cook
"
{
ld
{
"
Ora
d
ist
de
le
zole
Cook
"
}
lg
{
"
Ora
de
le
zole
Cook
"
}
ls
{
"
Ora
normale
de
le
zole
Cook
"
}
}
"
meta
:
Cuba
"
{
ld
{
"
Ora
d
ist
de
Cuba
"
}
lg
{
"
Ora
de
Cuba
"
}
ls
{
"
Ora
normale
de
Cuba
"
}
}
"
meta
:
Davis
"
{
ls
{
"
Ora
de
Davis
"
}
}
"
meta
:
DumontDUrville
"
{
ls
{
"
Ora
de
Dumont
d
Urville
"
}
}
"
meta
:
East_Timor
"
{
ls
{
"
Ora
de
l
Timor
Est
"
}
}
"
meta
:
Easter
"
{
ld
{
"
Ora
d
ist
de
l
zola
de
Pascua
"
}
lg
{
"
Ora
de
l
zola
de
Pascua
"
}
ls
{
"
Ora
normale
de
l
zola
de
Pascua
"
}
}
"
meta
:
Ecuador
"
{
ls
{
"
Ora
de
l
cuador
"
}
}
"
meta
:
Europe_Central
"
{
ld
{
"
Ora
d
ist
de
l
Europa
sentrale
"
}
lg
{
"
Ora
de
l
Europa
sentrale
"
}
ls
{
"
Ora
normale
de
l
Europa
sentrale
"
}
}
"
meta
:
Europe_Eastern
"
{
ld
{
"
Ora
d
ist
de
l
Europa
orientale
"
}
lg
{
"
Ora
de
l
Europa
orientale
"
}
ls
{
"
Ora
normale
de
l
Europa
orientale
"
}
}
"
meta
:
Europe_Further_Eastern
"
{
ls
{
"
Ora
de
l
Europa
stra
orientale
"
}
}
"
meta
:
Europe_Western
"
{
ld
{
"
Ora
d
ist
de
l
Europa
osidentale
"
}
lg
{
"
Ora
de
l
Europa
osidentale
"
}
ls
{
"
Ora
normale
de
l
Europa
osidentale
"
}
}
"
meta
:
Falkland
"
{
ld
{
"
Ora
d
ist
de
le
zole
Malvine
"
}
lg
{
"
Ora
de
le
zole
Malvine
"
}
ls
{
"
Ora
normale
de
le
zole
Malvine
"
}
}
"
meta
:
Fiji
"
{
ld
{
"
Ora
d
ist
de
le
zole
Fiji
"
}
lg
{
"
Ora
de
le
zole
Fiji
"
}
ls
{
"
Ora
normale
de
le
zole
Fiji
"
}
}
"
meta
:
French_Guiana
"
{
ls
{
"
Ora
de
la
Guyana
franseze
"
}
}
"
meta
:
French_Southern
"
{
ls
{
"
Ora
de
le
Tere
fransezi
de
l
sud
e
de
l
Ant
rtego
"
}
}
"
meta
:
GMT
"
{
ls
{
"
Ora
de
l
meridian
de
Greenwich
"
}
}
"
meta
:
Galapagos
"
{
ls
{
"
Ora
de
le
Gal
pagos
"
}
}
"
meta
:
Gambier
"
{
ls
{
"
Ora
de
le
zole
Gambier
"
}
}
"
meta
:
Georgia
"
{
ld
{
"
Ora
d
ist
de
la
Jeorja
"
}
lg
{
"
Ora
de
la
Jeorja
"
}
ls
{
"
Ora
normale
de
la
Jeorja
"
}
}
"
meta
:
Gilbert_Islands
"
{
ls
{
"
Ora
de
le
zole
Gilbert
"
}
}
"
meta
:
Greenland_Eastern
"
{
ld
{
"
Ora
d
ist
de
la
Groenlanda
orientale
"
}
lg
{
"
Ora
de
la
Groenlanda
orientale
"
}
ls
{
"
Ora
normale
de
la
Groenlanda
orientale
"
}
}
"
meta
:
Greenland_Western
"
{
ld
{
"
Ora
d
ist
de
la
Groenlanda
osidentale
"
}
lg
{
"
Ora
de
la
Groenlanda
osidentale
"
}
ls
{
"
Ora
normale
de
la
Groenlanda
osidentale
"
}
}
"
meta
:
Gulf
"
{
ls
{
"
Ora
de
l
Golfo
"
}
}
"
meta
:
Guyana
"
{
ls
{
"
Ora
de
la
Guyana
"
}
}
"
meta
:
Hawaii_Aleutian
"
{
ld
{
"
Ora
d
ist
de
Hawai
e
Aleutine
"
}
lg
{
"
Ora
de
Hawai
e
Aleutine
"
}
ls
{
"
Ora
normale
de
Hawai
e
Aleutine
"
}
}
"
meta
:
Hong_Kong
"
{
ld
{
"
Ora
d
ist
de
Hong
Kong
"
}
lg
{
"
Ora
de
Hong
Kong
"
}
ls
{
"
Ora
normale
de
Hong
Kong
"
}
}
"
meta
:
Hovd
"
{
ld
{
"
Ora
d
ist
de
Hovd
"
}
lg
{
"
Ora
de
Hovd
"
}
ls
{
"
Ora
normale
de
Hovd
"
}
}
"
meta
:
India
"
{
ls
{
"
Ora
de
l
India
"
}
}
"
meta
:
Indian_Ocean
"
{
ls
{
"
Ora
de
l
Os
ano
Indian
"
}
}
"
meta
:
Indochina
"
{
ls
{
"
Ora
de
l
Indosina
"
}
}
"
meta
:
Indonesia_Central
"
{
ls
{
"
Ora
de
l
Indonezia
sentrale
"
}
}
"
meta
:
Indonesia_Eastern
"
{
ls
{
"
Ora
de
l
Indonezia
orientale
"
}
}
"
meta
:
Indonesia_Western
"
{
ls
{
"
Ora
de
l
Indonezia
osidentale
"
}
}
"
meta
:
Iran
"
{
ld
{
"
Ora
d
ist
de
l
Iran
"
}
lg
{
"
Ora
de
l
Iran
"
}
ls
{
"
Ora
normale
de
l
Iran
"
}
}
"
meta
:
Irkutsk
"
{
ld
{
"
Ora
d
ist
de
Irkutsk
"
}
lg
{
"
Ora
de
Irkutsk
"
}
ls
{
"
Ora
normale
de
Irkutsk
"
}
}
"
meta
:
Israel
"
{
ld
{
"
Ora
d
ist
de
Izraele
"
}
lg
{
"
Ora
de
Izraele
"
}
ls
{
"
Ora
normale
de
Izraele
"
}
}
"
meta
:
Japan
"
{
ld
{
"
Ora
d
ist
de
l
Japon
"
}
lg
{
"
Ora
de
l
Japon
"
}
ls
{
"
Ora
normale
de
l
Japon
"
}
}
"
meta
:
Kazakhstan
"
{
ls
{
"
Ora
de
l
Kazakistan
"
}
}
"
meta
:
Kazakhstan_Eastern
"
{
ls
{
"
Ora
de
l
Kazakistan
orientale
"
}
}
"
meta
:
Kazakhstan_Western
"
{
ls
{
"
Ora
de
l
Kazakistan
osidentale
"
}
}
"
meta
:
Korea
"
{
ld
{
"
Ora
d
ist
de
la
Cor
a
"
}
lg
{
"
Ora
de
la
Cor
a
"
}
ls
{
"
Ora
normale
de
la
Cor
a
"
}
}
"
meta
:
Kosrae
"
{
ls
{
"
Ora
de
l
zola
Kosrae
"
}
}
"
meta
:
Krasnoyarsk
"
{
ld
{
"
Ora
d
ist
de
Krasnoyarsk
"
}
lg
{
"
Ora
de
Krasnoyarsk
"
}
ls
{
"
Ora
normale
de
Krasnoyarsk
"
}
}
"
meta
:
Kyrgystan
"
{
ls
{
"
Ora
de
l
Kirghizistan
"
}
}
"
meta
:
Line_Islands
"
{
ls
{
"
Ora
de
le
zole
Ecuatoriali
"
}
}
"
meta
:
Lord_Howe
"
{
ld
{
"
Ora
d
ist
de
l
zola
Lord
Howe
"
}
lg
{
"
Ora
de
l
zola
Lord
Howe
"
}
ls
{
"
Ora
normale
de
l
zola
Lord
Howe
"
}
}
"
meta
:
Magadan
"
{
ld
{
"
Ora
d
ist
de
Magadan
"
}
lg
{
"
Ora
de
Magadan
"
}
ls
{
"
Ora
normale
de
Magadan
"
}
}
"
meta
:
Malaysia
"
{
ls
{
"
Ora
de
la
Malezia
"
}
}
"
meta
:
Maldives
"
{
ls
{
"
Ora
de
le
zole
Maldive
"
}
}
"
meta
:
Marquesas
"
{
ls
{
"
Ora
de
le
zole
Marchezi
"
}
}
"
meta
:
Marshall_Islands
"
{
ls
{
"
Ora
de
le
zole
Marshall
"
}
}
"
meta
:
Mauritius
"
{
ld
{
"
Ora
d
ist
de
le
zole
Maurisio
"
}
lg
{
"
Ora
de
le
zole
Maurisio
"
}
ls
{
"
Ora
normale
de
le
zole
Maurisio
"
}
}
"
meta
:
Mawson
"
{
ls
{
"
Ora
de
Mawson
"
}
}
"
meta
:
Mexico_Pacific
"
{
ld
{
"
Ora
d
ist
de
l
M
sego
de
l
Pas
fego
"
}
lg
{
"
Ora
de
l
M
sego
de
l
Pas
fego
"
}
ls
{
"
Ora
normale
de
l
M
sego
de
l
Pas
fego
"
}
}
"
meta
:
Mongolia
"
{
ld
{
"
Ora
d
ist
de
Ulan
B
tor
"
}
lg
{
"
Ora
de
Ulan
B
tor
"
}
ls
{
"
Ora
normale
de
Ulan
B
tor
"
}
}
"
meta
:
Moscow
"
{
ld
{
"
Ora
d
ist
de
Mosca
"
}
lg
{
"
Ora
de
Mosca
"
}
ls
{
"
Ora
normale
de
Mosca
"
}
}
"
meta
:
Myanmar
"
{
ls
{
"
Ora
de
Myanmar
(
Birmania
)
"
}
}
"
meta
:
Nauru
"
{
ls
{
"
Ora
de
l
zola
Nauru
"
}
}
"
meta
:
Nepal
"
{
ls
{
"
Ora
de
l
Nepal
"
}
}
"
meta
:
New_Caledonia
"
{
ld
{
"
Ora
d
ist
de
la
Nova
Caledonia
"
}
lg
{
"
Ora
de
la
Nova
Caledonia
"
}
ls
{
"
Ora
normale
de
la
Nova
Caledonia
"
}
}
"
meta
:
New_Zealand
"
{
ld
{
"
Ora
d
ist
de
la
Nova
Zelanda
"
}
lg
{
"
Ora
de
la
Nova
Zelanda
"
}
ls
{
"
Ora
normale
de
la
Nova
Zelanda
"
}
}
"
meta
:
Newfoundland
"
{
ld
{
"
Ora
d
ist
de
Teranova
"
}
lg
{
"
Ora
de
Teranova
"
}
ls
{
"
Ora
normale
de
Teranova
"
}
}
"
meta
:
Niue
"
{
ls
{
"
Ora
de
l
zola
Niue
"
}
}
"
meta
:
Norfolk
"
{
ld
{
"
Ora
d
ist
de
l
zola
Norfolk
"
}
lg
{
"
Ora
de
l
zola
Norfolk
"
}
ls
{
"
Ora
normale
de
l
zola
Norfolk
"
}
}
"
meta
:
Noronha
"
{
ld
{
"
Ora
d
ist
de
Fernando
de
Noronha
"
}
lg
{
"
Ora
de
Fernando
de
Noronha
"
}
ls
{
"
Ora
normale
de
Fernando
de
Noronha
"
}
}
"
meta
:
Novosibirsk
"
{
ld
{
"
Ora
d
ist
de
Novosibirsk
"
}
lg
{
"
Ora
de
Novosibirsk
"
}
ls
{
"
Ora
normale
de
Novosibirsk
"
}
}
"
meta
:
Omsk
"
{
ld
{
"
Ora
d
ist
de
Omsk
"
}
lg
{
"
Ora
de
Omsk
"
}
ls
{
"
Ora
normale
de
Omsk
"
}
}
"
meta
:
Pakistan
"
{
ld
{
"
Ora
d
ist
de
l
Pakistan
"
}
lg
{
"
Ora
de
l
Pakistan
"
}
ls
{
"
Ora
normale
de
l
Pakistan
"
}
}
"
meta
:
Palau
"
{
ls
{
"
Ora
de
le
zole
Pal
u
"
}
}
"
meta
:
Papua_New_Guinea
"
{
ls
{
"
Ora
de
la
Papua
Nova
Guin
a
"
}
}
"
meta
:
Paraguay
"
{
ld
{
"
Ora
d
ist
de
l
Paragu
i
"
}
lg
{
"
Ora
de
l
Paragu
i
"
}
ls
{
"
Ora
normale
de
l
Paragu
i
"
}
}
"
meta
:
Peru
"
{
ld
{
"
Ora
d
ist
de
l
Per
"
}
lg
{
"
Ora
de
l
Per
"
}
ls
{
"
Ora
normale
de
l
Per
"
}
}
"
meta
:
Philippines
"
{
ld
{
"
Ora
d
ist
de
le
zole
Filipine
"
}
lg
{
"
Ora
de
le
zole
Filipine
"
}
ls
{
"
Ora
normale
de
le
zole
Filipine
"
}
}
"
meta
:
Phoenix_Islands
"
{
ls
{
"
Ora
de
le
zole
Fenize
"
}
}
"
meta
:
Pierre_Miquelon
"
{
ld
{
"
Ora
d
ist
de
S
.
Piero
e
Michelon
"
}
lg
{
"
Ora
de
S
.
Piero
e
Michelon
"
}
ls
{
"
Ora
normale
de
S
.
Piero
e
Michelon
"
}
}
"
meta
:
Pitcairn
"
{
ls
{
"
Ora
de
le
zole
Pitcairn
"
}
}
"
meta
:
Ponape
"
{
ls
{
"
Ora
de
l
zola
Ponp
i
"
}
}
"
meta
:
Pyongyang
"
{
ls
{
"
Ora
de
Pyongyang
"
}
}
"
meta
:
Reunion
"
{
ls
{
"
Ora
de
l
zola
Reunion
"
}
}
"
meta
:
Rothera
"
{
ls
{
"
Ora
de
Rothera
"
}
}
"
meta
:
Sakhalin
"
{
ld
{
"
Ora
d
ist
de
Sakalin
"
}
lg
{
"
Ora
de
Sakalin
"
}
ls
{
"
Ora
normale
de
Sakalin
"
}
}
"
meta
:
Samoa
"
{
ld
{
"
Ora
d
ist
de
le
zole
Sam
a
"
}
lg
{
"
Ora
de
le
zole
Sam
a
"
}
ls
{
"
Ora
normale
de
le
zole
Sam
a
"
}
}
"
meta
:
Seychelles
"
{
ls
{
"
Ora
d
ist
de
le
zole
Seisel
"
}
}
"
meta
:
Singapore
"
{
ls
{
"
Ora
de
Singapore
"
}
}
"
meta
:
Solomon
"
{
ls
{
"
Ora
de
le
zole
Salomon
"
}
}
"
meta
:
South_Georgia
"
{
ls
{
"
Ora
de
la
Georgia
de
l
sud
"
}
}
"
meta
:
Suriname
"
{
ls
{
"
Ora
de
l
Suriname
"
}
}
"
meta
:
Syowa
"
{
ls
{
"
Ora
de
Syowa
"
}
}
"
meta
:
Tahiti
"
{
ls
{
"
Ora
de
l
zola
Taiti
"
}
}
"
meta
:
Taipei
"
{
ld
{
"
Ora
d
ist
de
Taip
i
"
}
lg
{
"
Ora
de
Taip
i
"
}
ls
{
"
Ora
normale
de
Taip
i
"
}
}
"
meta
:
Tajikistan
"
{
ls
{
"
Ora
de
l
Tajikistan
"
}
}
"
meta
:
Tokelau
"
{
ls
{
"
Ora
de
le
zole
Tokel
u
"
}
}
"
meta
:
Tonga
"
{
ld
{
"
Ora
d
ist
de
le
zole
Tonga
"
}
lg
{
"
Ora
de
le
zole
Tonga
"
}
ls
{
"
Ora
normale
de
le
zole
Tonga
"
}
}
"
meta
:
Truk
"
{
ls
{
"
Ora
de
l
Chuuk
"
}
}
"
meta
:
Turkmenistan
"
{
ld
{
"
Ora
d
ist
de
l
Turkmenistan
"
}
lg
{
"
Ora
de
l
Turkmenistan
"
}
ls
{
"
Ora
normale
de
l
Turkmenistan
"
}
}
"
meta
:
Tuvalu
"
{
ls
{
"
Ora
de
le
zole
Tuvalu
"
}
}
"
meta
:
Uruguay
"
{
ld
{
"
Ora
d
ist
de
l
Urugu
i
"
}
lg
{
"
Ora
de
l
Urugu
i
"
}
ls
{
"
Ora
normale
de
l
Urugu
i
"
}
}
"
meta
:
Uzbekistan
"
{
ld
{
"
Ora
d
ist
de
l
Uzbekistan
"
}
lg
{
"
Ora
de
l
Uzbekistan
"
}
ls
{
"
Ora
normale
de
l
Uzbekistan
"
}
}
"
meta
:
Vanuatu
"
{
ld
{
"
Ora
d
ist
de
le
zole
Vanuatu
"
}
lg
{
"
Ora
de
le
zole
Vanuatu
"
}
ls
{
"
Ora
normale
de
le
zole
Vanuatu
"
}
}
"
meta
:
Venezuela
"
{
ls
{
"
Ora
de
l
Venesuela
"
}
}
"
meta
:
Vladivostok
"
{
ld
{
"
Ora
d
ist
de
Vladivostok
"
}
lg
{
"
Ora
de
Vladivostok
"
}
ls
{
"
Ora
normale
de
Vladivostok
"
}
}
"
meta
:
Volgograd
"
{
ld
{
"
Ora
d
ist
de
Volgogrado
"
}
lg
{
"
Ora
de
Volgogrado
"
}
ls
{
"
Ora
normale
de
Volgogrado
"
}
}
"
meta
:
Vostok
"
{
ls
{
"
Ora
de
Vostok
"
}
}
"
meta
:
Wake
"
{
ls
{
"
Ora
de
l
Atolo
Wake
"
}
}
"
meta
:
Wallis
"
{
ls
{
"
Ora
de
le
zole
Wallis
e
Futuna
"
}
}
"
meta
:
Yakutsk
"
{
ld
{
"
Ora
d
ist
de
Yakutsk
"
}
lg
{
"
Ora
de
Yakutsk
"
}
ls
{
"
Ora
normale
de
Yakutsk
"
}
}
"
meta
:
Yekaterinburg
"
{
ld
{
"
Ora
d
ist
de
Ekaterinburgo
"
}
lg
{
"
Ora
de
Ekaterinburgo
"
}
ls
{
"
Ora
normale
de
Ekaterinburgo
"
}
}
"
meta
:
Yukon
"
{
ls
{
"
Ora
de
l
Yukon
"
}
}
gmtFormat
{
"
UTC
{
0
}
"
}
gmtZeroFormat
{
"
UTC
"
}
regionFormat
{
"
Ora
{
0
}
"
}
regionFormatDaylight
{
"
Ora
d
ist
{
0
}
"
}
regionFormatStandard
{
"
Ora
normale
{
0
}
"
}
}
}
