/
/
2016
and
later
:
Unicode
Inc
.
and
others
.
/
/
License
&
terms
of
use
:
http
:
/
/
www
.
unicode
.
org
/
copyright
.
html
#
License
vi
{
Version
{
"
36
.
1
"
}
zoneStrings
{
"
Africa
:
Abidjan
"
{
ec
{
"
Abidjan
"
}
}
"
Africa
:
Accra
"
{
ec
{
"
Accra
"
}
}
"
Africa
:
Addis_Ababa
"
{
ec
{
"
Addis
Ababa
"
}
}
"
Africa
:
Algiers
"
{
ec
{
"
Algiers
"
}
}
"
Africa
:
Asmera
"
{
ec
{
"
Asmara
"
}
}
"
Africa
:
Bamako
"
{
ec
{
"
Bamako
"
}
}
"
Africa
:
Bangui
"
{
ec
{
"
Bangui
"
}
}
"
Africa
:
Banjul
"
{
ec
{
"
Banjul
"
}
}
"
Africa
:
Bissau
"
{
ec
{
"
Bissau
"
}
}
"
Africa
:
Blantyre
"
{
ec
{
"
Blantyre
"
}
}
"
Africa
:
Brazzaville
"
{
ec
{
"
Brazzaville
"
}
}
"
Africa
:
Bujumbura
"
{
ec
{
"
Bujumbura
"
}
}
"
Africa
:
Cairo
"
{
ec
{
"
Cairo
"
}
}
"
Africa
:
Casablanca
"
{
ec
{
"
Casablanca
"
}
}
"
Africa
:
Ceuta
"
{
ec
{
"
Ceuta
"
}
}
"
Africa
:
Conakry
"
{
ec
{
"
Conakry
"
}
}
"
Africa
:
Dakar
"
{
ec
{
"
Dakar
"
}
}
"
Africa
:
Dar_es_Salaam
"
{
ec
{
"
Dar
es
Salaam
"
}
}
"
Africa
:
Djibouti
"
{
ec
{
"
Djibouti
"
}
}
"
Africa
:
Douala
"
{
ec
{
"
Douala
"
}
}
"
Africa
:
El_Aaiun
"
{
ec
{
"
El
Aaiun
"
}
}
"
Africa
:
Freetown
"
{
ec
{
"
Freetown
"
}
}
"
Africa
:
Gaborone
"
{
ec
{
"
Gaborone
"
}
}
"
Africa
:
Harare
"
{
ec
{
"
Harare
"
}
}
"
Africa
:
Johannesburg
"
{
ec
{
"
Johannesburg
"
}
}
"
Africa
:
Juba
"
{
ec
{
"
Juba
"
}
}
"
Africa
:
Kampala
"
{
ec
{
"
Kampala
"
}
}
"
Africa
:
Khartoum
"
{
ec
{
"
Khartoum
"
}
}
"
Africa
:
Kigali
"
{
ec
{
"
Kigali
"
}
}
"
Africa
:
Kinshasa
"
{
ec
{
"
Kinshasa
"
}
}
"
Africa
:
Lagos
"
{
ec
{
"
Lagos
"
}
}
"
Africa
:
Libreville
"
{
ec
{
"
Libreville
"
}
}
"
Africa
:
Lome
"
{
ec
{
"
Lome
"
}
}
"
Africa
:
Luanda
"
{
ec
{
"
Luanda
"
}
}
"
Africa
:
Lubumbashi
"
{
ec
{
"
Lubumbashi
"
}
}
"
Africa
:
Lusaka
"
{
ec
{
"
Lusaka
"
}
}
"
Africa
:
Malabo
"
{
ec
{
"
Malabo
"
}
}
"
Africa
:
Maputo
"
{
ec
{
"
Maputo
"
}
}
"
Africa
:
Maseru
"
{
ec
{
"
Maseru
"
}
}
"
Africa
:
Mbabane
"
{
ec
{
"
Mbabane
"
}
}
"
Africa
:
Mogadishu
"
{
ec
{
"
Mogadishu
"
}
}
"
Africa
:
Monrovia
"
{
ec
{
"
Monrovia
"
}
}
"
Africa
:
Nairobi
"
{
ec
{
"
Nairobi
"
}
}
"
Africa
:
Ndjamena
"
{
ec
{
"
Ndjamena
"
}
}
"
Africa
:
Niamey
"
{
ec
{
"
Niamey
"
}
}
"
Africa
:
Nouakchott
"
{
ec
{
"
Nouakchott
"
}
}
"
Africa
:
Ouagadougou
"
{
ec
{
"
Ouagadougou
"
}
}
"
Africa
:
Porto
-
Novo
"
{
ec
{
"
Porto
-
Novo
"
}
}
"
Africa
:
Sao_Tome
"
{
ec
{
"
S
o
Tom
"
}
}
"
Africa
:
Tripoli
"
{
ec
{
"
Tripoli
"
}
}
"
Africa
:
Tunis
"
{
ec
{
"
Tunis
"
}
}
"
Africa
:
Windhoek
"
{
ec
{
"
Windhoek
"
}
}
"
America
:
Adak
"
{
ec
{
"
Adak
"
}
}
"
America
:
Anchorage
"
{
ec
{
"
Anchorage
"
}
}
"
America
:
Anguilla
"
{
ec
{
"
Anguilla
"
}
}
"
America
:
Antigua
"
{
ec
{
"
Antigua
"
}
}
"
America
:
Araguaina
"
{
ec
{
"
Araguaina
"
}
}
"
America
:
Argentina
:
La_Rioja
"
{
ec
{
"
La
Rioja
"
}
}
"
America
:
Argentina
:
Rio_Gallegos
"
{
ec
{
"
Rio
Gallegos
"
}
}
"
America
:
Argentina
:
Salta
"
{
ec
{
"
Salta
"
}
}
"
America
:
Argentina
:
San_Juan
"
{
ec
{
"
San
Juan
"
}
}
"
America
:
Argentina
:
San_Luis
"
{
ec
{
"
San
Luis
"
}
}
"
America
:
Argentina
:
Tucuman
"
{
ec
{
"
Tucuman
"
}
}
"
America
:
Argentina
:
Ushuaia
"
{
ec
{
"
Ushuaia
"
}
}
"
America
:
Aruba
"
{
ec
{
"
Aruba
"
}
}
"
America
:
Asuncion
"
{
ec
{
"
Asunci
n
"
}
}
"
America
:
Bahia
"
{
ec
{
"
Bahia
"
}
}
"
America
:
Bahia_Banderas
"
{
ec
{
"
Bahia
Banderas
"
}
}
"
America
:
Barbados
"
{
ec
{
"
Barbados
"
}
}
"
America
:
Belem
"
{
ec
{
"
Belem
"
}
}
"
America
:
Belize
"
{
ec
{
"
Belize
"
}
}
"
America
:
Blanc
-
Sablon
"
{
ec
{
"
Blanc
-
Sablon
"
}
}
"
America
:
Boa_Vista
"
{
ec
{
"
Boa
Vista
"
}
}
"
America
:
Bogota
"
{
ec
{
"
Bogota
"
}
}
"
America
:
Boise
"
{
ec
{
"
Boise
"
}
}
"
America
:
Buenos_Aires
"
{
ec
{
"
Buenos
Aires
"
}
}
"
America
:
Cambridge_Bay
"
{
ec
{
"
Cambridge
Bay
"
}
}
"
America
:
Campo_Grande
"
{
ec
{
"
Campo
Grande
"
}
}
"
America
:
Cancun
"
{
ec
{
"
Cancun
"
}
}
"
America
:
Caracas
"
{
ec
{
"
Caracas
"
}
}
"
America
:
Catamarca
"
{
ec
{
"
Catamarca
"
}
}
"
America
:
Cayenne
"
{
ec
{
"
Cayenne
"
}
}
"
America
:
Cayman
"
{
ec
{
"
Cayman
"
}
}
"
America
:
Chicago
"
{
ec
{
"
Chicago
"
}
}
"
America
:
Chihuahua
"
{
ec
{
"
Chihuahua
"
}
}
"
America
:
Coral_Harbour
"
{
ec
{
"
Atikokan
"
}
}
"
America
:
Cordoba
"
{
ec
{
"
Cordoba
"
}
}
"
America
:
Costa_Rica
"
{
ec
{
"
Costa
Rica
"
}
}
"
America
:
Creston
"
{
ec
{
"
Creston
"
}
}
"
America
:
Cuiaba
"
{
ec
{
"
Cuiaba
"
}
}
"
America
:
Curacao
"
{
ec
{
"
Cura
ao
"
}
}
"
America
:
Danmarkshavn
"
{
ec
{
"
Danmarkshavn
"
}
}
"
America
:
Dawson
"
{
ec
{
"
Dawson
"
}
}
"
America
:
Dawson_Creek
"
{
ec
{
"
Dawson
Creek
"
}
}
"
America
:
Denver
"
{
ec
{
"
Denver
"
}
}
"
America
:
Detroit
"
{
ec
{
"
Detroit
"
}
}
"
America
:
Dominica
"
{
ec
{
"
Dominica
"
}
}
"
America
:
Edmonton
"
{
ec
{
"
Edmonton
"
}
}
"
America
:
Eirunepe
"
{
ec
{
"
Eirunepe
"
}
}
"
America
:
El_Salvador
"
{
ec
{
"
El
Salvador
"
}
}
"
America
:
Fort_Nelson
"
{
ec
{
"
Fort
Nelson
"
}
}
"
America
:
Fortaleza
"
{
ec
{
"
Fortaleza
"
}
}
"
America
:
Glace_Bay
"
{
ec
{
"
Glace
Bay
"
}
}
"
America
:
Godthab
"
{
ec
{
"
Nuuk
"
}
}
"
America
:
Goose_Bay
"
{
ec
{
"
Goose
Bay
"
}
}
"
America
:
Grand_Turk
"
{
ec
{
"
Grand
Turk
"
}
}
"
America
:
Grenada
"
{
ec
{
"
Grenada
"
}
}
"
America
:
Guadeloupe
"
{
ec
{
"
Guadeloupe
"
}
}
"
America
:
Guatemala
"
{
ec
{
"
Guatemala
"
}
}
"
America
:
Guayaquil
"
{
ec
{
"
Guayaquil
"
}
}
"
America
:
Guyana
"
{
ec
{
"
Guyana
"
}
}
"
America
:
Halifax
"
{
ec
{
"
Halifax
"
}
}
"
America
:
Havana
"
{
ec
{
"
Havana
"
}
}
"
America
:
Hermosillo
"
{
ec
{
"
Hermosillo
"
}
}
"
America
:
Indiana
:
Knox
"
{
ec
{
"
Knox
Indiana
"
}
}
"
America
:
Indiana
:
Marengo
"
{
ec
{
"
Marengo
Indiana
"
}
}
"
America
:
Indiana
:
Petersburg
"
{
ec
{
"
Petersburg
Indiana
"
}
}
"
America
:
Indiana
:
Tell_City
"
{
ec
{
"
Tell
City
Indiana
"
}
}
"
America
:
Indiana
:
Vevay
"
{
ec
{
"
Vevay
Indiana
"
}
}
"
America
:
Indiana
:
Vincennes
"
{
ec
{
"
Vincennes
Indiana
"
}
}
"
America
:
Indiana
:
Winamac
"
{
ec
{
"
Winamac
Indiana
"
}
}
"
America
:
Indianapolis
"
{
ec
{
"
Indianapolis
"
}
}
"
America
:
Inuvik
"
{
ec
{
"
Inuvik
"
}
}
"
America
:
Iqaluit
"
{
ec
{
"
Iqaluit
"
}
}
"
America
:
Jamaica
"
{
ec
{
"
Jamaica
"
}
}
"
America
:
Jujuy
"
{
ec
{
"
Jujuy
"
}
}
"
America
:
Juneau
"
{
ec
{
"
Juneau
"
}
}
"
America
:
Kentucky
:
Monticello
"
{
ec
{
"
Monticello
Kentucky
"
}
}
"
America
:
Kralendijk
"
{
ec
{
"
Kralendijk
"
}
}
"
America
:
La_Paz
"
{
ec
{
"
La
Paz
"
}
}
"
America
:
Lima
"
{
ec
{
"
Lima
"
}
}
"
America
:
Los_Angeles
"
{
ec
{
"
Los
Angeles
"
}
}
"
America
:
Louisville
"
{
ec
{
"
Louisville
"
}
}
"
America
:
Lower_Princes
"
{
ec
{
"
Lower
Prince
s
Quarter
"
}
}
"
America
:
Maceio
"
{
ec
{
"
Maceio
"
}
}
"
America
:
Managua
"
{
ec
{
"
Managua
"
}
}
"
America
:
Manaus
"
{
ec
{
"
Manaus
"
}
}
"
America
:
Marigot
"
{
ec
{
"
Marigot
"
}
}
"
America
:
Martinique
"
{
ec
{
"
Martinique
"
}
}
"
America
:
Matamoros
"
{
ec
{
"
Matamoros
"
}
}
"
America
:
Mazatlan
"
{
ec
{
"
Mazatlan
"
}
}
"
America
:
Mendoza
"
{
ec
{
"
Mendoza
"
}
}
"
America
:
Menominee
"
{
ec
{
"
Menominee
"
}
}
"
America
:
Merida
"
{
ec
{
"
Merida
"
}
}
"
America
:
Metlakatla
"
{
ec
{
"
Metlakatla
"
}
}
"
America
:
Mexico_City
"
{
ec
{
"
Mexico
City
"
}
}
"
America
:
Miquelon
"
{
ec
{
"
Miquelon
"
}
}
"
America
:
Moncton
"
{
ec
{
"
Moncton
"
}
}
"
America
:
Monterrey
"
{
ec
{
"
Monterrey
"
}
}
"
America
:
Montevideo
"
{
ec
{
"
Montevideo
"
}
}
"
America
:
Montserrat
"
{
ec
{
"
Montserrat
"
}
}
"
America
:
Nassau
"
{
ec
{
"
Nassau
"
}
}
"
America
:
New_York
"
{
ec
{
"
New
York
"
}
}
"
America
:
Nipigon
"
{
ec
{
"
Nipigon
"
}
}
"
America
:
Nome
"
{
ec
{
"
Nome
"
}
}
"
America
:
Noronha
"
{
ec
{
"
Noronha
"
}
}
"
America
:
North_Dakota
:
Beulah
"
{
ec
{
"
Beulah
B
c
Dakota
"
}
}
"
America
:
North_Dakota
:
Center
"
{
ec
{
"
Center
B
c
Dakota
"
}
}
"
America
:
North_Dakota
:
New_Salem
"
{
ec
{
"
New
Salem
B
c
Dakota
"
}
}
"
America
:
Ojinaga
"
{
ec
{
"
Ojinaga
"
}
}
"
America
:
Panama
"
{
ec
{
"
Panama
"
}
}
"
America
:
Pangnirtung
"
{
ec
{
"
Pangnirtung
"
}
}
"
America
:
Paramaribo
"
{
ec
{
"
Paramaribo
"
}
}
"
America
:
Phoenix
"
{
ec
{
"
Phoenix
"
}
}
"
America
:
Port
-
au
-
Prince
"
{
ec
{
"
Port
-
au
-
Prince
"
}
}
"
America
:
Port_of_Spain
"
{
ec
{
"
Port
of
Spain
"
}
}
"
America
:
Porto_Velho
"
{
ec
{
"
Porto
Velho
"
}
}
"
America
:
Puerto_Rico
"
{
ec
{
"
Puerto
Rico
"
}
}
"
America
:
Punta_Arenas
"
{
ec
{
"
Punta
Arenas
"
}
}
"
America
:
Rainy_River
"
{
ec
{
"
Rainy
River
"
}
}
"
America
:
Rankin_Inlet
"
{
ec
{
"
Rankin
Inlet
"
}
}
"
America
:
Recife
"
{
ec
{
"
Recife
"
}
}
"
America
:
Regina
"
{
ec
{
"
Regina
"
}
}
"
America
:
Resolute
"
{
ec
{
"
Resolute
"
}
}
"
America
:
Rio_Branco
"
{
ec
{
"
Rio
Branco
"
}
}
"
America
:
Santa_Isabel
"
{
ec
{
"
Santa
Isabel
"
}
}
"
America
:
Santarem
"
{
ec
{
"
Santarem
"
}
}
"
America
:
Santiago
"
{
ec
{
"
Santiago
"
}
}
"
America
:
Santo_Domingo
"
{
ec
{
"
Santo
Domingo
"
}
}
"
America
:
Sao_Paulo
"
{
ec
{
"
Sao
Paulo
"
}
}
"
America
:
Scoresbysund
"
{
ec
{
"
Ittoqqortoormiit
"
}
}
"
America
:
Sitka
"
{
ec
{
"
Sitka
"
}
}
"
America
:
St_Barthelemy
"
{
ec
{
"
St
.
Barth
lemy
"
}
}
"
America
:
St_Johns
"
{
ec
{
"
St
.
John
s
"
}
}
"
America
:
St_Kitts
"
{
ec
{
"
St
.
Kitts
"
}
}
"
America
:
St_Lucia
"
{
ec
{
"
St
.
Lucia
"
}
}
"
America
:
St_Thomas
"
{
ec
{
"
St
.
Thomas
"
}
}
"
America
:
St_Vincent
"
{
ec
{
"
St
.
Vincent
"
}
}
"
America
:
Swift_Current
"
{
ec
{
"
Swift
Current
"
}
}
"
America
:
Tegucigalpa
"
{
ec
{
"
Tegucigalpa
"
}
}
"
America
:
Thule
"
{
ec
{
"
Thule
"
}
}
"
America
:
Thunder_Bay
"
{
ec
{
"
Thunder
Bay
"
}
}
"
America
:
Tijuana
"
{
ec
{
"
Tijuana
"
}
}
"
America
:
Toronto
"
{
ec
{
"
Toronto
"
}
}
"
America
:
Tortola
"
{
ec
{
"
Tortola
"
}
}
"
America
:
Vancouver
"
{
ec
{
"
Vancouver
"
}
}
"
America
:
Whitehorse
"
{
ec
{
"
Whitehorse
"
}
}
"
America
:
Winnipeg
"
{
ec
{
"
Winnipeg
"
}
}
"
America
:
Yakutat
"
{
ec
{
"
Yakutat
"
}
}
"
America
:
Yellowknife
"
{
ec
{
"
Yellowknife
"
}
}
"
Antarctica
:
Casey
"
{
ec
{
"
Casey
"
}
}
"
Antarctica
:
Davis
"
{
ec
{
"
Davis
"
}
}
"
Antarctica
:
DumontDUrville
"
{
ec
{
"
Dumont
d
Urville
"
}
}
"
Antarctica
:
Macquarie
"
{
ec
{
"
Macquarie
"
}
}
"
Antarctica
:
Mawson
"
{
ec
{
"
Mawson
"
}
}
"
Antarctica
:
McMurdo
"
{
ec
{
"
McMurdo
"
}
}
"
Antarctica
:
Palmer
"
{
ec
{
"
Palmer
"
}
}
"
Antarctica
:
Rothera
"
{
ec
{
"
Rothera
"
}
}
"
Antarctica
:
Syowa
"
{
ec
{
"
Syowa
"
}
}
"
Antarctica
:
Troll
"
{
ec
{
"
Troll
"
}
}
"
Antarctica
:
Vostok
"
{
ec
{
"
Vostok
"
}
}
"
Arctic
:
Longyearbyen
"
{
ec
{
"
Longyearbyen
"
}
}
"
Asia
:
Aden
"
{
ec
{
"
Aden
"
}
}
"
Asia
:
Almaty
"
{
ec
{
"
Almaty
"
}
}
"
Asia
:
Amman
"
{
ec
{
"
Amman
"
}
}
"
Asia
:
Anadyr
"
{
ec
{
"
Anadyr
"
}
}
"
Asia
:
Aqtau
"
{
ec
{
"
Aqtau
"
}
}
"
Asia
:
Aqtobe
"
{
ec
{
"
Aqtobe
"
}
}
"
Asia
:
Ashgabat
"
{
ec
{
"
Ashgabat
"
}
}
"
Asia
:
Atyrau
"
{
ec
{
"
Atyrau
"
}
}
"
Asia
:
Baghdad
"
{
ec
{
"
Baghdad
"
}
}
"
Asia
:
Bahrain
"
{
ec
{
"
Bahrain
"
}
}
"
Asia
:
Baku
"
{
ec
{
"
Baku
"
}
}
"
Asia
:
Bangkok
"
{
ec
{
"
Bangkok
"
}
}
"
Asia
:
Barnaul
"
{
ec
{
"
Barnaul
"
}
}
"
Asia
:
Beirut
"
{
ec
{
"
Beirut
"
}
}
"
Asia
:
Bishkek
"
{
ec
{
"
Bishkek
"
}
}
"
Asia
:
Brunei
"
{
ec
{
"
Brunei
"
}
}
"
Asia
:
Calcutta
"
{
ec
{
"
Kolkata
"
}
}
"
Asia
:
Chita
"
{
ec
{
"
Chita
"
}
}
"
Asia
:
Choibalsan
"
{
ec
{
"
Choibalsan
"
}
}
"
Asia
:
Colombo
"
{
ec
{
"
Colombo
"
}
}
"
Asia
:
Damascus
"
{
ec
{
"
Damascus
"
}
}
"
Asia
:
Dhaka
"
{
ec
{
"
Dhaka
"
}
}
"
Asia
:
Dili
"
{
ec
{
"
Dili
"
}
}
"
Asia
:
Dubai
"
{
ec
{
"
Dubai
"
}
}
"
Asia
:
Dushanbe
"
{
ec
{
"
Dushanbe
"
}
}
"
Asia
:
Famagusta
"
{
ec
{
"
Famagusta
"
}
}
"
Asia
:
Gaza
"
{
ec
{
"
Gaza
"
}
}
"
Asia
:
Hebron
"
{
ec
{
"
Hebron
"
}
}
"
Asia
:
Hong_Kong
"
{
ec
{
"
H
ng
K
ng
"
}
}
"
Asia
:
Hovd
"
{
ec
{
"
Hovd
"
}
}
"
Asia
:
Irkutsk
"
{
ec
{
"
Irkutsk
"
}
}
"
Asia
:
Jakarta
"
{
ec
{
"
Jakarta
"
}
}
"
Asia
:
Jayapura
"
{
ec
{
"
Jayapura
"
}
}
"
Asia
:
Jerusalem
"
{
ec
{
"
Jerusalem
"
}
}
"
Asia
:
Kabul
"
{
ec
{
"
Kabul
"
}
}
"
Asia
:
Kamchatka
"
{
ec
{
"
Kamchatka
"
}
}
"
Asia
:
Karachi
"
{
ec
{
"
Karachi
"
}
}
"
Asia
:
Katmandu
"
{
ec
{
"
Kathmandu
"
}
}
"
Asia
:
Khandyga
"
{
ec
{
"
Khandyga
"
}
}
"
Asia
:
Krasnoyarsk
"
{
ec
{
"
Krasnoyarsk
"
}
}
"
Asia
:
Kuala_Lumpur
"
{
ec
{
"
Kuala
Lumpur
"
}
}
"
Asia
:
Kuching
"
{
ec
{
"
Kuching
"
}
}
"
Asia
:
Kuwait
"
{
ec
{
"
Kuwait
"
}
}
"
Asia
:
Macau
"
{
ec
{
"
Ma
Cao
"
}
}
"
Asia
:
Magadan
"
{
ec
{
"
Magadan
"
}
}
"
Asia
:
Makassar
"
{
ec
{
"
Makassar
"
}
}
"
Asia
:
Manila
"
{
ec
{
"
Manila
"
}
}
"
Asia
:
Muscat
"
{
ec
{
"
Muscat
"
}
}
"
Asia
:
Nicosia
"
{
ec
{
"
Nicosia
"
}
}
"
Asia
:
Novokuznetsk
"
{
ec
{
"
Novokuznetsk
"
}
}
"
Asia
:
Novosibirsk
"
{
ec
{
"
Novosibirsk
"
}
}
"
Asia
:
Omsk
"
{
ec
{
"
Omsk
"
}
}
"
Asia
:
Oral
"
{
ec
{
"
Oral
"
}
}
"
Asia
:
Phnom_Penh
"
{
ec
{
"
Phnom
Penh
"
}
}
"
Asia
:
Pontianak
"
{
ec
{
"
Pontianak
"
}
}
"
Asia
:
Pyongyang
"
{
ec
{
"
B
nh
Nh
ng
"
}
}
"
Asia
:
Qatar
"
{
ec
{
"
Qatar
"
}
}
"
Asia
:
Qostanay
"
{
ec
{
"
Kostanay
"
}
}
"
Asia
:
Qyzylorda
"
{
ec
{
"
Qyzylorda
"
}
}
"
Asia
:
Rangoon
"
{
ec
{
"
Rangoon
"
}
}
"
Asia
:
Riyadh
"
{
ec
{
"
Riyadh
"
}
}
"
Asia
:
Saigon
"
{
ec
{
"
TP
H
Ch
Minh
"
}
}
"
Asia
:
Sakhalin
"
{
ec
{
"
Sakhalin
"
}
}
"
Asia
:
Samarkand
"
{
ec
{
"
Samarkand
"
}
}
"
Asia
:
Seoul
"
{
ec
{
"
Seoul
"
}
}
"
Asia
:
Shanghai
"
{
ec
{
"
Th
ng
H
i
"
}
}
"
Asia
:
Singapore
"
{
ec
{
"
Singapore
"
}
}
"
Asia
:
Srednekolymsk
"
{
ec
{
"
Srednekolymsk
"
}
}
"
Asia
:
Taipei
"
{
ec
{
"
i
B
c
"
}
}
"
Asia
:
Tashkent
"
{
ec
{
"
Tashkent
"
}
}
"
Asia
:
Tbilisi
"
{
ec
{
"
Tbilisi
"
}
}
"
Asia
:
Tehran
"
{
ec
{
"
Tehran
"
}
}
"
Asia
:
Thimphu
"
{
ec
{
"
Thimphu
"
}
}
"
Asia
:
Tokyo
"
{
ec
{
"
Tokyo
"
}
}
"
Asia
:
Tomsk
"
{
ec
{
"
Tomsk
"
}
}
"
Asia
:
Ulaanbaatar
"
{
ec
{
"
Ulaanbaatar
"
}
}
"
Asia
:
Urumqi
"
{
ec
{
"
Urumqi
"
}
}
"
Asia
:
Ust
-
Nera
"
{
ec
{
"
Ust
-
Nera
"
}
}
"
Asia
:
Vientiane
"
{
ec
{
"
Vi
ng
Ch
n
"
}
}
"
Asia
:
Vladivostok
"
{
ec
{
"
Vladivostok
"
}
}
"
Asia
:
Yakutsk
"
{
ec
{
"
Yakutsk
"
}
}
"
Asia
:
Yekaterinburg
"
{
ec
{
"
Yekaterinburg
"
}
}
"
Asia
:
Yerevan
"
{
ec
{
"
Yerevan
"
}
}
"
Atlantic
:
Azores
"
{
ec
{
"
Azores
"
}
}
"
Atlantic
:
Bermuda
"
{
ec
{
"
Bermuda
"
}
}
"
Atlantic
:
Canary
"
{
ec
{
"
Canary
"
}
}
"
Atlantic
:
Cape_Verde
"
{
ec
{
"
Cape
Verde
"
}
}
"
Atlantic
:
Faeroe
"
{
ec
{
"
Faroe
"
}
}
"
Atlantic
:
Madeira
"
{
ec
{
"
Madeira
"
}
}
"
Atlantic
:
Reykjavik
"
{
ec
{
"
Reykjavik
"
}
}
"
Atlantic
:
South_Georgia
"
{
ec
{
"
Nam
Georgia
"
}
}
"
Atlantic
:
St_Helena
"
{
ec
{
"
St
.
Helena
"
}
}
"
Atlantic
:
Stanley
"
{
ec
{
"
Stanley
"
}
}
"
Australia
:
Adelaide
"
{
ec
{
"
Adelaide
"
}
}
"
Australia
:
Brisbane
"
{
ec
{
"
Brisbane
"
}
}
"
Australia
:
Broken_Hill
"
{
ec
{
"
Broken
Hill
"
}
}
"
Australia
:
Currie
"
{
ec
{
"
Currie
"
}
}
"
Australia
:
Darwin
"
{
ec
{
"
Darwin
"
}
}
"
Australia
:
Eucla
"
{
ec
{
"
Eucla
"
}
}
"
Australia
:
Hobart
"
{
ec
{
"
Hobart
"
}
}
"
Australia
:
Lindeman
"
{
ec
{
"
Lindeman
"
}
}
"
Australia
:
Lord_Howe
"
{
ec
{
"
Lord
Howe
"
}
}
"
Australia
:
Melbourne
"
{
ec
{
"
Melbourne
"
}
}
"
Australia
:
Perth
"
{
ec
{
"
Perth
"
}
}
"
Australia
:
Sydney
"
{
ec
{
"
Sydney
"
}
}
"
Etc
:
UTC
"
{
ls
{
"
Gi
Ph
i
h
p
Qu
c
t
"
}
}
"
Etc
:
Unknown
"
{
ec
{
"
Th
nh
ph
Kh
ng
x
c
nh
"
}
}
"
Europe
:
Amsterdam
"
{
ec
{
"
Amsterdam
"
}
}
"
Europe
:
Andorra
"
{
ec
{
"
Andorra
"
}
}
"
Europe
:
Astrakhan
"
{
ec
{
"
Astrakhan
"
}
}
"
Europe
:
Athens
"
{
ec
{
"
Athens
"
}
}
"
Europe
:
Belgrade
"
{
ec
{
"
Belgrade
"
}
}
"
Europe
:
Berlin
"
{
ec
{
"
Berlin
"
}
}
"
Europe
:
Bratislava
"
{
ec
{
"
Bratislava
"
}
}
"
Europe
:
Brussels
"
{
ec
{
"
Brussels
"
}
}
"
Europe
:
Bucharest
"
{
ec
{
"
Bucharest
"
}
}
"
Europe
:
Budapest
"
{
ec
{
"
Budapest
"
}
}
"
Europe
:
Busingen
"
{
ec
{
"
Busingen
"
}
}
"
Europe
:
Chisinau
"
{
ec
{
"
Chisinau
"
}
}
"
Europe
:
Copenhagen
"
{
ec
{
"
Copenhagen
"
}
}
"
Europe
:
Dublin
"
{
ec
{
"
Dublin
"
}
ld
{
"
Gi
chu
n
Ai
-
len
"
}
}
"
Europe
:
Gibraltar
"
{
ec
{
"
Gibraltar
"
}
}
"
Europe
:
Guernsey
"
{
ec
{
"
Guernsey
"
}
}
"
Europe
:
Helsinki
"
{
ec
{
"
Helsinki
"
}
}
"
Europe
:
Isle_of_Man
"
{
ec
{
"
o
Man
"
}
}
"
Europe
:
Istanbul
"
{
ec
{
"
Istanbul
"
}
}
"
Europe
:
Jersey
"
{
ec
{
"
Jersey
"
}
}
"
Europe
:
Kaliningrad
"
{
ec
{
"
Kaliningrad
"
}
}
"
Europe
:
Kiev
"
{
ec
{
"
Kiev
"
}
}
"
Europe
:
Kirov
"
{
ec
{
"
Kirov
"
}
}
"
Europe
:
Lisbon
"
{
ec
{
"
Lisbon
"
}
}
"
Europe
:
Ljubljana
"
{
ec
{
"
Ljubljana
"
}
}
"
Europe
:
London
"
{
ec
{
"
London
"
}
ld
{
"
Gi
M
a
H
Anh
"
}
}
"
Europe
:
Luxembourg
"
{
ec
{
"
Luxembourg
"
}
}
"
Europe
:
Madrid
"
{
ec
{
"
Madrid
"
}
}
"
Europe
:
Malta
"
{
ec
{
"
Malta
"
}
}
"
Europe
:
Mariehamn
"
{
ec
{
"
Mariehamn
"
}
}
"
Europe
:
Minsk
"
{
ec
{
"
Minsk
"
}
}
"
Europe
:
Monaco
"
{
ec
{
"
Monaco
"
}
}
"
Europe
:
Moscow
"
{
ec
{
"
M
t
-
xc
-
va
"
}
}
"
Europe
:
Oslo
"
{
ec
{
"
Oslo
"
}
}
"
Europe
:
Paris
"
{
ec
{
"
Paris
"
}
}
"
Europe
:
Podgorica
"
{
ec
{
"
Podgorica
"
}
}
"
Europe
:
Prague
"
{
ec
{
"
Praha
"
}
}
"
Europe
:
Riga
"
{
ec
{
"
Riga
"
}
}
"
Europe
:
Rome
"
{
ec
{
"
Rome
"
}
}
"
Europe
:
Samara
"
{
ec
{
"
Samara
"
}
}
"
Europe
:
San_Marino
"
{
ec
{
"
San
Marino
"
}
}
"
Europe
:
Sarajevo
"
{
ec
{
"
Sarajevo
"
}
}
"
Europe
:
Saratov
"
{
ec
{
"
Saratov
"
}
}
"
Europe
:
Simferopol
"
{
ec
{
"
Simferopol
"
}
}
"
Europe
:
Skopje
"
{
ec
{
"
Skopje
"
}
}
"
Europe
:
Sofia
"
{
ec
{
"
Sofia
"
}
}
"
Europe
:
Stockholm
"
{
ec
{
"
Stockholm
"
}
}
"
Europe
:
Tallinn
"
{
ec
{
"
Tallinn
"
}
}
"
Europe
:
Tirane
"
{
ec
{
"
Tirane
"
}
}
"
Europe
:
Ulyanovsk
"
{
ec
{
"
Ulyanovsk
"
}
}
"
Europe
:
Uzhgorod
"
{
ec
{
"
Uzhhorod
"
}
}
"
Europe
:
Vaduz
"
{
ec
{
"
Vaduz
"
}
}
"
Europe
:
Vatican
"
{
ec
{
"
Vatican
"
}
}
"
Europe
:
Vienna
"
{
ec
{
"
Vienna
"
}
}
"
Europe
:
Vilnius
"
{
ec
{
"
Vilnius
"
}
}
"
Europe
:
Volgograd
"
{
ec
{
"
Volgograd
"
}
}
"
Europe
:
Warsaw
"
{
ec
{
"
Warsaw
"
}
}
"
Europe
:
Zagreb
"
{
ec
{
"
Zagreb
"
}
}
"
Europe
:
Zaporozhye
"
{
ec
{
"
Zaporozhye
"
}
}
"
Europe
:
Zurich
"
{
ec
{
"
Zurich
"
}
}
"
Indian
:
Antananarivo
"
{
ec
{
"
Antananarivo
"
}
}
"
Indian
:
Chagos
"
{
ec
{
"
Chagos
"
}
}
"
Indian
:
Christmas
"
{
ec
{
"
Christmas
"
}
}
"
Indian
:
Cocos
"
{
ec
{
"
Cocos
"
}
}
"
Indian
:
Comoro
"
{
ec
{
"
Comoro
"
}
}
"
Indian
:
Kerguelen
"
{
ec
{
"
Kerguelen
"
}
}
"
Indian
:
Mahe
"
{
ec
{
"
Mahe
"
}
}
"
Indian
:
Maldives
"
{
ec
{
"
Maldives
"
}
}
"
Indian
:
Mauritius
"
{
ec
{
"
Mauritius
"
}
}
"
Indian
:
Mayotte
"
{
ec
{
"
Mayotte
"
}
}
"
Indian
:
Reunion
"
{
ec
{
"
R
union
"
}
}
"
Pacific
:
Apia
"
{
ec
{
"
Apia
"
}
}
"
Pacific
:
Auckland
"
{
ec
{
"
Auckland
"
}
}
"
Pacific
:
Bougainville
"
{
ec
{
"
Bougainville
"
}
}
"
Pacific
:
Chatham
"
{
ec
{
"
Chatham
"
}
}
"
Pacific
:
Easter
"
{
ec
{
"
Easter
"
}
}
"
Pacific
:
Efate
"
{
ec
{
"
Efate
"
}
}
"
Pacific
:
Enderbury
"
{
ec
{
"
Enderbury
"
}
}
"
Pacific
:
Fakaofo
"
{
ec
{
"
Fakaofo
"
}
}
"
Pacific
:
Fiji
"
{
ec
{
"
Fiji
"
}
}
"
Pacific
:
Funafuti
"
{
ec
{
"
Funafuti
"
}
}
"
Pacific
:
Galapagos
"
{
ec
{
"
Galapagos
"
}
}
"
Pacific
:
Gambier
"
{
ec
{
"
Gambier
"
}
}
"
Pacific
:
Guadalcanal
"
{
ec
{
"
Guadalcanal
"
}
}
"
Pacific
:
Guam
"
{
ec
{
"
Guam
"
}
}
"
Pacific
:
Honolulu
"
{
ec
{
"
Honolulu
"
}
sd
{
"
HDT
"
}
sg
{
"
Gi
HST
"
}
ss
{
"
HST
"
}
}
"
Pacific
:
Johnston
"
{
ec
{
"
Johnston
"
}
}
"
Pacific
:
Kiritimati
"
{
ec
{
"
Kiritimati
"
}
}
"
Pacific
:
Kosrae
"
{
ec
{
"
Kosrae
"
}
}
"
Pacific
:
Kwajalein
"
{
ec
{
"
Kwajalein
"
}
}
"
Pacific
:
Majuro
"
{
ec
{
"
Majuro
"
}
}
"
Pacific
:
Marquesas
"
{
ec
{
"
Marquesas
"
}
}
"
Pacific
:
Midway
"
{
ec
{
"
Midway
"
}
}
"
Pacific
:
Nauru
"
{
ec
{
"
Nauru
"
}
}
"
Pacific
:
Niue
"
{
ec
{
"
Niue
"
}
}
"
Pacific
:
Norfolk
"
{
ec
{
"
Norfolk
"
}
}
"
Pacific
:
Noumea
"
{
ec
{
"
Noumea
"
}
}
"
Pacific
:
Pago_Pago
"
{
ec
{
"
Pago
Pago
"
}
}
"
Pacific
:
Palau
"
{
ec
{
"
Palau
"
}
}
"
Pacific
:
Pitcairn
"
{
ec
{
"
Pitcairn
"
}
}
"
Pacific
:
Ponape
"
{
ec
{
"
Pohnpei
"
}
}
"
Pacific
:
Port_Moresby
"
{
ec
{
"
Port
Moresby
"
}
}
"
Pacific
:
Rarotonga
"
{
ec
{
"
Rarotonga
"
}
}
"
Pacific
:
Saipan
"
{
ec
{
"
Saipan
"
}
}
"
Pacific
:
Tahiti
"
{
ec
{
"
Tahiti
"
}
}
"
Pacific
:
Tarawa
"
{
ec
{
"
Tarawa
"
}
}
"
Pacific
:
Tongatapu
"
{
ec
{
"
Tongatapu
"
}
}
"
Pacific
:
Truk
"
{
ec
{
"
Chuuk
"
}
}
"
Pacific
:
Wake
"
{
ec
{
"
Wake
"
}
}
"
Pacific
:
Wallis
"
{
ec
{
"
Wallis
"
}
}
"
meta
:
Acre
"
{
ld
{
"
Gi
M
a
H
Acre
"
}
lg
{
"
Gi
Acre
"
}
ls
{
"
Gi
Chu
n
Acre
"
}
}
"
meta
:
Afghanistan
"
{
ls
{
"
Gi
Afghanistan
"
}
}
"
meta
:
Africa_Central
"
{
ls
{
"
Gi
Trung
Phi
"
}
}
"
meta
:
Africa_Eastern
"
{
ls
{
"
Gi
ng
Phi
"
}
}
"
meta
:
Africa_Southern
"
{
ls
{
"
Gi
Chu
n
Nam
Phi
"
}
}
"
meta
:
Africa_Western
"
{
ld
{
"
Gi
M
a
H
T
y
Phi
"
}
lg
{
"
Gi
T
y
Phi
"
}
ls
{
"
Gi
Chu
n
T
y
Phi
"
}
}
"
meta
:
Alaska
"
{
ld
{
"
Gi
M
a
H
Alaska
"
}
lg
{
"
Gi
Alaska
"
}
ls
{
"
Gi
Chu
n
Alaska
"
}
sd
{
"
AKDT
"
}
sg
{
"
AKT
"
}
ss
{
"
AKST
"
}
}
"
meta
:
Almaty
"
{
ld
{
"
Gi
M
a
H
Almaty
"
}
lg
{
"
Gi
Almaty
"
}
ls
{
"
Gi
Chu
n
Almaty
"
}
}
"
meta
:
Amazon
"
{
ld
{
"
Gi
M
a
H
Amazon
"
}
lg
{
"
Gi
Amazon
"
}
ls
{
"
Gi
Chu
n
Amazon
"
}
}
"
meta
:
America_Central
"
{
ld
{
"
Gi
m
a
h
mi
n
Trung
"
}
lg
{
"
Gi
mi
n
Trung
"
}
ls
{
"
Gi
chu
n
mi
n
Trung
"
}
sd
{
"
CDT
"
}
sg
{
"
CT
"
}
ss
{
"
CST
"
}
}
"
meta
:
America_Eastern
"
{
ld
{
"
Gi
m
a
h
mi
n
ng
"
}
lg
{
"
Gi
mi
n
ng
"
}
ls
{
"
Gi
chu
n
mi
n
ng
"
}
sd
{
"
EDT
"
}
sg
{
"
ET
"
}
ss
{
"
EST
"
}
}
"
meta
:
America_Mountain
"
{
ld
{
"
Gi
m
a
h
mi
n
n
i
"
}
lg
{
"
Gi
mi
n
n
i
"
}
ls
{
"
Gi
chu
n
mi
n
n
i
"
}
sd
{
"
MDT
"
}
sg
{
"
MT
"
}
ss
{
"
MST
"
}
}
"
meta
:
America_Pacific
"
{
ld
{
"
Gi
m
a
h
Th
i
B
nh
D
ng
"
}
lg
{
"
Gi
Th
i
B
nh
D
ng
"
}
ls
{
"
Gi
chu
n
Th
i
B
nh
D
ng
"
}
sd
{
"
PDT
"
}
sg
{
"
PT
"
}
ss
{
"
PST
"
}
}
"
meta
:
Anadyr
"
{
ld
{
"
Gi
m
a
h
Anadyr
"
}
lg
{
"
Gi
Anadyr
"
}
ls
{
"
Gi
Chu
n
Anadyr
"
}
}
"
meta
:
Apia
"
{
ld
{
"
Gi
M
a
H
Apia
"
}
lg
{
"
Gi
Apia
"
}
ls
{
"
Gi
Chu
n
Apia
"
}
}
"
meta
:
Aqtau
"
{
ld
{
"
Gi
M
a
H
Aqtau
"
}
lg
{
"
Gi
Aqtau
"
}
ls
{
"
Gi
Chu
n
Aqtau
"
}
}
"
meta
:
Aqtobe
"
{
ld
{
"
Gi
M
a
H
Aqtobe
"
}
lg
{
"
Gi
Aqtobe
"
}
ls
{
"
Gi
Chu
n
Aqtobe
"
}
}
"
meta
:
Arabian
"
{
ld
{
"
Gi
M
a
H
R
p
"
}
lg
{
"
Gi
R
p
"
}
ls
{
"
Gi
chu
n
R
p
"
}
}
"
meta
:
Argentina
"
{
ld
{
"
Gi
M
a
H
Argentina
"
}
lg
{
"
Gi
Argentina
"
}
ls
{
"
Gi
Chu
n
Argentina
"
}
}
"
meta
:
Argentina_Western
"
{
ld
{
"
Gi
m
a
h
mi
n
t
y
Argentina
"
}
lg
{
"
Gi
mi
n
t
y
Argentina
"
}
ls
{
"
Gi
chu
n
mi
n
t
y
Argentina
"
}
}
"
meta
:
Armenia
"
{
ld
{
"
Gi
M
a
H
Armenia
"
}
lg
{
"
Gi
Armenia
"
}
ls
{
"
Gi
Chu
n
Armenia
"
}
}
"
meta
:
Atlantic
"
{
ld
{
"
Gi
m
a
h
i
T
y
D
ng
"
}
lg
{
"
Gi
i
T
y
D
ng
"
}
ls
{
"
Gi
Chu
n
i
T
y
D
ng
"
}
sd
{
"
ADT
"
}
sg
{
"
AT
"
}
ss
{
"
AST
"
}
}
"
meta
:
Australia_Central
"
{
ld
{
"
Gi
M
a
H
Mi
n
Trung
Australia
"
}
lg
{
"
Gi
Mi
n
Trung
Australia
"
}
ls
{
"
Gi
Chu
n
Mi
n
Trung
Australia
"
}
}
"
meta
:
Australia_CentralWestern
"
{
ld
{
"
Gi
M
a
H
Mi
n
Trung
T
y
Australia
"
}
lg
{
"
Gi
Mi
n
Trung
T
y
Australia
"
}
ls
{
"
Gi
Chu
n
Mi
n
Trung
T
y
Australia
"
}
}
"
meta
:
Australia_Eastern
"
{
ld
{
"
Gi
M
a
H
Mi
n
ng
Australia
"
}
lg
{
"
Gi
Mi
n
ng
Australia
"
}
ls
{
"
Gi
Chu
n
Mi
n
ng
Australia
"
}
}
"
meta
:
Australia_Western
"
{
ld
{
"
Gi
M
a
H
Mi
n
T
y
Australia
"
}
lg
{
"
Gi
Mi
n
T
y
Australia
"
}
ls
{
"
Gi
Chu
n
Mi
n
T
y
Australia
"
}
}
"
meta
:
Azerbaijan
"
{
ld
{
"
Gi
M
a
H
Azerbaijan
"
}
lg
{
"
Gi
Azerbaijan
"
}
ls
{
"
Gi
Chu
n
Azerbaijan
"
}
}
"
meta
:
Azores
"
{
ld
{
"
Gi
M
a
H
Azores
"
}
lg
{
"
Gi
Azores
"
}
ls
{
"
Gi
Chu
n
Azores
"
}
}
"
meta
:
Bangladesh
"
{
ld
{
"
Gi
M
a
H
Bangladesh
"
}
lg
{
"
Gi
Bangladesh
"
}
ls
{
"
Gi
Chu
n
Bangladesh
"
}
}
"
meta
:
Bhutan
"
{
ls
{
"
Gi
Bhutan
"
}
}
"
meta
:
Bolivia
"
{
ls
{
"
Gi
Bolivia
"
}
}
"
meta
:
Brasilia
"
{
ld
{
"
Gi
M
a
H
Brasilia
"
}
lg
{
"
Gi
Brasilia
"
}
ls
{
"
Gi
Chu
n
Brasilia
"
}
}
"
meta
:
Brunei
"
{
ls
{
"
Gi
Brunei
Darussalam
"
}
}
"
meta
:
Cape_Verde
"
{
ld
{
"
Gi
M
a
H
Cape
Verde
"
}
lg
{
"
Gi
Cape
Verde
"
}
ls
{
"
Gi
Chu
n
Cape
Verde
"
}
}
"
meta
:
Casey
"
{
ls
{
"
Gi
Casey
"
}
}
"
meta
:
Chamorro
"
{
ls
{
"
Gi
Chamorro
"
}
}
"
meta
:
Chatham
"
{
ld
{
"
Gi
M
a
H
Chatham
"
}
lg
{
"
Gi
Chatham
"
}
ls
{
"
Gi
Chu
n
Chatham
"
}
}
"
meta
:
Chile
"
{
ld
{
"
Gi
M
a
H
Chile
"
}
lg
{
"
Gi
Chile
"
}
ls
{
"
Gi
Chu
n
Chile
"
}
}
"
meta
:
China
"
{
ld
{
"
Gi
M
a
H
Trung
Qu
c
"
}
lg
{
"
Gi
Trung
Qu
c
"
}
ls
{
"
Gi
Chu
n
Trung
Qu
c
"
}
}
"
meta
:
Choibalsan
"
{
ld
{
"
Gi
M
a
H
Choibalsan
"
}
lg
{
"
Gi
Choibalsan
"
}
ls
{
"
Gi
Chu
n
Choibalsan
"
}
}
"
meta
:
Christmas
"
{
ls
{
"
Gi
o
Christmas
"
}
}
"
meta
:
Cocos
"
{
ls
{
"
Gi
Qu
n
o
Cocos
"
}
}
"
meta
:
Colombia
"
{
ld
{
"
Gi
M
a
H
Colombia
"
}
lg
{
"
Gi
Colombia
"
}
ls
{
"
Gi
Chu
n
Colombia
"
}
}
"
meta
:
Cook
"
{
ld
{
"
Gi
N
a
M
a
H
Qu
n
o
Cook
"
}
lg
{
"
Gi
Qu
n
o
Cook
"
}
ls
{
"
Gi
Chu
n
Qu
n
o
Cook
"
}
}
"
meta
:
Cuba
"
{
ld
{
"
Gi
M
a
H
Cuba
"
}
lg
{
"
Gi
Cuba
"
}
ls
{
"
Gi
Chu
n
Cuba
"
}
}
"
meta
:
Davis
"
{
ls
{
"
Gi
Davis
"
}
}
"
meta
:
DumontDUrville
"
{
ls
{
"
Gi
Dumont
-
d
Urville
"
}
}
"
meta
:
East_Timor
"
{
ls
{
"
Gi
ng
Timor
"
}
}
"
meta
:
Easter
"
{
ld
{
"
Gi
M
a
H
o
Ph
c
Sinh
"
}
lg
{
"
Gi
o
Ph
c
Sinh
"
}
ls
{
"
Gi
Chu
n
o
Ph
c
Sinh
"
}
}
"
meta
:
Ecuador
"
{
ls
{
"
Gi
Ecuador
"
}
}
"
meta
:
Europe_Central
"
{
ld
{
"
Gi
m
a
h
Trung
u
"
}
lg
{
"
Gi
Trung
u
"
}
ls
{
"
Gi
chu
n
Trung
u
"
}
}
"
meta
:
Europe_Eastern
"
{
ld
{
"
Gi
m
a
h
ng
u
"
}
lg
{
"
Gi
ng
u
"
}
ls
{
"
Gi
chu
n
ng
u
"
}
}
"
meta
:
Europe_Further_Eastern
"
{
ls
{
"
Gi
Ch
u
u
Vi
n
ng
"
}
}
"
meta
:
Europe_Western
"
{
ld
{
"
Gi
m
a
h
T
y
u
"
}
lg
{
"
Gi
T
y
u
"
}
ls
{
"
Gi
Chu
n
T
y
u
"
}
}
"
meta
:
Falkland
"
{
ld
{
"
Gi
M
a
H
Qu
n
o
Falkland
"
}
lg
{
"
Gi
Qu
n
o
Falkland
"
}
ls
{
"
Gi
Chu
n
Qu
n
o
Falkland
"
}
}
"
meta
:
Fiji
"
{
ld
{
"
Gi
M
a
H
Fiji
"
}
lg
{
"
Gi
Fiji
"
}
ls
{
"
Gi
Chu
n
Fiji
"
}
}
"
meta
:
French_Guiana
"
{
ls
{
"
Gi
Guiana
thu
c
Ph
p
"
}
}
"
meta
:
French_Southern
"
{
ls
{
"
Gi
Nam
C
c
v
Nam
N
c
Ph
p
"
}
}
"
meta
:
GMT
"
{
ls
{
"
Gi
Trung
b
nh
Greenwich
"
}
}
"
meta
:
Galapagos
"
{
ls
{
"
Gi
Galapagos
"
}
}
"
meta
:
Gambier
"
{
ls
{
"
Gi
Gambier
"
}
}
"
meta
:
Georgia
"
{
ld
{
"
Gi
M
a
H
Georgia
"
}
lg
{
"
Gi
Georgia
"
}
ls
{
"
Gi
Chu
n
Georgia
"
}
}
"
meta
:
Gilbert_Islands
"
{
ls
{
"
Gi
Qu
n
o
Gilbert
"
}
}
"
meta
:
Greenland_Eastern
"
{
ld
{
"
Gi
M
a
H
Mi
n
ng
Greenland
"
}
lg
{
"
Gi
Mi
n
ng
Greenland
"
}
ls
{
"
Gi
Chu
n
Mi
n
ng
Greenland
"
}
}
"
meta
:
Greenland_Western
"
{
ld
{
"
Gi
M
a
H
Mi
n
T
y
Greenland
"
}
lg
{
"
Gi
Mi
n
T
y
Greenland
"
}
ls
{
"
Gi
Chu
n
Mi
n
T
y
Greenland
"
}
}
"
meta
:
Guam
"
{
ls
{
"
Gi
Chu
n
Guam
"
}
}
"
meta
:
Gulf
"
{
ls
{
"
Gi
Chu
n
V
ng
V
nh
"
}
}
"
meta
:
Guyana
"
{
ls
{
"
Gi
Guyana
"
}
}
"
meta
:
Hawaii_Aleutian
"
{
ld
{
"
Gi
M
a
H
Hawaii
-
Aleut
"
}
lg
{
"
Gi
Hawaii
-
Aleut
"
}
ls
{
"
Gi
Chu
n
Hawaii
-
Aleut
"
}
sd
{
"
HADT
"
}
sg
{
"
HAT
"
}
ss
{
"
HAST
"
}
}
"
meta
:
Hong_Kong
"
{
ld
{
"
Gi
M
a
H
H
ng
K
ng
"
}
lg
{
"
Gi
H
ng
K
ng
"
}
ls
{
"
Gi
Chu
n
H
ng
K
ng
"
}
}
"
meta
:
Hovd
"
{
ld
{
"
Gi
M
a
H
Hovd
"
}
lg
{
"
Gi
Hovd
"
}
ls
{
"
Gi
Chu
n
Hovd
"
}
}
"
meta
:
India
"
{
ls
{
"
Gi
Chu
n
n
"
}
}
"
meta
:
Indian_Ocean
"
{
ls
{
"
Gi
n
D
ng
"
}
}
"
meta
:
Indochina
"
{
ls
{
"
Gi
ng
D
ng
"
}
}
"
meta
:
Indonesia_Central
"
{
ls
{
"
Gi
Mi
n
Trung
Indonesia
"
}
}
"
meta
:
Indonesia_Eastern
"
{
ls
{
"
Gi
Mi
n
ng
Indonesia
"
}
}
"
meta
:
Indonesia_Western
"
{
ls
{
"
Gi
Mi
n
T
y
Indonesia
"
}
}
"
meta
:
Iran
"
{
ld
{
"
Gi
M
a
H
Iran
"
}
lg
{
"
Gi
Iran
"
}
ls
{
"
Gi
Chu
n
Iran
"
}
}
"
meta
:
Irkutsk
"
{
ld
{
"
Gi
M
a
H
Irkutsk
"
}
lg
{
"
Gi
Irkutsk
"
}
ls
{
"
Gi
Chu
n
Irkutsk
"
}
}
"
meta
:
Israel
"
{
ld
{
"
Gi
M
a
H
Israel
"
}
lg
{
"
Gi
Israel
"
}
ls
{
"
Gi
Chu
n
Israel
"
}
}
"
meta
:
Japan
"
{
ld
{
"
Gi
M
a
H
Nh
t
B
n
"
}
lg
{
"
Gi
Nh
t
B
n
"
}
ls
{
"
Gi
Chu
n
Nh
t
B
n
"
}
}
"
meta
:
Kamchatka
"
{
ld
{
"
Gi
m
a
h
Petropavlovsk
-
Kamchatski
"
}
lg
{
"
Gi
Petropavlovsk
-
Kamchatski
"
}
ls
{
"
Gi
chu
n
Petropavlovsk
-
Kamchatski
"
}
}
"
meta
:
Kazakhstan_Eastern
"
{
ls
{
"
Gi
Mi
n
ng
Kazakhstan
"
}
}
"
meta
:
Kazakhstan_Western
"
{
ls
{
"
Gi
Mi
n
T
y
Kazakhstan
"
}
}
"
meta
:
Korea
"
{
ld
{
"
Gi
M
a
H
H
n
Qu
c
"
}
lg
{
"
Gi
H
n
Qu
c
"
}
ls
{
"
Gi
Chu
n
H
n
Qu
c
"
}
}
"
meta
:
Kosrae
"
{
ls
{
"
Gi
Kosrae
"
}
}
"
meta
:
Krasnoyarsk
"
{
ld
{
"
Gi
M
a
H
Krasnoyarsk
"
}
lg
{
"
Gi
Krasnoyarsk
"
}
ls
{
"
Gi
Chu
n
Krasnoyarsk
"
}
}
"
meta
:
Kyrgystan
"
{
ls
{
"
Gi
Kyrgystan
"
}
}
"
meta
:
Lanka
"
{
ls
{
"
Gi
Lanka
"
}
}
"
meta
:
Line_Islands
"
{
ls
{
"
Gi
Qu
n
o
Line
"
}
}
"
meta
:
Lord_Howe
"
{
ld
{
"
Gi
M
a
H
Lord
Howe
"
}
lg
{
"
Gi
Lord
Howe
"
}
ls
{
"
Gi
Chu
n
Lord
Howe
"
}
}
"
meta
:
Macau
"
{
ld
{
"
Gi
M
a
H
Ma
Cao
"
}
lg
{
"
Gi
Ma
Cao
"
}
ls
{
"
Gi
Chu
n
Ma
Cao
"
}
}
"
meta
:
Macquarie
"
{
ls
{
"
Gi
o
Macquarie
"
}
}
"
meta
:
Magadan
"
{
ld
{
"
Gi
m
a
h
Magadan
"
}
lg
{
"
Gi
Magadan
"
}
ls
{
"
Gi
Chu
n
Magadan
"
}
}
"
meta
:
Malaysia
"
{
ls
{
"
Gi
Malaysia
"
}
}
"
meta
:
Maldives
"
{
ls
{
"
Gi
Maldives
"
}
}
"
meta
:
Marquesas
"
{
ls
{
"
Gi
Marquesas
"
}
}
"
meta
:
Marshall_Islands
"
{
ls
{
"
Gi
Qu
n
o
Marshall
"
}
}
"
meta
:
Mauritius
"
{
ld
{
"
Gi
M
a
H
Mauritius
"
}
lg
{
"
Gi
Mauritius
"
}
ls
{
"
Gi
Chu
n
Mauritius
"
}
}
"
meta
:
Mawson
"
{
ls
{
"
Gi
Mawson
"
}
}
"
meta
:
Mexico_Northwest
"
{
ld
{
"
Gi
M
a
H
T
y
B
c
Mexico
"
}
lg
{
"
Gi
T
y
B
c
Mexico
"
}
ls
{
"
Gi
Chu
n
T
y
B
c
Mexico
"
}
}
"
meta
:
Mexico_Pacific
"
{
ld
{
"
Gi
M
a
H
Th
i
B
nh
D
ng
Mexico
"
}
lg
{
"
Gi
Th
i
B
nh
D
ng
Mexico
"
}
ls
{
"
Gi
Chu
n
Th
i
B
nh
D
ng
Mexico
"
}
}
"
meta
:
Mongolia
"
{
ld
{
"
Gi
m
a
h
Ulan
Bator
"
}
lg
{
"
Gi
Ulan
Bator
"
}
ls
{
"
Gi
chu
n
Ulan
Bator
"
}
}
"
meta
:
Moscow
"
{
ld
{
"
Gi
M
a
H
Matxc
va
"
}
lg
{
"
Gi
Matxc
va
"
}
ls
{
"
Gi
Chu
n
Matxc
va
"
}
}
"
meta
:
Myanmar
"
{
ls
{
"
Gi
Myanmar
"
}
}
"
meta
:
Nauru
"
{
ls
{
"
Gi
Nauru
"
}
}
"
meta
:
Nepal
"
{
ls
{
"
Gi
Nepal
"
}
}
"
meta
:
New_Caledonia
"
{
ld
{
"
Gi
M
a
H
New
Caledonia
"
}
lg
{
"
Gi
New
Caledonia
"
}
ls
{
"
Gi
Chu
n
New
Caledonia
"
}
}
"
meta
:
New_Zealand
"
{
ld
{
"
Gi
M
a
H
New
Zealand
"
}
lg
{
"
Gi
New
Zealand
"
}
ls
{
"
Gi
Chu
n
New
Zealand
"
}
}
"
meta
:
Newfoundland
"
{
ld
{
"
Gi
M
a
H
Newfoundland
"
}
lg
{
"
Gi
Newfoundland
"
}
ls
{
"
Gi
Chu
n
Newfoundland
"
}
}
"
meta
:
Niue
"
{
ls
{
"
Gi
Niue
"
}
}
"
meta
:
Norfolk
"
{
ls
{
"
Gi
o
Norfolk
"
}
}
"
meta
:
Noronha
"
{
ld
{
"
Gi
M
a
H
Fernando
de
Noronha
"
}
lg
{
"
Gi
Fernando
de
Noronha
"
}
ls
{
"
Gi
Chu
n
Fernando
de
Noronha
"
}
}
"
meta
:
North_Mariana
"
{
ls
{
"
Gi
Qu
n
o
B
c
Mariana
"
}
}
"
meta
:
Novosibirsk
"
{
ld
{
"
Gi
m
a
h
Novosibirsk
"
}
lg
{
"
Gi
Novosibirsk
"
}
ls
{
"
Gi
chu
n
Novosibirsk
"
}
}
"
meta
:
Omsk
"
{
ld
{
"
Gi
m
a
h
Omsk
"
}
lg
{
"
Gi
Omsk
"
}
ls
{
"
Gi
chu
n
Omsk
"
}
}
"
meta
:
Pakistan
"
{
ld
{
"
Gi
M
a
H
Pakistan
"
}
lg
{
"
Gi
Pakistan
"
}
ls
{
"
Gi
Chu
n
Pakistan
"
}
}
"
meta
:
Palau
"
{
ls
{
"
Gi
Palau
"
}
}
"
meta
:
Papua_New_Guinea
"
{
ls
{
"
Gi
Papua
New
Guinea
"
}
}
"
meta
:
Paraguay
"
{
ld
{
"
Gi
M
a
H
Paraguay
"
}
lg
{
"
Gi
Paraguay
"
}
ls
{
"
Gi
Chu
n
Paraguay
"
}
}
"
meta
:
Peru
"
{
ld
{
"
Gi
M
a
H
Peru
"
}
lg
{
"
Gi
Peru
"
}
ls
{
"
Gi
Chu
n
Peru
"
}
}
"
meta
:
Philippines
"
{
ld
{
"
Gi
M
a
H
Philippin
"
}
lg
{
"
Gi
Philippin
"
}
ls
{
"
Gi
Chu
n
Philippin
"
}
}
"
meta
:
Phoenix_Islands
"
{
ls
{
"
Gi
Qu
n
o
Phoenix
"
}
}
"
meta
:
Pierre_Miquelon
"
{
ld
{
"
Gi
M
a
H
Saint
Pierre
v
Miquelon
"
}
lg
{
"
Gi
St
.
Pierre
v
Miquelon
"
}
ls
{
"
Gi
Chu
n
St
.
Pierre
v
Miquelon
"
}
}
"
meta
:
Pitcairn
"
{
ls
{
"
Gi
Pitcairn
"
}
}
"
meta
:
Ponape
"
{
ls
{
"
Gi
Ponape
"
}
}
"
meta
:
Pyongyang
"
{
ls
{
"
Gi
B
nh
Nh
ng
"
}
}
"
meta
:
Qyzylorda
"
{
ld
{
"
Gi
M
a
H
Qyzylorda
"
}
lg
{
"
Gi
Qyzylorda
"
}
ls
{
"
Gi
Chu
n
Qyzylorda
"
}
}
"
meta
:
Reunion
"
{
ls
{
"
Gi
Reunion
"
}
}
"
meta
:
Rothera
"
{
ls
{
"
Gi
Rothera
"
}
}
"
meta
:
Sakhalin
"
{
ld
{
"
Gi
m
a
h
Sakhalin
"
}
lg
{
"
Gi
Sakhalin
"
}
ls
{
"
Gi
Chu
n
Sakhalin
"
}
}
"
meta
:
Samara
"
{
ld
{
"
Gi
m
a
h
Samara
"
}
lg
{
"
Gi
Samara
"
}
ls
{
"
Gi
Chu
n
Samara
"
}
}
"
meta
:
Samoa
"
{
ld
{
"
Gi
ban
ng
y
Samoa
"
}
lg
{
"
Gi
Samoa
"
}
ls
{
"
Gi
Chu
n
Samoa
"
}
}
"
meta
:
Seychelles
"
{
ls
{
"
Gi
Seychelles
"
}
}
"
meta
:
Singapore
"
{
ls
{
"
Gi
Singapore
"
}
}
"
meta
:
Solomon
"
{
ls
{
"
Gi
Qu
n
o
Solomon
"
}
}
"
meta
:
South_Georgia
"
{
ls
{
"
Gi
Nam
Georgia
"
}
}
"
meta
:
Suriname
"
{
ls
{
"
Gi
Suriname
"
}
}
"
meta
:
Syowa
"
{
ls
{
"
Gi
Syowa
"
}
}
"
meta
:
Tahiti
"
{
ls
{
"
Gi
Tahiti
"
}
}
"
meta
:
Taipei
"
{
ld
{
"
Gi
M
a
H
i
B
c
"
}
lg
{
"
Gi
i
B
c
"
}
ls
{
"
Gi
Chu
n
i
B
c
"
}
}
"
meta
:
Tajikistan
"
{
ls
{
"
Gi
Tajikistan
"
}
}
"
meta
:
Tokelau
"
{
ls
{
"
Gi
Tokelau
"
}
}
"
meta
:
Tonga
"
{
ld
{
"
Gi
M
a
H
Tonga
"
}
lg
{
"
Gi
Tonga
"
}
ls
{
"
Gi
Chu
n
Tonga
"
}
}
"
meta
:
Truk
"
{
ls
{
"
Gi
Chuuk
"
}
}
"
meta
:
Turkmenistan
"
{
ld
{
"
Gi
M
a
H
Turkmenistan
"
}
lg
{
"
Gi
Turkmenistan
"
}
ls
{
"
Gi
Chu
n
Turkmenistan
"
}
}
"
meta
:
Tuvalu
"
{
ls
{
"
Gi
Tuvalu
"
}
}
"
meta
:
Uruguay
"
{
ld
{
"
Gi
M
a
H
Uruguay
"
}
lg
{
"
Gi
Uruguay
"
}
ls
{
"
Gi
Chu
n
Uruguay
"
}
}
"
meta
:
Uzbekistan
"
{
ld
{
"
Gi
M
a
H
Uzbekistan
"
}
lg
{
"
Gi
Uzbekistan
"
}
ls
{
"
Gi
Chu
n
Uzbekistan
"
}
}
"
meta
:
Vanuatu
"
{
ld
{
"
Gi
M
a
H
Vanuatu
"
}
lg
{
"
Gi
Vanuatu
"
}
ls
{
"
Gi
Chu
n
Vanuatu
"
}
}
"
meta
:
Venezuela
"
{
ls
{
"
Gi
Venezuela
"
}
}
"
meta
:
Vladivostok
"
{
ld
{
"
Gi
m
a
h
Vladivostok
"
}
lg
{
"
Gi
Vladivostok
"
}
ls
{
"
Gi
Chu
n
Vladivostok
"
}
}
"
meta
:
Volgograd
"
{
ld
{
"
Gi
M
a
H
Volgograd
"
}
lg
{
"
Gi
Volgograd
"
}
ls
{
"
Gi
Chu
n
Volgograd
"
}
}
"
meta
:
Vostok
"
{
ls
{
"
Gi
Vostok
"
}
}
"
meta
:
Wake
"
{
ls
{
"
Gi
o
Wake
"
}
}
"
meta
:
Wallis
"
{
ls
{
"
Gi
Wallis
v
Futuna
"
}
}
"
meta
:
Yakutsk
"
{
ld
{
"
Gi
m
a
h
Yakutsk
"
}
lg
{
"
Gi
Yakutsk
"
}
ls
{
"
Gi
Chu
n
Yakutsk
"
}
}
"
meta
:
Yekaterinburg
"
{
ld
{
"
Gi
m
a
h
Yekaterinburg
"
}
lg
{
"
Gi
Yekaterinburg
"
}
ls
{
"
Gi
Chu
n
Yekaterinburg
"
}
}
fallbackFormat
{
"
{
1
}
(
{
0
}
)
"
}
gmtFormat
{
"
GMT
{
0
}
"
}
gmtZeroFormat
{
"
GMT
"
}
hourFormat
{
"
+
HH
:
mm
;
-
HH
:
mm
"
}
regionFormat
{
"
Gi
{
0
}
"
}
regionFormatDaylight
{
"
Gi
m
a
h
{
0
}
"
}
regionFormatStandard
{
"
Gi
chu
n
{
0
}
"
}
}
}
