/
/
2016
and
later
:
Unicode
Inc
.
and
others
.
/
/
License
&
terms
of
use
:
http
:
/
/
www
.
unicode
.
org
/
copyright
.
html
/
/
Generated
using
tools
/
cldr
/
cldr
-
to
-
icu
/
build
-
icu
-
data
.
xml
yo
{
zoneStrings
{
"
America
:
Adak
"
{
ec
{
"
l
Ad
k
"
}
}
"
America
:
Anchorage
"
{
ec
{
"
l
Ank
r
j
"
}
}
"
America
:
Anguilla
"
{
ec
{
"
l
Ang
l
"
}
}
"
America
:
Antigua
"
{
ec
{
"
l
Ant
g
"
}
}
"
America
:
Aruba
"
{
ec
{
"
l
Ar
b
"
}
}
"
America
:
Bahia_Banderas
"
{
ec
{
"
l
B
h
B
nd
r
s
"
}
}
"
America
:
Barbados
"
{
ec
{
"
l
B
b
d
s
"
}
}
"
America
:
Belize
"
{
ec
{
"
l
B
l
s
"
}
}
"
America
:
Blanc
-
Sablon
"
{
ec
{
"
l
Blank
Sabul
n
"
}
}
"
America
:
Boise
"
{
ec
{
"
l
B
is
"
}
}
"
America
:
Cambridge_Bay
"
{
ec
{
"
l
kun
kamb
r
j
"
}
}
"
America
:
Cancun
"
{
ec
{
"
l
Kancun
"
}
}
"
America
:
Cayman
"
{
ec
{
"
il
Kayman
"
}
}
"
America
:
Chicago
"
{
ec
{
"
l
Chicago
"
}
}
"
America
:
Chihuahua
"
{
ec
{
"
l
ihuahua
"
}
}
"
America
:
Coral_Harbour
"
{
ec
{
"
l
tik
k
n
"
}
}
"
America
:
Costa_Rica
"
{
ec
{
"
l
Kosta
R
k
"
}
}
"
America
:
Creston
"
{
ec
{
"
l
K
r
st
n
"
}
}
"
America
:
Curacao
"
{
ec
{
"
l
Kura
ao
"
}
}
"
America
:
Danmarkshavn
"
{
ec
{
"
l
Banmarkshan
"
}
}
"
America
:
Dawson
"
{
ec
{
"
l
Dawson
"
}
}
"
America
:
Dawson_Creek
"
{
ec
{
"
l
Dawson
Creek
"
}
}
"
America
:
Denver
"
{
ec
{
"
l
Denver
"
}
}
"
America
:
Detroit
"
{
ec
{
"
l
Detroit
"
}
}
"
America
:
Dominica
"
{
ec
{
"
l
Dominika
"
}
}
"
America
:
Edmonton
"
{
ec
{
"
l
Edmonton
"
}
}
"
America
:
El_Salvador
"
{
ec
{
"
l
El
Savador
"
}
}
"
America
:
Fort_Nelson
"
{
ec
{
"
l
Fort
Nelson
"
}
}
"
America
:
Glace_Bay
"
{
ec
{
"
l
omi
Glace
"
}
}
"
America
:
Godthab
"
{
ec
{
"
l
Nuuk
"
}
}
"
America
:
Goose_Bay
"
{
ec
{
"
l
omi
Goos
"
}
}
"
America
:
Grand_Turk
"
{
ec
{
"
l
Grand
Turk
"
}
}
"
America
:
Grenada
"
{
ec
{
"
l
Grenada
"
}
}
"
America
:
Guadeloupe
"
{
ec
{
"
l
Guadeloupe
"
}
}
"
America
:
Guatemala
"
{
ec
{
"
l
Guatemala
"
}
}
"
America
:
Halifax
"
{
ec
{
"
l
Halif
s
"
}
}
"
America
:
Havana
"
{
ec
{
"
l
Havana
"
}
}
"
America
:
Hermosillo
"
{
ec
{
"
l
Hermosilo
"
}
}
"
America
:
Indiana
:
Knox
"
{
ec
{
"
l
n
s
"
}
}
"
America
:
Indiana
:
Marengo
"
{
ec
{
"
l
Mar
ngo
"
}
}
"
America
:
Indiana
:
Petersburg
"
{
ec
{
"
l
Petersburg
"
}
}
"
America
:
Indiana
:
Tell_City
"
{
ec
{
"
l
Tell
City
"
}
}
"
America
:
Indiana
:
Vevay
"
{
ec
{
"
l
Vevay
"
}
}
"
America
:
Indiana
:
Vincennes
"
{
ec
{
"
l
Vincennes
n
Indiana
"
}
}
"
America
:
Indiana
:
Winamac
"
{
ec
{
"
l
Winamak
n
Indiana
"
}
}
"
America
:
Indianapolis
"
{
ec
{
"
l
Indianapolis
"
}
}
"
America
:
Inuvik
"
{
ec
{
"
l
Inuvik
"
}
}
"
America
:
Iqaluit
"
{
ec
{
"
l
Iqaluit
"
}
}
"
America
:
Jamaica
"
{
ec
{
"
l
Jamaik
"
}
}
"
America
:
Juneau
"
{
ec
{
"
l
Junu
"
}
}
"
America
:
Kentucky
:
Monticello
"
{
ec
{
"
l
Montis
l
"
}
}
"
America
:
Kralendijk
"
{
ec
{
"
l
K
ral
nd
ik
"
}
}
"
America
:
Los_Angeles
"
{
ec
{
"
l
Los
Angeles
"
}
}
"
America
:
Louisville
"
{
ec
{
"
l
L
f
l
"
}
}
"
America
:
Lower_Princes
"
{
ec
{
"
l
Lower
Prince
s
Quarter
"
}
}
"
America
:
Managua
"
{
ec
{
"
l
Managua
"
}
}
"
America
:
Marigot
"
{
ec
{
"
l
Marig
t
"
}
}
"
America
:
Martinique
"
{
ec
{
"
l
M
t
n
k
"
}
}
"
America
:
Matamoros
"
{
ec
{
"
l
Matamoros
"
}
}
"
America
:
Mazatlan
"
{
ec
{
"
l
Masatiani
"
}
}
"
America
:
Menominee
"
{
ec
{
"
l
Menomin
"
}
}
"
America
:
Merida
"
{
ec
{
"
l
Merida
"
}
}
"
America
:
Metlakatla
"
{
ec
{
"
l
Metilakatila
"
}
}
"
America
:
Mexico_City
"
{
ec
{
"
l
M
s
k
"
}
}
"
America
:
Miquelon
"
{
ec
{
"
l
Mikul
n
"
}
}
"
America
:
Moncton
"
{
ec
{
"
l
Montoni
"
}
}
"
America
:
Monterrey
"
{
ec
{
"
l
Monteri
"
}
}
"
America
:
Montserrat
"
{
ec
{
"
l
Monserat
"
}
}
"
America
:
Nassau
"
{
ec
{
"
l
Nasa
"
}
}
"
America
:
New_York
"
{
ec
{
"
l
New
York
"
}
}
"
America
:
Nipigon
"
{
ec
{
"
l
Nipigoni
"
}
}
"
America
:
Nome
"
{
ec
{
"
l
Nomi
"
}
}
"
America
:
North_Dakota
:
Beulah
"
{
ec
{
"
l
Beul
n
North
Dakota
"
}
}
"
America
:
North_Dakota
:
Center
"
{
ec
{
"
l
Senta
North
Dakota
"
}
}
"
America
:
North_Dakota
:
New_Salem
"
{
ec
{
"
l
New
Salem
ni
North
Dakota
"
}
}
"
America
:
Ojinaga
"
{
ec
{
"
l
Ojinaga
"
}
}
"
America
:
Panama
"
{
ec
{
"
l
Panama
"
}
}
"
America
:
Pangnirtung
"
{
ec
{
"
l
Panituni
"
}
}
"
America
:
Phoenix
"
{
ec
{
"
l
F
n
s
"
}
}
"
America
:
Port
-
au
-
Prince
"
{
ec
{
"
l
Port
-
au
-
Prince
"
}
}
"
America
:
Port_of_Spain
"
{
ec
{
"
l
et
omi
S
p
n
"
}
}
"
America
:
Puerto_Rico
"
{
ec
{
"
l
Puerto
Riko
"
}
}
"
America
:
Rainy_River
"
{
ec
{
"
l
Raini
Rif
"
}
}
"
America
:
Rankin_Inlet
"
{
ec
{
"
l
Rankin
Inlet
"
}
}
"
America
:
Regina
"
{
ec
{
"
l
Regina
"
}
}
"
America
:
Resolute
"
{
ec
{
"
l
Resol
t
"
}
}
"
America
:
Santo_Domingo
"
{
ec
{
"
l
Santo
Domigo
"
}
}
"
America
:
Scoresbysund
"
{
ec
{
"
l
Itokotomiti
"
}
}
"
America
:
Sitka
"
{
ec
{
"
l
Sika
"
}
}
"
America
:
St_Barthelemy
"
{
ec
{
"
l
Batilem
"
}
}
"
America
:
St_Johns
"
{
ec
{
"
l
St
J
n
"
}
}
"
America
:
St_Kitts
"
{
ec
{
"
l
St
kitis
"
}
}
"
America
:
St_Lucia
"
{
ec
{
"
l
St
Lusia
"
}
}
"
America
:
St_Thomas
"
{
ec
{
"
l
St
T
m
s
"
}
}
"
America
:
St_Vincent
"
{
ec
{
"
l
Finsent
"
}
}
"
America
:
Swift_Current
"
{
ec
{
"
l
S
f
t
K
rent
"
}
}
"
America
:
Tegucigalpa
"
{
ec
{
"
l
Tegusigap
"
}
}
"
America
:
Thule
"
{
ec
{
"
l
Tul
"
}
}
"
America
:
Thunder_Bay
"
{
ec
{
"
l
Omi
Thunder
"
}
}
"
America
:
Tijuana
"
{
ec
{
"
l
T
j
ana
"
}
}
"
America
:
Toronto
"
{
ec
{
"
l
Toronto
"
}
}
"
America
:
Tortola
"
{
ec
{
"
l
Totola
"
}
}
"
America
:
Vancouver
"
{
ec
{
"
l
Vankuva
"
}
}
"
America
:
Whitehorse
"
{
ec
{
"
l
Whitehos
"
}
}
"
America
:
Winnipeg
"
{
ec
{
"
l
Winipeg
"
}
}
"
America
:
Yakutat
"
{
ec
{
"
l
Yakuta
"
}
}
"
America
:
Yellowknife
"
{
ec
{
"
l
Yelon
f
"
}
}
"
Atlantic
:
Bermuda
"
{
ec
{
"
l
B
m
d
"
}
}
"
Etc
:
UTC
"
{
ls
{
"
pap
k
k
gb
y
"
}
}
"
Etc
:
Unknown
"
{
ec
{
"
l
m
"
}
}
"
Europe
:
Dublin
"
{
ld
{
"
Irish
Standard
Time
"
}
}
"
Europe
:
London
"
{
ld
{
"
British
Summer
Time
"
}
}
"
meta
:
Afghanistan
"
{
ls
{
"
Afghanistan
Time
"
}
}
"
meta
:
Africa_Central
"
{
ls
{
"
k
k
r
n
Af
rik
"
}
}
"
meta
:
Africa_Eastern
"
{
ls
{
"
k
k
l
-
O
r
n
Af
rik
"
}
}
"
meta
:
Africa_Southern
"
{
ls
{
"
South
Africa
Standard
Time
"
}
}
"
meta
:
Africa_Western
"
{
ld
{
"
k
k
w
-
O
r
n
Ooru
Af
rik
"
}
lg
{
"
k
k
w
-
O
r
n
Af
rik
"
}
ls
{
"
k
k
w
-
O
r
n
f
nuk
Af
rik
"
}
}
"
meta
:
Alaska
"
{
ld
{
"
k
k
y
l
ta
Al
s
k
"
}
lg
{
"
k
k
Al
s
k
"
}
ls
{
"
k
k
f
nuk
Al
s
k
"
}
}
"
meta
:
Amazon
"
{
ld
{
"
k
k
Oru
Am
s
n
"
}
lg
{
"
k
k
Am
s
n
"
}
ls
{
"
k
k
Af
nuk
Am
s
n
"
}
}
"
meta
:
America_Central
"
{
ld
{
"
Ak
k
r
n
gb
ngb
n
oj
m
m
"
}
lg
{
"
k
k
r
n
gb
ngb
n
"
}
ls
{
"
k
k
asiko
r
n
gb
ngb
n
"
}
}
"
meta
:
America_Eastern
"
{
ld
{
"
k
k
oj
m
m
h
l
O
run
"
}
lg
{
"
k
k
h
l
o
r
n
"
}
ls
{
"
Ak
k
sik
ha
la
O
r
n
"
}
}
"
meta
:
America_Mountain
"
{
ld
{
"
k
k
oj
m
m
Ori
-
k
"
}
lg
{
"
k
k
k
"
}
ls
{
"
k
k
asiko
k
"
}
}
"
meta
:
America_Pacific
"
{
ld
{
"
k
k
y
l
ta
P
s
f
k
"
}
lg
{
"
k
k
P
s
f
k
"
}
ls
{
"
k
k
sik
P
s
f
k
"
}
}
"
meta
:
Apia
"
{
ld
{
"
Apia
Daylight
Time
"
}
lg
{
"
Apia
Time
"
}
ls
{
"
Apia
Standard
Time
"
}
}
"
meta
:
Arabian
"
{
ld
{
"
Arabian
Daylight
Time
"
}
lg
{
"
Arabian
Time
"
}
ls
{
"
Arabian
Standard
Time
"
}
}
"
meta
:
Argentina
"
{
ld
{
"
Aago
Soma
Argentina
"
}
lg
{
"
Aago
Aj
nt
n
"
}
ls
{
"
Aago
s
k
Argentina
"
}
}
"
meta
:
Argentina_Western
"
{
ld
{
"
k
k
Oru
Iw
-
o
r
n
Aj
nt
n
"
}
lg
{
"
k
k
Iw
-
o
r
n
Aj
nt
n
"
}
ls
{
"
k
k
Iw
-
o
r
n
f
nuk
Aj
nt
n
"
}
}
"
meta
:
Armenia
"
{
ld
{
"
Armenia
Summer
Time
"
}
lg
{
"
Armenia
Time
"
}
ls
{
"
Armenia
Standard
Time
"
}
}
"
meta
:
Atlantic
"
{
ld
{
"
k
k
y
l
ta
t
l
t
k
"
}
lg
{
"
k
k
t
l
t
k
"
}
ls
{
"
k
k
sik
t
l
t
k
"
}
}
"
meta
:
Australia_Central
"
{
ld
{
"
Australian
Central
Daylight
Time
"
}
lg
{
"
Central
Australia
Time
"
}
ls
{
"
Australian
Central
Standard
Time
"
}
}
"
meta
:
Australia_CentralWestern
"
{
ld
{
"
Australian
Central
Western
Daylight
Time
"
}
lg
{
"
Australian
Central
Western
Time
"
}
ls
{
"
Australian
Central
Western
Standard
Time
"
}
}
"
meta
:
Australia_Eastern
"
{
ld
{
"
Australian
Eastern
Daylight
Time
"
}
lg
{
"
Eastern
Australia
Time
"
}
ls
{
"
Australian
Eastern
Standard
Time
"
}
}
"
meta
:
Australia_Western
"
{
ld
{
"
Australian
Western
Daylight
Time
"
}
lg
{
"
Western
Australia
Time
"
}
ls
{
"
Australian
Western
Standard
Time
"
}
}
"
meta
:
Azerbaijan
"
{
ld
{
"
Azerbaijan
Summer
Time
"
}
lg
{
"
Azerbaijan
Time
"
}
ls
{
"
Azerbaijan
Standard
Time
"
}
}
"
meta
:
Azores
"
{
ld
{
"
k
k
Ooru
s
s
"
}
lg
{
"
k
k
s
s
"
}
ls
{
"
k
k
f
nuk
s
s
"
}
}
"
meta
:
Bangladesh
"
{
ld
{
"
Bangladesh
Summer
Time
"
}
lg
{
"
Bangladesh
Time
"
}
ls
{
"
Bangladesh
Standard
Time
"
}
}
"
meta
:
Bhutan
"
{
ls
{
"
Bhutan
Time
"
}
}
"
meta
:
Bolivia
"
{
ls
{
"
Aago
Bolivia
"
}
}
"
meta
:
Brasilia
"
{
ld
{
"
Aago
Soma
Brasilia
"
}
lg
{
"
Aago
B
r
s
l
"
}
ls
{
"
Aago
s
k
B
r
s
l
"
}
}
"
meta
:
Brunei
"
{
ls
{
"
Brunei
Darussalam
Time
"
}
}
"
meta
:
Cape_Verde
"
{
ld
{
"
k
k
S
m
K
p
F
d
"
}
lg
{
"
k
k
K
p
F
d
"
}
ls
{
"
k
k
f
nuk
K
p
F
d
"
}
}
"
meta
:
Chamorro
"
{
ls
{
"
Chamorro
Standard
Time
"
}
}
"
meta
:
Chatham
"
{
ld
{
"
Chatham
Daylight
Time
"
}
lg
{
"
Chatham
Time
"
}
ls
{
"
Chatham
Standard
Time
"
}
}
"
meta
:
Chile
"
{
ld
{
"
k
k
Oru
l
"
}
lg
{
"
k
k
l
"
}
ls
{
"
k
k
f
nuk
l
"
}
}
"
meta
:
China
"
{
ld
{
"
k
k
Oj
m
m
n
"
}
lg
{
"
k
k
n
"
}
ls
{
"
k
k
f
nuk
s
n
"
}
}
"
meta
:
Choibalsan
"
{
ld
{
"
Choibalsan
Summer
Time
"
}
lg
{
"
Choibalsan
Time
"
}
ls
{
"
Choibalsan
Standard
Time
"
}
}
"
meta
:
Christmas
"
{
ls
{
"
Christmas
Island
Time
"
}
}
"
meta
:
Cocos
"
{
ls
{
"
Cocos
Islands
Time
"
}
}
"
meta
:
Colombia
"
{
ld
{
"
Aago
Soma
Colombia
"
}
lg
{
"
Aago
Kolombia
"
}
ls
{
"
Aago
s
k
Kolombia
"
}
}
"
meta
:
Cook
"
{
ld
{
"
Cook
Islands
Half
Summer
Time
"
}
lg
{
"
Cook
Islands
Time
"
}
ls
{
"
Cook
Islands
Standard
Time
"
}
}
"
meta
:
Cuba
"
{
ld
{
"
k
k
Oj
m
m
K
b
"
}
lg
{
"
k
k
K
b
"
}
ls
{
"
k
k
f
nuk
K
b
"
}
}
"
meta
:
Davis
"
{
ls
{
"
Davis
Time
"
}
}
"
meta
:
DumontDUrville
"
{
ls
{
"
Dumont
-
d
Urville
Time
"
}
}
"
meta
:
East_Timor
"
{
ls
{
"
k
k
l
oor
n
Timor
"
}
}
"
meta
:
Easter
"
{
ld
{
"
Aago
Soma
Easter
Island
"
}
lg
{
"
Aago
Ajnde
Ib
gb
Omi
"
}
ls
{
"
Aago
s
k
Easter
Island
"
}
}
"
meta
:
Ecuador
"
{
ls
{
"
Aago
Ecuador
"
}
}
"
meta
:
Europe_Central
"
{
ld
{
"
k
k
rin
S
m
Europe
"
}
lg
{
"
k
k
rin
Europe
"
}
ls
{
"
k
k
rin
sik
Europe
"
}
}
"
meta
:
Europe_Eastern
"
{
ld
{
"
k
k
S
m
ha
l
O
r
n
Europe
"
}
lg
{
"
k
k
h
l
O
r
n
Europe
"
}
ls
{
"
k
k
sik
h
l
O
r
n
Europe
"
}
}
"
meta
:
Europe_Further_Eastern
"
{
ls
{
"
k
k
Iw
j
l
O
r
n
Y
r
p
"
}
}
"
meta
:
Europe_Western
"
{
ld
{
"
k
k
S
m
h
w
O
r
n
Europe
"
}
lg
{
"
k
k
w
O
r
n
Europe
"
}
ls
{
"
k
k
sik
w
O
r
n
Europe
"
}
}
"
meta
:
Falkland
"
{
ld
{
"
k
k
Ooru
Et
kun
F
k
l
nd
"
}
lg
{
"
k
k
F
k
l
nd
"
}
ls
{
"
k
k
f
nuk
Et
kun
F
k
l
nd
"
}
}
"
meta
:
Fiji
"
{
ld
{
"
Fiji
Summer
Time
"
}
lg
{
"
Fiji
Time
"
}
ls
{
"
Fiji
Standard
Time
"
}
}
"
meta
:
French_Guiana
"
{
ls
{
"
k
k
G
y
n
F
r
ns
"
}
}
"
meta
:
French_Southern
"
{
ls
{
"
k
k
G
s
F
rans
ti
nt
t
k
"
}
}
"
meta
:
GMT
"
{
ls
{
"
Greenwich
Mean
Time
"
}
}
"
meta
:
Galapagos
"
{
ls
{
"
Aago
Galapago
"
}
}
"
meta
:
Gambier
"
{
ls
{
"
Gambier
Time
"
}
}
"
meta
:
Georgia
"
{
ld
{
"
Georgia
Summer
Time
"
}
lg
{
"
Georgia
Time
"
}
ls
{
"
Georgia
Standard
Time
"
}
}
"
meta
:
Gilbert_Islands
"
{
ls
{
"
Gilbert
Islands
Time
"
}
}
"
meta
:
Greenland_Eastern
"
{
ld
{
"
k
k
gb
Ooru
Greenland
"
}
lg
{
"
k
k
l
oor
n
Greenland
"
}
ls
{
"
k
k
w
f
nuk
oor
n
Greenland
"
}
}
"
meta
:
Greenland_Western
"
{
ld
{
"
k
k
f
nuk
gba
O
ru
Greenland
"
}
lg
{
"
k
k
w
oor
n
Greenland
"
}
ls
{
"
k
k
f
nuk
w
O
r
n
Greenland
"
}
}
"
meta
:
Gulf
"
{
ls
{
"
Gulf
Standard
Time
"
}
}
"
meta
:
Guyana
"
{
ls
{
"
k
k
G
y
n
"
}
}
"
meta
:
Hawaii_Aleutian
"
{
ld
{
"
k
k
Oj
m
m
Hawaii
-
Aleutian
"
}
lg
{
"
k
k
Hawaii
-
Aleutian
"
}
ls
{
"
k
k
f
nuk
Hawaii
-
Aleutian
"
}
}
"
meta
:
Hong_Kong
"
{
ld
{
"
Hong
Kong
Summer
Time
"
}
lg
{
"
Hong
Kong
Time
"
}
ls
{
"
Hong
Kong
Standard
Time
"
}
}
"
meta
:
Hovd
"
{
ld
{
"
Hovd
Summer
Time
"
}
lg
{
"
Hovd
Time
"
}
ls
{
"
Hovd
Standard
Time
"
}
}
"
meta
:
India
"
{
ls
{
"
India
Standard
Time
"
}
}
"
meta
:
Indian_Ocean
"
{
ls
{
"
k
k
Et
kun
nd
"
}
}
"
meta
:
Indochina
"
{
ls
{
"
k
k
Indochina
"
}
}
"
meta
:
Indonesia_Central
"
{
ls
{
"
k
k
rin
Gb
ngb
n
Indonesia
"
}
}
"
meta
:
Indonesia_Eastern
"
{
ls
{
"
Eastern
Indonesia
Time
"
}
}
"
meta
:
Indonesia_Western
"
{
ls
{
"
k
k
w
oor
n
Indonesia
"
}
}
"
meta
:
Iran
"
{
ld
{
"
Iran
Daylight
Time
"
}
lg
{
"
Iran
Time
"
}
ls
{
"
Iran
Standard
Time
"
}
}
"
meta
:
Irkutsk
"
{
ld
{
"
k
k
S
m
k
s
k
"
}
lg
{
"
k
k
k
s
k
"
}
ls
{
"
k
k
f
nuk
k
s
k
"
}
}
"
meta
:
Israel
"
{
ld
{
"
Israel
Daylight
Time
"
}
lg
{
"
Israel
Time
"
}
ls
{
"
Israel
Standard
Time
"
}
}
"
meta
:
Japan
"
{
ld
{
"
Japan
Daylight
Time
"
}
lg
{
"
Japan
Time
"
}
ls
{
"
Japan
Standard
Time
"
}
}
"
meta
:
Kazakhstan_Eastern
"
{
ls
{
"
East
Kazakhstan
Time
"
}
}
"
meta
:
Kazakhstan_Western
"
{
ls
{
"
West
Kazakhstan
Time
"
}
}
"
meta
:
Korea
"
{
ld
{
"
Korean
Daylight
Time
"
}
lg
{
"
Korean
Time
"
}
ls
{
"
Korean
Standard
Time
"
}
}
"
meta
:
Kosrae
"
{
ls
{
"
Kosrae
Time
"
}
}
"
meta
:
Krasnoyarsk
"
{
ld
{
"
Krasnoyarsk
Summer
Time
"
}
lg
{
"
Krasnoyarsk
Time
"
}
ls
{
"
Krasnoyarsk
Standard
Time
"
}
}
"
meta
:
Kyrgystan
"
{
ls
{
"
Kyrgyzstan
Time
"
}
}
"
meta
:
Line_Islands
"
{
ls
{
"
Line
Islands
Time
"
}
}
"
meta
:
Lord_Howe
"
{
ld
{
"
Lord
Howe
Daylight
Time
"
}
lg
{
"
Lord
Howe
Time
"
}
ls
{
"
Lord
Howe
Standard
Time
"
}
}
"
meta
:
Macquarie
"
{
ls
{
"
Macquarie
Island
Time
"
}
}
"
meta
:
Magadan
"
{
ld
{
"
Magadan
Summer
Time
"
}
lg
{
"
Magadan
Time
"
}
ls
{
"
Magadan
Standard
Time
"
}
}
"
meta
:
Malaysia
"
{
ls
{
"
Malaysia
Time
"
}
}
"
meta
:
Maldives
"
{
ls
{
"
Maldives
Time
"
}
}
"
meta
:
Marquesas
"
{
ls
{
"
Marquesas
Time
"
}
}
"
meta
:
Marshall_Islands
"
{
ls
{
"
Marshall
Islands
Time
"
}
}
"
meta
:
Mauritius
"
{
ld
{
"
k
k
Ooru
M
r
"
}
lg
{
"
k
k
M
r
"
}
ls
{
"
k
k
f
nuk
M
r
"
}
}
"
meta
:
Mawson
"
{
ls
{
"
Mawson
Time
"
}
}
"
meta
:
Mexico_Northwest
"
{
ld
{
"
k
k
Oj
m
m
Ap
w
Oor
n
M
k
"
}
lg
{
"
k
k
Ap
w
Oor
n
M
k
"
}
ls
{
"
k
k
f
nuk
Ap
w
Oor
n
M
k
"
}
}
"
meta
:
Mexico_Pacific
"
{
ld
{
"
k
k
Oj
m
m
P
s
f
k
M
s
k
"
}
lg
{
"
k
k
P
s
f
k
M
k
"
}
ls
{
"
k
k
f
nuk
P
s
f
k
M
s
k
"
}
}
"
meta
:
Mongolia
"
{
ld
{
"
Ulaanbaatar
Summer
Time
"
}
lg
{
"
Ulaanbaatar
Time
"
}
ls
{
"
Ulaanbaatar
Standard
Time
"
}
}
"
meta
:
Moscow
"
{
ld
{
"
Moscow
Summer
Time
"
}
lg
{
"
Moscow
Time
"
}
ls
{
"
Moscow
Standard
Time
"
}
}
"
meta
:
Myanmar
"
{
ls
{
"
Myanmar
Time
"
}
}
"
meta
:
Nauru
"
{
ls
{
"
Nauru
Time
"
}
}
"
meta
:
Nepal
"
{
ls
{
"
Nepal
Time
"
}
}
"
meta
:
New_Caledonia
"
{
ld
{
"
New
Caledonia
Summer
Time
"
}
lg
{
"
New
Caledonia
Time
"
}
ls
{
"
New
Caledonia
Standard
Time
"
}
}
"
meta
:
New_Zealand
"
{
ld
{
"
New
Zealand
Daylight
Time
"
}
lg
{
"
New
Zealand
Time
"
}
ls
{
"
New
Zealand
Standard
Time
"
}
}
"
meta
:
Newfoundland
"
{
ld
{
"
k
k
Oj
m
m
Newfoundland
"
}
lg
{
"
k
k
Newfoundland
"
}
ls
{
"
k
k
f
nuk
Newfoundland
"
}
}
"
meta
:
Niue
"
{
ls
{
"
Niue
Time
"
}
}
"
meta
:
Norfolk
"
{
ld
{
"
Norfolk
Island
Daylight
Time
"
}
lg
{
"
Norfolk
Island
Time
"
}
ls
{
"
Norfolk
Island
Standard
Time
"
}
}
"
meta
:
Noronha
"
{
ld
{
"
Aago
Soma
Fernando
de
Noronha
"
}
lg
{
"
Aago
Fenando
de
Norona
"
}
ls
{
"
Aago
s
k
Fenando
de
Norona
"
}
}
"
meta
:
Novosibirsk
"
{
ld
{
"
Novosibirsk
Summer
Time
"
}
lg
{
"
Novosibirsk
Time
"
}
ls
{
"
Novosibirsk
Standard
Time
"
}
}
"
meta
:
Omsk
"
{
ld
{
"
Omsk
Summer
Time
"
}
lg
{
"
Omsk
Time
"
}
ls
{
"
Omsk
Standard
Time
"
}
}
"
meta
:
Pakistan
"
{
ld
{
"
Pakistan
Summer
Time
"
}
lg
{
"
Pakistan
Time
"
}
ls
{
"
Pakistan
Standard
Time
"
}
}
"
meta
:
Palau
"
{
ls
{
"
Palau
Time
"
}
}
"
meta
:
Papua_New_Guinea
"
{
ls
{
"
Papua
New
Guinea
Time
"
}
}
"
meta
:
Paraguay
"
{
ld
{
"
k
k
Ooru
P
r
g
w
"
}
lg
{
"
k
k
P
r
g
w
"
}
ls
{
"
k
k
f
nuk
P
r
g
w
"
}
}
"
meta
:
Peru
"
{
ld
{
"
k
k
Ooru
P
r
"
}
lg
{
"
k
k
P
r
"
}
ls
{
"
k
k
f
nuk
P
r
"
}
}
"
meta
:
Philippines
"
{
ld
{
"
Philippine
Summer
Time
"
}
lg
{
"
Philippine
Time
"
}
ls
{
"
Philippine
Standard
Time
"
}
}
"
meta
:
Phoenix_Islands
"
{
ls
{
"
Phoenix
Islands
Time
"
}
}
"
meta
:
Pierre_Miquelon
"
{
ld
{
"
k
k
Oj
m
m
Pierre
&
Miquelon
"
}
lg
{
"
k
k
Pierre
&
Miquelon
"
}
ls
{
"
k
k
f
nuk
Pierre
&
Miquelon
"
}
}
"
meta
:
Pitcairn
"
{
ls
{
"
Pitcairn
Time
"
}
}
"
meta
:
Ponape
"
{
ls
{
"
Ponape
Time
"
}
}
"
meta
:
Pyongyang
"
{
ls
{
"
Pyongyang
Time
"
}
}
"
meta
:
Reunion
"
{
ls
{
"
k
k
R
y
n
n
"
}
}
"
meta
:
Rothera
"
{
ls
{
"
Rothera
Time
"
}
}
"
meta
:
Sakhalin
"
{
ld
{
"
Sakhalin
Summer
Time
"
}
lg
{
"
Sakhalin
Time
"
}
ls
{
"
Sakhalin
Standard
Time
"
}
}
"
meta
:
Samoa
"
{
ld
{
"
Samoa
Daylight
Time
"
}
lg
{
"
Samoa
Time
"
}
ls
{
"
Samoa
Standard
Time
"
}
}
"
meta
:
Seychelles
"
{
ls
{
"
k
k
S
l
"
}
}
"
meta
:
Singapore
"
{
ls
{
"
Singapore
Standard
Time
"
}
}
"
meta
:
Solomon
"
{
ls
{
"
Solomon
Islands
Time
"
}
}
"
meta
:
South_Georgia
"
{
ls
{
"
k
k
G
s
J
j
"
}
}
"
meta
:
Suriname
"
{
ls
{
"
k
k
S
r
n
m
"
}
}
"
meta
:
Syowa
"
{
ls
{
"
Syowa
Time
"
}
}
"
meta
:
Tahiti
"
{
ls
{
"
Tahiti
Time
"
}
}
"
meta
:
Taipei
"
{
ld
{
"
Taipei
Daylight
Time
"
}
lg
{
"
Taipei
Time
"
}
ls
{
"
Taipei
Standard
Time
"
}
}
"
meta
:
Tajikistan
"
{
ls
{
"
Tajikistan
Time
"
}
}
"
meta
:
Tokelau
"
{
ls
{
"
Tokelau
Time
"
}
}
"
meta
:
Tonga
"
{
ld
{
"
Tonga
Summer
Time
"
}
lg
{
"
Tonga
Time
"
}
ls
{
"
Tonga
Standard
Time
"
}
}
"
meta
:
Truk
"
{
ls
{
"
Chuuk
Time
"
}
}
"
meta
:
Turkmenistan
"
{
ld
{
"
Turkmenistan
Summer
Time
"
}
lg
{
"
Turkmenistan
Time
"
}
ls
{
"
Turkmenistan
Standard
Time
"
}
}
"
meta
:
Tuvalu
"
{
ls
{
"
Tuvalu
Time
"
}
}
"
meta
:
Uruguay
"
{
ld
{
"
Aago
Soma
Uruguay
"
}
lg
{
"
Aago
Uruguay
"
}
ls
{
"
k
k
f
nuk
r
g
w
"
}
}
"
meta
:
Uzbekistan
"
{
ld
{
"
Uzbekistan
Summer
Time
"
}
lg
{
"
Uzbekistan
Time
"
}
ls
{
"
Uzbekistan
Standard
Time
"
}
}
"
meta
:
Vanuatu
"
{
ld
{
"
Vanuatu
Summer
Time
"
}
lg
{
"
Vanuatu
Time
"
}
ls
{
"
Vanuatu
Standard
Time
"
}
}
"
meta
:
Venezuela
"
{
ls
{
"
Aago
Venezuela
"
}
}
"
meta
:
Vladivostok
"
{
ld
{
"
Vladivostok
Summer
Time
"
}
lg
{
"
Vladivostok
Time
"
}
ls
{
"
Vladivostok
Standard
Time
"
}
}
"
meta
:
Volgograd
"
{
ld
{
"
Volgograd
Summer
Time
"
}
lg
{
"
Volgograd
Time
"
}
ls
{
"
Volgograd
Standard
Time
"
}
}
"
meta
:
Vostok
"
{
ls
{
"
Vostok
Time
"
}
}
"
meta
:
Wake
"
{
ls
{
"
Wake
Island
Time
"
}
}
"
meta
:
Wallis
"
{
ls
{
"
Wallis
&
Futuna
Time
"
}
}
"
meta
:
Yakutsk
"
{
ld
{
"
Yakutsk
Summer
Time
"
}
lg
{
"
Yakutsk
Time
"
}
ls
{
"
Yakutsk
Standard
Time
"
}
}
"
meta
:
Yekaterinburg
"
{
ld
{
"
Yekaterinburg
Summer
Time
"
}
lg
{
"
Yekaterinburg
Time
"
}
ls
{
"
Yekaterinburg
Standard
Time
"
}
}
"
meta
:
Yukon
"
{
ls
{
"
k
k
Y
k
n
"
}
}
fallbackFormat
{
"
{
1
}
(
{
0
}
)
"
}
gmtFormat
{
"
WAT
{
0
}
"
}
gmtZeroFormat
{
"
WAT
"
}
hourFormat
{
"
+
HH
:
mm
;
-
HH
:
mm
"
}
regionFormat
{
"
gb
{
0
}
"
}
regionFormatDaylight
{
"
{
0
}
k
k
oj
m
m
"
}
regionFormatStandard
{
"
{
0
}
l
n
k
k
"
}
}
}
