/
/
2016
and
later
:
Unicode
Inc
.
and
others
.
/
/
License
&
terms
of
use
:
http
:
/
/
www
.
unicode
.
org
/
copyright
.
html
/
/
Generated
using
tools
/
cldr
/
cldr
-
to
-
icu
/
fr_CA
{
Countries
{
030
{
"
Asie
orientale
"
}
039
{
"
Europe
m
ridionale
"
}
145
{
"
Asie
occidentale
"
}
151
{
"
Europe
orientale
"
}
154
{
"
Europe
septentrionale
"
}
155
{
"
Europe
occidentale
"
}
AC
{
"
le
de
l
Ascension
"
}
AX
{
"
les
d
land
"
}
BN
{
"
Brun
i
"
}
BV
{
"
le
Bouvet
"
}
BY
{
"
B
larus
"
}
BZ
{
"
B
lize
"
}
CC
{
"
les
Cocos
(
Keeling
)
"
}
CK
{
"
les
Cook
"
}
CP
{
"
le
Clipperton
"
}
CX
{
"
le
Christmas
"
}
FK
{
"
les
Malouines
"
}
FO
{
"
les
F
ro
"
}
HM
{
"
les
Heard
et
McDonald
"
}
IC
{
"
les
Canaries
"
}
IM
{
"
le
de
Man
"
}
KG
{
"
Kirghizistan
"
}
KN
{
"
Saint
Kitts
et
Nevis
"
}
LR
{
"
Lib
ria
"
}
MF
{
"
Saint
-
Martin
(
France
)
"
}
MM
{
"
Myanmar
"
}
MP
{
"
Mariannes
du
Nord
"
}
NF
{
"
le
Norfolk
"
}
NG
{
"
Nig
ria
"
}
PN
{
"
les
Pitcairn
"
}
QO
{
"
Oc
anie
lointaine
"
}
RE
{
"
la
R
union
"
}
SX
{
"
Saint
-
Martin
(
Pays
-
Bas
)
"
}
TL
{
"
Timor
-
Leste
"
}
UM
{
"
les
mineures
loign
es
des
tats
-
Unis
"
}
VA
{
"
Cit
du
Vatican
"
}
VE
{
"
V
n
zu
la
"
}
VG
{
"
les
Vierges
britanniques
"
}
VI
{
"
les
Vierges
am
ricaines
"
}
VN
{
"
Vietnam
"
}
}
Countries
%
biot
{
IO
{
"
territoire
britannique
de
l
oc
an
Indien
"
}
}
Countries
%
chagos
{
IO
{
"
archipel
Chagos
"
}
}
Countries
%
variant
{
FK
{
"
les
Falkland
(
Malouines
)
"
}
TL
{
"
Timor
oriental
"
}
}
}
